graph_id,grid_size,obstacle_density,weighted,initialization,seed,generation,best_fitness,mean_fitness
g15_d15_unit_7000,15,0.15,False,random,11,1,1346.5,1565.7833333333333
g15_d15_unit_7000,15,0.15,False,random,11,2,1304.75,1517.6083333333333
g15_d15_unit_7000,15,0.15,False,random,11,3,1200.0,1445.8583333333333
g15_d15_unit_7000,15,0.15,False,random,11,4,1200.0,1399.1583333333333
g15_d15_unit_7000,15,0.15,False,random,11,5,1182.25,1369.4666666666667
g15_d15_unit_7000,15,0.15,False,random,11,6,124.8,1292.1433333333334
g15_d15_unit_7000,15,0.15,False,random,11,7,124.8,1260.8016666666667
g15_d15_unit_7000,15,0.15,False,random,11,8,105.0,1174.4399999999998
g15_d15_unit_7000,15,0.15,False,random,11,9,104.85,1046.9466666666667
g15_d15_unit_7000,15,0.15,False,random,11,10,99.15,988.6166666666667
g15_d15_unit_7000,15,0.15,False,random,11,11,99.15,931.1716666666667
g15_d15_unit_7000,15,0.15,False,random,11,12,85.2,900.035
g15_d15_unit_7000,15,0.15,False,random,11,13,85.2,1074.6416666666667
g15_d15_unit_7000,15,0.15,False,random,11,14,85.2,940.0400000000001
g15_d15_unit_7000,15,0.15,False,random,11,15,83.1,985.015
g15_d15_unit_7000,15,0.15,False,random,11,16,83.1,994.3566666666667
g15_d15_unit_7000,15,0.15,False,random,11,17,74.7,782.3966666666668
g15_d15_unit_7000,15,0.15,False,random,11,18,74.55,685.5933333333334
g15_d15_unit_7000,15,0.15,False,random,11,19,74.55,677.5949999999999
g15_d15_unit_7000,15,0.15,False,random,11,20,74.4,701.5366666666666
g15_d15_unit_7000,15,0.15,False,random,11,21,74.4,625.5266666666666
g15_d15_unit_7000,15,0.15,False,random,11,22,74.4,833.8183333333333
g15_d15_unit_7000,15,0.15,False,random,11,23,74.4,896.815
g15_d15_unit_7000,15,0.15,False,random,11,24,74.4,843.3066666666667
g15_d15_unit_7000,15,0.15,False,random,11,25,73.95,583.4833333333333
g15_d15_unit_7000,15,0.15,False,random,11,26,73.05,641.38
g15_d15_unit_7000,15,0.15,False,random,11,27,72.15,843.4716666666667
g15_d15_unit_7000,15,0.15,False,random,11,28,72.15,643.1083333333333
g15_d15_unit_7000,15,0.15,False,random,11,29,72.15,646.4599999999999
g15_d15_unit_7000,15,0.15,False,random,11,30,72.15,800.535
g15_d15_unit_7000,15,0.15,False,random,11,31,72.15,952.075
g15_d15_unit_7000,15,0.15,False,random,11,32,72.15,774.6949999999999
g15_d15_unit_7000,15,0.15,False,random,11,33,71.4,753.0699999999999
g15_d15_unit_7000,15,0.15,False,random,11,34,71.4,744.7483333333333
g15_d15_unit_7000,15,0.15,False,random,11,35,71.4,559.2
g15_d15_unit_7000,15,0.15,False,random,11,36,71.4,797.8433333333334
g15_d15_unit_7000,15,0.15,False,random,11,37,71.4,798.4383333333334
g15_d15_unit_7000,15,0.15,False,random,11,38,71.4,912.4050000000001
g15_d15_unit_7000,15,0.15,False,random,11,39,71.4,725.2383333333333
g15_d15_unit_7000,15,0.15,False,random,11,40,71.4,720.7983333333334
g15_d15_unit_7000,15,0.15,False,random,11,41,65.85,687.4699999999999
g15_d15_unit_7000,15,0.15,False,random,11,42,65.85,668.3916666666667
g15_d15_unit_7000,15,0.15,False,random,11,43,61.05,572.465
g15_d15_unit_7000,15,0.15,False,random,11,44,61.05,705.4483333333334
g15_d15_unit_7000,15,0.15,False,random,11,45,60.3,613.075
g15_d15_unit_7000,15,0.15,False,random,11,46,60.3,628.965
g15_d15_unit_7000,15,0.15,False,random,11,47,60.3,429.93833333333333
g15_d15_unit_7000,15,0.15,False,random,11,48,60.3,543.3583333333333
g15_d15_unit_7000,15,0.15,False,random,11,49,57.45,546.1366666666667
g15_d15_unit_7000,15,0.15,False,random,11,50,57.45,518.725
g15_d15_unit_7000,15,0.15,False,random,22,1,1408.0,1561.6333333333334
g15_d15_unit_7000,15,0.15,False,random,22,2,1389.0,1517.9083333333333
g15_d15_unit_7000,15,0.15,False,random,22,3,1263.0,1479.9
g15_d15_unit_7000,15,0.15,False,random,22,4,1263.0,1449.6666666666667
g15_d15_unit_7000,15,0.15,False,random,22,5,1263.0,1403.075
g15_d15_unit_7000,15,0.15,False,random,22,6,1246.5,1418.475
g15_d15_unit_7000,15,0.15,False,random,22,7,1198.5,1390.8666666666666
g15_d15_unit_7000,15,0.15,False,random,22,8,1179.5,1354.5916666666667
g15_d15_unit_7000,15,0.15,False,random,22,9,109.65,1264.555
g15_d15_unit_7000,15,0.15,False,random,22,10,109.65,1232.8583333333333
g15_d15_unit_7000,15,0.15,False,random,22,11,109.65,1209.5166666666667
g15_d15_unit_7000,15,0.15,False,random,22,12,109.65,1099.8833333333334
g15_d15_unit_7000,15,0.15,False,random,22,13,76.8,1092.5183333333334
g15_d15_unit_7000,15,0.15,False,random,22,14,76.35,888.7533333333333
g15_d15_unit_7000,15,0.15,False,random,22,15,76.35,894.8383333333334
g15_d15_unit_7000,15,0.15,False,random,22,16,76.35,960.0316666666666
g15_d15_unit_7000,15,0.15,False,random,22,17,76.35,799.4183333333333
g15_d15_unit_7000,15,0.15,False,random,22,18,76.35,867.1216666666667
g15_d15_unit_7000,15,0.15,False,random,22,19,76.2,968.05
g15_d15_unit_7000,15,0.15,False,random,22,20,76.2,1015.7566666666667
g15_d15_unit_7000,15,0.15,False,random,22,21,76.2,832.7716666666668
g15_d15_unit_7000,15,0.15,False,random,22,22,76.2,943.265
g15_d15_unit_7000,15,0.15,False,random,22,23,66.3,940.675
g15_d15_unit_7000,15,0.15,False,random,22,24,66.3,809.3199999999999
g15_d15_unit_7000,15,0.15,False,random,22,25,66.3,793.8016666666666
g15_d15_unit_7000,15,0.15,False,random,22,26,66.3,735.58
g15_d15_unit_7000,15,0.15,False,random,22,27,66.3,813.455
g15_d15_unit_7000,15,0.15,False,random,22,28,66.15,691.215
g15_d15_unit_7000,15,0.15,False,random,22,29,66.15,718.275
g15_d15_unit_7000,15,0.15,False,random,22,30,61.95,896.1716666666667
g15_d15_unit_7000,15,0.15,False,random,22,31,61.95,745.0849999999999
g15_d15_unit_7000,15,0.15,False,random,22,32,61.95,649.7566666666667
g15_d15_unit_7000,15,0.15,False,random,22,33,61.95,467.01666666666665
g15_d15_unit_7000,15,0.15,False,random,22,34,60.6,710.5233333333333
g15_d15_unit_7000,15,0.15,False,random,22,35,60.6,499.37666666666667
g15_d15_unit_7000,15,0.15,False,random,22,36,60.6,348.02000000000004
g15_d15_unit_7000,15,0.15,False,random,22,37,59.85,431.835
g15_d15_unit_7000,15,0.15,False,random,22,38,59.85,740.815
g15_d15_unit_7000,15,0.15,False,random,22,39,59.85,607.1583333333333
g15_d15_unit_7000,15,0.15,False,random,22,40,59.85,632.3116666666666
g15_d15_unit_7000,15,0.15,False,random,22,41,59.85,621.5966666666667
g15_d15_unit_7000,15,0.15,False,random,22,42,59.85,457.53333333333336
g15_d15_unit_7000,15,0.15,False,random,22,43,59.85,513.93
g15_d15_unit_7000,15,0.15,False,random,22,44,59.25,702.91
g15_d15_unit_7000,15,0.15,False,random,22,45,59.25,915.525
g15_d15_unit_7000,15,0.15,False,random,22,46,59.25,919.73
g15_d15_unit_7000,15,0.15,False,random,22,47,59.25,719.2266666666667
g15_d15_unit_7000,15,0.15,False,random,22,48,59.25,821.6916666666667
g15_d15_unit_7000,15,0.15,False,random,22,49,59.1,469.50333333333333
g15_d15_unit_7000,15,0.15,False,random,22,50,59.1,551.8
g15_d15_unit_7000,15,0.15,False,random,33,1,1346.5,1544.525
g15_d15_unit_7000,15,0.15,False,random,33,2,1282.75,1494.0
g15_d15_unit_7000,15,0.15,False,random,33,3,1240.5,1439.3916666666667
g15_d15_unit_7000,15,0.15,False,random,33,4,121.05,1296.5016666666668
g15_d15_unit_7000,15,0.15,False,random,33,5,121.05,1180.5933333333335
g15_d15_unit_7000,15,0.15,False,random,33,6,106.8,1048.47
g15_d15_unit_7000,15,0.15,False,random,33,7,106.8,1039.3083333333334
g15_d15_unit_7000,15,0.15,False,random,33,8,106.8,983.11
g15_d15_unit_7000,15,0.15,False,random,33,9,106.8,943.045
g15_d15_unit_7000,15,0.15,False,random,33,10,106.8,974.6066666666667
g15_d15_unit_7000,15,0.15,False,random,33,11,106.8,1054.1283333333333
g15_d15_unit_7000,15,0.15,False,random,33,12,106.65,1036.385
g15_d15_unit_7000,15,0.15,False,random,33,13,80.55,792.12
g15_d15_unit_7000,15,0.15,False,random,33,14,80.55,768.2433333333333
g15_d15_unit_7000,15,0.15,False,random,33,15,80.55,719.5766666666666
g15_d15_unit_7000,15,0.15,False,random,33,16,80.55,879.9733333333334
g15_d15_unit_7000,15,0.15,False,random,33,17,80.55,734.3449999999999
g15_d15_unit_7000,15,0.15,False,random,33,18,80.55,739.3733333333333
g15_d15_unit_7000,15,0.15,False,random,33,19,80.55,769.0833333333334
g15_d15_unit_7000,15,0.15,False,random,33,20,80.55,691.965
g15_d15_unit_7000,15,0.15,False,random,33,21,80.55,870.765
g15_d15_unit_7000,15,0.15,False,random,33,22,80.55,857.8033333333333
g15_d15_unit_7000,15,0.15,False,random,33,23,80.55,701.0300000000001
g15_d15_unit_7000,15,0.15,False,random,33,24,78.6,656.2266666666667
g15_d15_unit_7000,15,0.15,False,random,33,25,78.6,589.65
g15_d15_unit_7000,15,0.15,False,random,33,26,78.6,844.6800000000001
g15_d15_unit_7000,15,0.15,False,random,33,27,78.6,744.3766666666667
g15_d15_unit_7000,15,0.15,False,random,33,28,78.6,713.8433333333334
g15_d15_unit_7000,15,0.15,False,random,33,29,74.1,824.8833333333333
g15_d15_unit_7000,15,0.15,False,random,33,30,74.1,711.785
g15_d15_unit_7000,15,0.15,False,random,33,31,74.1,764.8050000000001
g15_d15_unit_7000,15,0.15,False,random,33,32,73.65,705.4150000000001
g15_d15_unit_7000,15,0.15,False,random,33,33,73.65,483.3183333333333
g15_d15_unit_7000,15,0.15,False,random,33,34,73.65,648.42
g15_d15_unit_7000,15,0.15,False,random,33,35,69.0,503.755
g15_d15_unit_7000,15,0.15,False,random,33,36,69.0,529.205
g15_d15_unit_7000,15,0.15,False,random,33,37,69.0,700.7383333333333
g15_d15_unit_7000,15,0.15,False,random,33,38,66.15,544.355
g15_d15_unit_7000,15,0.15,False,random,33,39,66.15,555.5283333333333
g15_d15_unit_7000,15,0.15,False,random,33,40,66.15,511.9816666666667
g15_d15_unit_7000,15,0.15,False,random,33,41,66.15,512.0066666666667
g15_d15_unit_7000,15,0.15,False,random,33,42,66.15,683.3016666666666
g15_d15_unit_7000,15,0.15,False,random,33,43,66.15,638.7766666666666
g15_d15_unit_7000,15,0.15,False,random,33,44,66.15,597.5016666666667
g15_d15_unit_7000,15,0.15,False,random,33,45,66.15,449.2683333333333
g15_d15_unit_7000,15,0.15,False,random,33,46,66.15,625.62
g15_d15_unit_7000,15,0.15,False,random,33,47,66.15,815.75
g15_d15_unit_7000,15,0.15,False,random,33,48,66.15,691.6633333333334
g15_d15_unit_7000,15,0.15,False,random,33,49,66.15,745.0383333333334
g15_d15_unit_7000,15,0.15,False,random,33,50,66.15,894.09
g15_d15_unit_7000,15,0.15,False,random,44,1,1299.25,1569.175
g15_d15_unit_7000,15,0.15,False,random,44,2,1236.75,1511.875
g15_d15_unit_7000,15,0.15,False,random,44,3,1219.25,1452.725
g15_d15_unit_7000,15,0.15,False,random,44,4,1179.5,1352.875
g15_d15_unit_7000,15,0.15,False,random,44,5,112.8,1234.3866666666665
g15_d15_unit_7000,15,0.15,False,random,44,6,112.8,1215.2283333333332
g15_d15_unit_7000,15,0.15,False,random,44,7,112.8,1162.0516666666667
g15_d15_unit_7000,15,0.15,False,random,44,8,112.8,1010.86
g15_d15_unit_7000,15,0.15,False,random,44,9,110.55,1042.935
g15_d15_unit_7000,15,0.15,False,random,44,10,110.55,896.8050000000001
g15_d15_unit_7000,15,0.15,False,random,44,11,110.55,1049.87
g15_d15_unit_7000,15,0.15,False,random,44,12,109.95,1029.2583333333334
g15_d15_unit_7000,15,0.15,False,random,44,13,109.95,1079.8316666666667
g15_d15_unit_7000,15,0.15,False,random,44,14,109.05,940.5183333333333
g15_d15_unit_7000,15,0.15,False,random,44,15,90.15,865.4
g15_d15_unit_7000,15,0.15,False,random,44,16,90.15,871.9916666666667
g15_d15_unit_7000,15,0.15,False,random,44,17,90.15,820.9033333333333
g15_d15_unit_7000,15,0.15,False,random,44,18,90.15,662.7099999999999
g15_d15_unit_7000,15,0.15,False,random,44,19,90.15,770.0733333333334
g15_d15_unit_7000,15,0.15,False,random,44,20,90.15,628.0949999999999
g15_d15_unit_7000,15,0.15,False,random,44,21,82.05,556.4016666666666
g15_d15_unit_7000,15,0.15,False,random,44,22,82.05,503.60999999999996
g15_d15_unit_7000,15,0.15,False,random,44,23,82.05,618.2716666666668
g15_d15_unit_7000,15,0.15,False,random,44,24,82.05,532.5
g15_d15_unit_7000,15,0.15,False,random,44,25,82.05,716.1983333333334
g15_d15_unit_7000,15,0.15,False,random,44,26,82.05,579.3016666666666
g15_d15_unit_7000,15,0.15,False,random,44,27,75.0,671.9050000000001
g15_d15_unit_7000,15,0.15,False,random,44,28,75.0,681.5300000000001
g15_d15_unit_7000,15,0.15,False,random,44,29,75.0,684.8333333333334
g15_d15_unit_7000,15,0.15,False,random,44,30,75.0,548.4566666666667
g15_d15_unit_7000,15,0.15,False,random,44,31,74.1,577.4833333333333
g15_d15_unit_7000,15,0.15,False,random,44,32,66.3,544.375
g15_d15_unit_7000,15,0.15,False,random,44,33,66.3,477.37833333333333
g15_d15_unit_7000,15,0.15,False,random,44,34,66.3,617.6833333333333
g15_d15_unit_7000,15,0.15,False,random,44,35,66.3,553.8183333333333
g15_d15_unit_7000,15,0.15,False,random,44,36,66.3,355.9
g15_d15_unit_7000,15,0.15,False,random,44,37,61.95,583.985
g15_d15_unit_7000,15,0.15,False,random,44,38,60.45,564.6949999999999
g15_d15_unit_7000,15,0.15,False,random,44,39,60.45,415.90999999999997
g15_d15_unit_7000,15,0.15,False,random,44,40,59.55,550.4183333333333
g15_d15_unit_7000,15,0.15,False,random,44,41,59.55,466.5733333333334
g15_d15_unit_7000,15,0.15,False,random,44,42,59.55,496.77833333333336
g15_d15_unit_7000,15,0.15,False,random,44,43,58.95,543.36
g15_d15_unit_7000,15,0.15,False,random,44,44,58.95,396.8366666666667
g15_d15_unit_7000,15,0.15,False,random,44,45,58.2,452.6633333333333
g15_d15_unit_7000,15,0.15,False,random,44,46,58.2,563.8066666666667
g15_d15_unit_7000,15,0.15,False,random,44,47,53.85,641.8633333333333
g15_d15_unit_7000,15,0.15,False,random,44,48,53.85,347.21666666666664
g15_d15_unit_7000,15,0.15,False,random,44,49,53.85,572.8616666666666
g15_d15_unit_7000,15,0.15,False,random,44,50,53.85,500.69666666666666
g15_d15_unit_7000,15,0.15,False,random,55,1,1368.25,1547.8
g15_d15_unit_7000,15,0.15,False,random,55,2,1364.75,1489.9666666666667
g15_d15_unit_7000,15,0.15,False,random,55,3,1240.0,1427.45
g15_d15_unit_7000,15,0.15,False,random,55,4,115.5,1279.4
g15_d15_unit_7000,15,0.15,False,random,55,5,114.0,1205.6583333333333
g15_d15_unit_7000,15,0.15,False,random,55,6,100.35,1036.6283333333333
g15_d15_unit_7000,15,0.15,False,random,55,7,100.35,934.315
g15_d15_unit_7000,15,0.15,False,random,55,8,91.2,871.265
g15_d15_unit_7000,15,0.15,False,random,55,9,91.2,1035.9216666666666
g15_d15_unit_7000,15,0.15,False,random,55,10,90.6,910.3083333333333
g15_d15_unit_7000,15,0.15,False,random,55,11,90.6,900.9166666666666
g15_d15_unit_7000,15,0.15,False,random,55,12,90.6,824.8116666666666
g15_d15_unit_7000,15,0.15,False,random,55,13,90.6,1023.98
g15_d15_unit_7000,15,0.15,False,random,55,14,90.6,839.3616666666666
g15_d15_unit_7000,15,0.15,False,random,55,15,90.6,928.5300000000001
g15_d15_unit_7000,15,0.15,False,random,55,16,88.5,798.2
g15_d15_unit_7000,15,0.15,False,random,55,17,88.5,794.8133333333334
g15_d15_unit_7000,15,0.15,False,random,55,18,88.5,868.295
g15_d15_unit_7000,15,0.15,False,random,55,19,87.9,802.4266666666666
g15_d15_unit_7000,15,0.15,False,random,55,20,87.9,663.6233333333333
g15_d15_unit_7000,15,0.15,False,random,55,21,87.9,586.4150000000001
g15_d15_unit_7000,15,0.15,False,random,55,22,87.9,715.63
g15_d15_unit_7000,15,0.15,False,random,55,23,87.9,777.3199999999999
g15_d15_unit_7000,15,0.15,False,random,55,24,87.9,929.6083333333333
g15_d15_unit_7000,15,0.15,False,random,55,25,87.9,888.25
g15_d15_unit_7000,15,0.15,False,random,55,26,70.8,825.2983333333334
g15_d15_unit_7000,15,0.15,False,random,55,27,70.8,552.515
g15_d15_unit_7000,15,0.15,False,random,55,28,70.8,796.0716666666667
g15_d15_unit_7000,15,0.15,False,random,55,29,63.6,710.9166666666666
g15_d15_unit_7000,15,0.15,False,random,55,30,63.6,668.3233333333334
g15_d15_unit_7000,15,0.15,False,random,55,31,63.6,532.8466666666667
g15_d15_unit_7000,15,0.15,False,random,55,32,63.6,521.9416666666667
g15_d15_unit_7000,15,0.15,False,random,55,33,60.0,658.3633333333333
g15_d15_unit_7000,15,0.15,False,random,55,34,60.0,605.1383333333334
g15_d15_unit_7000,15,0.15,False,random,55,35,58.5,634.8
g15_d15_unit_7000,15,0.15,False,random,55,36,58.5,797.7683333333333
g15_d15_unit_7000,15,0.15,False,random,55,37,58.5,801.5633333333334
g15_d15_unit_7000,15,0.15,False,random,55,38,58.5,715.1033333333332
g15_d15_unit_7000,15,0.15,False,random,55,39,58.35,665.625
g15_d15_unit_7000,15,0.15,False,random,55,40,48.45,673.4883333333333
g15_d15_unit_7000,15,0.15,False,random,55,41,48.45,626.81
g15_d15_unit_7000,15,0.15,False,random,55,42,48.45,791.1633333333334
g15_d15_unit_7000,15,0.15,False,random,55,43,48.45,788.9083333333333
g15_d15_unit_7000,15,0.15,False,random,55,44,48.45,622.775
g15_d15_unit_7000,15,0.15,False,random,55,45,46.95,445.995
g15_d15_unit_7000,15,0.15,False,random,55,46,44.7,554.58
g15_d15_unit_7000,15,0.15,False,random,55,47,44.7,454.2816666666667
g15_d15_unit_7000,15,0.15,False,random,55,48,44.7,543.9433333333333
g15_d15_unit_7000,15,0.15,False,random,55,49,44.7,540.575
g15_d15_unit_7000,15,0.15,False,random,55,50,44.7,451.92833333333334
g15_d15_unit_7000,15,0.15,False,astar_seeded,11,1,29.4,1391.645
g15_d15_unit_7000,15,0.15,False,astar_seeded,11,2,29.4,1122.535
g15_d15_unit_7000,15,0.15,False,astar_seeded,11,3,29.4,927.38
g15_d15_unit_7000,15,0.15,False,astar_seeded,11,4,29.4,755.495
g15_d15_unit_7000,15,0.15,False,astar_seeded,11,5,29.4,718.3833333333333
g15_d15_unit_7000,15,0.15,False,astar_seeded,11,6,29.4,541.1333333333333
g15_d15_unit_7000,15,0.15,False,astar_seeded,11,7,29.4,501.15
g15_d15_unit_7000,15,0.15,False,astar_seeded,11,8,29.4,465.74
g15_d15_unit_7000,15,0.15,False,astar_seeded,11,9,29.4,600.7566666666667
g15_d15_unit_7000,15,0.15,False,astar_seeded,11,10,29.4,677.1933333333333
g15_d15_unit_7000,15,0.15,False,astar_seeded,11,11,29.4,752.1883333333334
g15_d15_unit_7000,15,0.15,False,astar_seeded,11,12,29.4,472.58
g15_d15_unit_7000,15,0.15,False,astar_seeded,11,13,29.4,530.5266666666666
g15_d15_unit_7000,15,0.15,False,astar_seeded,11,14,29.4,612.3883333333334
g15_d15_unit_7000,15,0.15,False,astar_seeded,11,15,29.4,564.34
g15_d15_unit_7000,15,0.15,False,astar_seeded,11,16,29.4,653.5183333333333
g15_d15_unit_7000,15,0.15,False,astar_seeded,11,17,29.4,636.015
g15_d15_unit_7000,15,0.15,False,astar_seeded,11,18,29.4,567.065
g15_d15_unit_7000,15,0.15,False,astar_seeded,11,19,29.4,383.5783333333333
g15_d15_unit_7000,15,0.15,False,astar_seeded,11,20,29.4,387.72833333333335
g15_d15_unit_7000,15,0.15,False,astar_seeded,11,21,29.4,599.27
g15_d15_unit_7000,15,0.15,False,astar_seeded,11,22,29.4,687.675
g15_d15_unit_7000,15,0.15,False,astar_seeded,11,23,29.4,507.30333333333334
g15_d15_unit_7000,15,0.15,False,astar_seeded,11,24,29.4,474.35833333333335
g15_d15_unit_7000,15,0.15,False,astar_seeded,11,25,29.4,310.805
g15_d15_unit_7000,15,0.15,False,astar_seeded,11,26,29.4,395.02666666666664
g15_d15_unit_7000,15,0.15,False,astar_seeded,11,27,29.4,318.42333333333335
g15_d15_unit_7000,15,0.15,False,astar_seeded,11,28,29.4,501.96500000000003
g15_d15_unit_7000,15,0.15,False,astar_seeded,11,29,29.4,443.655
g15_d15_unit_7000,15,0.15,False,astar_seeded,11,30,29.4,435.0433333333333
g15_d15_unit_7000,15,0.15,False,astar_seeded,11,31,29.4,783.455
g15_d15_unit_7000,15,0.15,False,astar_seeded,11,32,29.4,575.5216666666668
g15_d15_unit_7000,15,0.15,False,astar_seeded,11,33,29.4,534.0516666666666
g15_d15_unit_7000,15,0.15,False,astar_seeded,11,34,29.4,510.81333333333333
g15_d15_unit_7000,15,0.15,False,astar_seeded,11,35,29.4,611.2816666666666
g15_d15_unit_7000,15,0.15,False,astar_seeded,11,36,29.4,300.8
g15_d15_unit_7000,15,0.15,False,astar_seeded,11,37,29.4,524.855
g15_d15_unit_7000,15,0.15,False,astar_seeded,11,38,29.4,733.1983333333334
g15_d15_unit_7000,15,0.15,False,astar_seeded,11,39,29.4,823.8166666666667
g15_d15_unit_7000,15,0.15,False,astar_seeded,11,40,29.4,726.6550000000001
g15_d15_unit_7000,15,0.15,False,astar_seeded,11,41,29.4,605.75
g15_d15_unit_7000,15,0.15,False,astar_seeded,11,42,29.4,729.925
g15_d15_unit_7000,15,0.15,False,astar_seeded,11,43,29.4,630.3083333333333
g15_d15_unit_7000,15,0.15,False,astar_seeded,11,44,29.4,752.6866666666666
g15_d15_unit_7000,15,0.15,False,astar_seeded,11,45,29.4,387.14166666666665
g15_d15_unit_7000,15,0.15,False,astar_seeded,11,46,29.4,603.0366666666666
g15_d15_unit_7000,15,0.15,False,astar_seeded,11,47,29.4,579.215
g15_d15_unit_7000,15,0.15,False,astar_seeded,11,48,29.4,663.06
g15_d15_unit_7000,15,0.15,False,astar_seeded,11,49,29.4,355.74666666666667
g15_d15_unit_7000,15,0.15,False,astar_seeded,11,50,29.4,735.01
g15_d15_unit_7000,15,0.15,False,astar_seeded,22,1,29.4,1399.9066666666665
g15_d15_unit_7000,15,0.15,False,astar_seeded,22,2,29.4,1346.9350000000002
g15_d15_unit_7000,15,0.15,False,astar_seeded,22,3,29.4,1297.5516666666667
g15_d15_unit_7000,15,0.15,False,astar_seeded,22,4,29.4,1172.1116666666667
g15_d15_unit_7000,15,0.15,False,astar_seeded,22,5,29.4,1005.8016666666666
g15_d15_unit_7000,15,0.15,False,astar_seeded,22,6,29.4,874.9533333333333
g15_d15_unit_7000,15,0.15,False,astar_seeded,22,7,29.4,495.32666666666665
g15_d15_unit_7000,15,0.15,False,astar_seeded,22,8,29.4,763.9183333333333
g15_d15_unit_7000,15,0.15,False,astar_seeded,22,9,29.4,601.2166666666667
g15_d15_unit_7000,15,0.15,False,astar_seeded,22,10,29.4,628.8283333333333
g15_d15_unit_7000,15,0.15,False,astar_seeded,22,11,29.4,394.85166666666663
g15_d15_unit_7000,15,0.15,False,astar_seeded,22,12,29.4,710.4133333333334
g15_d15_unit_7000,15,0.15,False,astar_seeded,22,13,29.4,717.5116666666667
g15_d15_unit_7000,15,0.15,False,astar_seeded,22,14,29.4,739.4216666666667
g15_d15_unit_7000,15,0.15,False,astar_seeded,22,15,29.4,925.3016666666666
g15_d15_unit_7000,15,0.15,False,astar_seeded,22,16,29.4,752.2633333333334
g15_d15_unit_7000,15,0.15,False,astar_seeded,22,17,29.4,861.1966666666667
g15_d15_unit_7000,15,0.15,False,astar_seeded,22,18,29.4,728.955
g15_d15_unit_7000,15,0.15,False,astar_seeded,22,19,29.4,709.1483333333333
g15_d15_unit_7000,15,0.15,False,astar_seeded,22,20,29.4,725.5833333333334
g15_d15_unit_7000,15,0.15,False,astar_seeded,22,21,29.4,880.94
g15_d15_unit_7000,15,0.15,False,astar_seeded,22,22,29.4,818.1933333333333
g15_d15_unit_7000,15,0.15,False,astar_seeded,22,23,29.4,752.9366666666666
g15_d15_unit_7000,15,0.15,False,astar_seeded,22,24,29.4,880.74
g15_d15_unit_7000,15,0.15,False,astar_seeded,22,25,29.4,836.115
g15_d15_unit_7000,15,0.15,False,astar_seeded,22,26,29.4,789.5066666666667
g15_d15_unit_7000,15,0.15,False,astar_seeded,22,27,29.4,926.2033333333333
g15_d15_unit_7000,15,0.15,False,astar_seeded,22,28,29.4,784.2616666666667
g15_d15_unit_7000,15,0.15,False,astar_seeded,22,29,29.4,855.5616666666666
g15_d15_unit_7000,15,0.15,False,astar_seeded,22,30,29.4,791.9383333333334
g15_d15_unit_7000,15,0.15,False,astar_seeded,22,31,29.4,738.89
g15_d15_unit_7000,15,0.15,False,astar_seeded,22,32,29.4,925.965
g15_d15_unit_7000,15,0.15,False,astar_seeded,22,33,29.4,772.6016666666667
g15_d15_unit_7000,15,0.15,False,astar_seeded,22,34,29.4,955.4416666666667
g15_d15_unit_7000,15,0.15,False,astar_seeded,22,35,29.4,860.9516666666666
g15_d15_unit_7000,15,0.15,False,astar_seeded,22,36,29.4,885.995
g15_d15_unit_7000,15,0.15,False,astar_seeded,22,37,29.4,740.0300000000001
g15_d15_unit_7000,15,0.15,False,astar_seeded,22,38,29.4,636.5933333333334
g15_d15_unit_7000,15,0.15,False,astar_seeded,22,39,29.4,577.7183333333334
g15_d15_unit_7000,15,0.15,False,astar_seeded,22,40,29.4,724.33
g15_d15_unit_7000,15,0.15,False,astar_seeded,22,41,29.4,871.2616666666667
g15_d15_unit_7000,15,0.15,False,astar_seeded,22,42,29.4,646.01
g15_d15_unit_7000,15,0.15,False,astar_seeded,22,43,29.4,713.7633333333334
g15_d15_unit_7000,15,0.15,False,astar_seeded,22,44,29.4,792.6650000000001
g15_d15_unit_7000,15,0.15,False,astar_seeded,22,45,29.4,964.56
g15_d15_unit_7000,15,0.15,False,astar_seeded,22,46,29.4,1069.6466666666668
g15_d15_unit_7000,15,0.15,False,astar_seeded,22,47,29.4,867.495
g15_d15_unit_7000,15,0.15,False,astar_seeded,22,48,29.4,786.86
g15_d15_unit_7000,15,0.15,False,astar_seeded,22,49,29.4,746.9066666666666
g15_d15_unit_7000,15,0.15,False,astar_seeded,22,50,29.4,707.2033333333333
g15_d15_unit_7000,15,0.15,False,astar_seeded,33,1,29.4,1415.91
g15_d15_unit_7000,15,0.15,False,astar_seeded,33,2,29.4,1161.7116666666666
g15_d15_unit_7000,15,0.15,False,astar_seeded,33,3,29.4,1050.7066666666667
g15_d15_unit_7000,15,0.15,False,astar_seeded,33,4,29.4,916.935
g15_d15_unit_7000,15,0.15,False,astar_seeded,33,5,29.4,852.7066666666667
g15_d15_unit_7000,15,0.15,False,astar_seeded,33,6,29.4,675.9266666666666
g15_d15_unit_7000,15,0.15,False,astar_seeded,33,7,29.4,687.9183333333333
g15_d15_unit_7000,15,0.15,False,astar_seeded,33,8,29.4,681.0366666666666
g15_d15_unit_7000,15,0.15,False,astar_seeded,33,9,29.4,614.275
g15_d15_unit_7000,15,0.15,False,astar_seeded,33,10,29.4,495.3883333333333
g15_d15_unit_7000,15,0.15,False,astar_seeded,33,11,29.4,591.9333333333333
g15_d15_unit_7000,15,0.15,False,astar_seeded,33,12,29.4,513.0316666666666
g15_d15_unit_7000,15,0.15,False,astar_seeded,33,13,29.4,363.185
g15_d15_unit_7000,15,0.15,False,astar_seeded,33,14,29.4,732.605
g15_d15_unit_7000,15,0.15,False,astar_seeded,33,15,29.4,682.9083333333333
g15_d15_unit_7000,15,0.15,False,astar_seeded,33,16,29.4,796.2
g15_d15_unit_7000,15,0.15,False,astar_seeded,33,17,29.4,818.5233333333333
g15_d15_unit_7000,15,0.15,False,astar_seeded,33,18,29.4,723.05
g15_d15_unit_7000,15,0.15,False,astar_seeded,33,19,29.4,726.0433333333333
g15_d15_unit_7000,15,0.15,False,astar_seeded,33,20,29.4,635.5533333333333
g15_d15_unit_7000,15,0.15,False,astar_seeded,33,21,29.4,625.6816666666667
g15_d15_unit_7000,15,0.15,False,astar_seeded,33,22,29.4,650.7016666666666
g15_d15_unit_7000,15,0.15,False,astar_seeded,33,23,29.4,705.9483333333334
g15_d15_unit_7000,15,0.15,False,astar_seeded,33,24,29.4,646.5133333333334
g15_d15_unit_7000,15,0.15,False,astar_seeded,33,25,29.4,661.2483333333333
g15_d15_unit_7000,15,0.15,False,astar_seeded,33,26,29.4,611.4433333333333
g15_d15_unit_7000,15,0.15,False,astar_seeded,33,27,29.4,791.2316666666667
g15_d15_unit_7000,15,0.15,False,astar_seeded,33,28,29.4,668.1433333333333
g15_d15_unit_7000,15,0.15,False,astar_seeded,33,29,29.4,819.0316666666666
g15_d15_unit_7000,15,0.15,False,astar_seeded,33,30,29.4,579.84
g15_d15_unit_7000,15,0.15,False,astar_seeded,33,31,29.4,767.6666666666666
g15_d15_unit_7000,15,0.15,False,astar_seeded,33,32,29.4,700.64
g15_d15_unit_7000,15,0.15,False,astar_seeded,33,33,29.4,661.0066666666667
g15_d15_unit_7000,15,0.15,False,astar_seeded,33,34,29.4,784.3716666666667
g15_d15_unit_7000,15,0.15,False,astar_seeded,33,35,29.4,702.455
g15_d15_unit_7000,15,0.15,False,astar_seeded,33,36,29.4,776.795
g15_d15_unit_7000,15,0.15,False,astar_seeded,33,37,29.4,701.7783333333333
g15_d15_unit_7000,15,0.15,False,astar_seeded,33,38,29.4,649.325
g15_d15_unit_7000,15,0.15,False,astar_seeded,33,39,29.4,550.4816666666667
g15_d15_unit_7000,15,0.15,False,astar_seeded,33,40,29.4,801.2099999999999
g15_d15_unit_7000,15,0.15,False,astar_seeded,33,41,29.4,631.37
g15_d15_unit_7000,15,0.15,False,astar_seeded,33,42,29.4,490.94
g15_d15_unit_7000,15,0.15,False,astar_seeded,33,43,29.4,711.625
g15_d15_unit_7000,15,0.15,False,astar_seeded,33,44,29.4,721.7633333333334
g15_d15_unit_7000,15,0.15,False,astar_seeded,33,45,29.4,551.9449999999999
g15_d15_unit_7000,15,0.15,False,astar_seeded,33,46,29.4,764.8033333333333
g15_d15_unit_7000,15,0.15,False,astar_seeded,33,47,29.4,645.075
g15_d15_unit_7000,15,0.15,False,astar_seeded,33,48,29.4,570.4466666666667
g15_d15_unit_7000,15,0.15,False,astar_seeded,33,49,29.4,522.655
g15_d15_unit_7000,15,0.15,False,astar_seeded,33,50,29.4,638.7266666666667
g15_d15_unit_7000,15,0.15,False,astar_seeded,44,1,29.4,1439.2933333333335
g15_d15_unit_7000,15,0.15,False,astar_seeded,44,2,29.4,1143.3816666666667
g15_d15_unit_7000,15,0.15,False,astar_seeded,44,3,29.4,1008.2083333333334
g15_d15_unit_7000,15,0.15,False,astar_seeded,44,4,29.4,858.5066666666667
g15_d15_unit_7000,15,0.15,False,astar_seeded,44,5,29.4,803.7583333333333
g15_d15_unit_7000,15,0.15,False,astar_seeded,44,6,29.4,768.3816666666667
g15_d15_unit_7000,15,0.15,False,astar_seeded,44,7,29.4,832.2883333333334
g15_d15_unit_7000,15,0.15,False,astar_seeded,44,8,29.4,719.685
g15_d15_unit_7000,15,0.15,False,astar_seeded,44,9,29.4,774.7633333333334
g15_d15_unit_7000,15,0.15,False,astar_seeded,44,10,29.4,850.5816666666667
g15_d15_unit_7000,15,0.15,False,astar_seeded,44,11,29.4,929.9166666666666
g15_d15_unit_7000,15,0.15,False,astar_seeded,44,12,29.4,1065.5816666666667
g15_d15_unit_7000,15,0.15,False,astar_seeded,44,13,29.4,816.3633333333333
g15_d15_unit_7000,15,0.15,False,astar_seeded,44,14,29.4,929.2966666666667
g15_d15_unit_7000,15,0.15,False,astar_seeded,44,15,29.4,979.1116666666666
g15_d15_unit_7000,15,0.15,False,astar_seeded,44,16,29.4,666.0983333333334
g15_d15_unit_7000,15,0.15,False,astar_seeded,44,17,29.4,697.56
g15_d15_unit_7000,15,0.15,False,astar_seeded,44,18,29.4,829.4266666666666
g15_d15_unit_7000,15,0.15,False,astar_seeded,44,19,29.4,810.3683333333333
g15_d15_unit_7000,15,0.15,False,astar_seeded,44,20,29.4,756.115
g15_d15_unit_7000,15,0.15,False,astar_seeded,44,21,29.4,641.8
g15_d15_unit_7000,15,0.15,False,astar_seeded,44,22,29.4,674.6966666666667
g15_d15_unit_7000,15,0.15,False,astar_seeded,44,23,29.4,765.5866666666666
g15_d15_unit_7000,15,0.15,False,astar_seeded,44,24,29.4,811.95
g15_d15_unit_7000,15,0.15,False,astar_seeded,44,25,29.4,827.4466666666667
g15_d15_unit_7000,15,0.15,False,astar_seeded,44,26,29.4,960.925
g15_d15_unit_7000,15,0.15,False,astar_seeded,44,27,29.4,798.01
g15_d15_unit_7000,15,0.15,False,astar_seeded,44,28,29.4,758.7933333333333
g15_d15_unit_7000,15,0.15,False,astar_seeded,44,29,29.4,839.4933333333333
g15_d15_unit_7000,15,0.15,False,astar_seeded,44,30,29.4,1009.3366666666666
g15_d15_unit_7000,15,0.15,False,astar_seeded,44,31,29.4,969.6516666666666
g15_d15_unit_7000,15,0.15,False,astar_seeded,44,32,29.4,972.1733333333334
g15_d15_unit_7000,15,0.15,False,astar_seeded,44,33,29.4,1026.99
g15_d15_unit_7000,15,0.15,False,astar_seeded,44,34,29.4,1029.5883333333334
g15_d15_unit_7000,15,0.15,False,astar_seeded,44,35,29.4,730.61
g15_d15_unit_7000,15,0.15,False,astar_seeded,44,36,29.4,708.985
g15_d15_unit_7000,15,0.15,False,astar_seeded,44,37,29.4,942.2666666666667
g15_d15_unit_7000,15,0.15,False,astar_seeded,44,38,29.4,771.2683333333333
g15_d15_unit_7000,15,0.15,False,astar_seeded,44,39,29.4,935.49
g15_d15_unit_7000,15,0.15,False,astar_seeded,44,40,29.4,991.56
g15_d15_unit_7000,15,0.15,False,astar_seeded,44,41,29.4,1077.31
g15_d15_unit_7000,15,0.15,False,astar_seeded,44,42,29.4,1021.3283333333333
g15_d15_unit_7000,15,0.15,False,astar_seeded,44,43,29.4,1087.2616666666665
g15_d15_unit_7000,15,0.15,False,astar_seeded,44,44,29.4,943.7833333333333
g15_d15_unit_7000,15,0.15,False,astar_seeded,44,45,29.4,895.6766666666666
g15_d15_unit_7000,15,0.15,False,astar_seeded,44,46,29.4,820.52
g15_d15_unit_7000,15,0.15,False,astar_seeded,44,47,29.4,572.3349999999999
g15_d15_unit_7000,15,0.15,False,astar_seeded,44,48,29.4,683.6766666666666
g15_d15_unit_7000,15,0.15,False,astar_seeded,44,49,29.4,752.9733333333334
g15_d15_unit_7000,15,0.15,False,astar_seeded,44,50,29.4,827.7466666666667
g15_d15_unit_7000,15,0.15,False,astar_seeded,55,1,29.4,1459.96
g15_d15_unit_7000,15,0.15,False,astar_seeded,55,2,29.4,1278.1333333333334
g15_d15_unit_7000,15,0.15,False,astar_seeded,55,3,29.4,1196.4333333333334
g15_d15_unit_7000,15,0.15,False,astar_seeded,55,4,29.4,1057.37
g15_d15_unit_7000,15,0.15,False,astar_seeded,55,5,29.4,1111.7216666666668
g15_d15_unit_7000,15,0.15,False,astar_seeded,55,6,29.4,933.2866666666666
g15_d15_unit_7000,15,0.15,False,astar_seeded,55,7,29.4,920.4883333333333
g15_d15_unit_7000,15,0.15,False,astar_seeded,55,8,29.4,1033.1566666666668
g15_d15_unit_7000,15,0.15,False,astar_seeded,55,9,29.4,1161.5916666666667
g15_d15_unit_7000,15,0.15,False,astar_seeded,55,10,29.4,948.935
g15_d15_unit_7000,15,0.15,False,astar_seeded,55,11,29.4,1052.8783333333333
g15_d15_unit_7000,15,0.15,False,astar_seeded,55,12,29.4,954.8166666666667
g15_d15_unit_7000,15,0.15,False,astar_seeded,55,13,29.4,809.67
g15_d15_unit_7000,15,0.15,False,astar_seeded,55,14,29.4,854.1483333333333
g15_d15_unit_7000,15,0.15,False,astar_seeded,55,15,29.4,863.8083333333333
g15_d15_unit_7000,15,0.15,False,astar_seeded,55,16,29.4,760.6333333333333
g15_d15_unit_7000,15,0.15,False,astar_seeded,55,17,29.4,643.62
g15_d15_unit_7000,15,0.15,False,astar_seeded,55,18,29.4,664.4016666666666
g15_d15_unit_7000,15,0.15,False,astar_seeded,55,19,29.4,689.2483333333333
g15_d15_unit_7000,15,0.15,False,astar_seeded,55,20,29.4,745.6666666666666
g15_d15_unit_7000,15,0.15,False,astar_seeded,55,21,29.4,717.025
g15_d15_unit_7000,15,0.15,False,astar_seeded,55,22,29.4,873.0300000000001
g15_d15_unit_7000,15,0.15,False,astar_seeded,55,23,29.4,672.7116666666666
g15_d15_unit_7000,15,0.15,False,astar_seeded,55,24,29.4,600.6766666666666
g15_d15_unit_7000,15,0.15,False,astar_seeded,55,25,29.4,982.1166666666667
g15_d15_unit_7000,15,0.15,False,astar_seeded,55,26,29.4,1099.8616666666667
g15_d15_unit_7000,15,0.15,False,astar_seeded,55,27,29.4,1086.21
g15_d15_unit_7000,15,0.15,False,astar_seeded,55,28,29.4,959.8233333333334
g15_d15_unit_7000,15,0.15,False,astar_seeded,55,29,29.4,1056.7483333333334
g15_d15_unit_7000,15,0.15,False,astar_seeded,55,30,29.4,858.4383333333334
g15_d15_unit_7000,15,0.15,False,astar_seeded,55,31,29.4,1004.4416666666667
g15_d15_unit_7000,15,0.15,False,astar_seeded,55,32,29.4,1068.665
g15_d15_unit_7000,15,0.15,False,astar_seeded,55,33,29.4,909.0833333333334
g15_d15_unit_7000,15,0.15,False,astar_seeded,55,34,29.4,798.8516666666667
g15_d15_unit_7000,15,0.15,False,astar_seeded,55,35,29.4,988.8
g15_d15_unit_7000,15,0.15,False,astar_seeded,55,36,29.4,710.9316666666667
g15_d15_unit_7000,15,0.15,False,astar_seeded,55,37,29.4,653.9883333333333
g15_d15_unit_7000,15,0.15,False,astar_seeded,55,38,29.4,840.115
g15_d15_unit_7000,15,0.15,False,astar_seeded,55,39,29.4,939.0733333333334
g15_d15_unit_7000,15,0.15,False,astar_seeded,55,40,29.4,817.39
g15_d15_unit_7000,15,0.15,False,astar_seeded,55,41,29.4,1029.085
g15_d15_unit_7000,15,0.15,False,astar_seeded,55,42,29.4,1090.4366666666667
g15_d15_unit_7000,15,0.15,False,astar_seeded,55,43,29.4,952.45
g15_d15_unit_7000,15,0.15,False,astar_seeded,55,44,29.4,747.365
g15_d15_unit_7000,15,0.15,False,astar_seeded,55,45,29.4,652.6333333333333
g15_d15_unit_7000,15,0.15,False,astar_seeded,55,46,29.4,919.3583333333333
g15_d15_unit_7000,15,0.15,False,astar_seeded,55,47,29.4,864.6683333333333
g15_d15_unit_7000,15,0.15,False,astar_seeded,55,48,29.4,971.175
g15_d15_unit_7000,15,0.15,False,astar_seeded,55,49,29.4,1132.405
g15_d15_unit_7000,15,0.15,False,astar_seeded,55,50,29.4,1009.8083333333333
g15_d15_weighted_7001,15,0.15,True,random,11,1,1509.75,1771.0083333333334
g15_d15_weighted_7001,15,0.15,True,random,11,2,1509.75,1703.4333333333334
g15_d15_weighted_7001,15,0.15,True,random,11,3,1485.75,1630.2666666666667
g15_d15_weighted_7001,15,0.15,True,random,11,4,1467.0,1621.7333333333333
g15_d15_weighted_7001,15,0.15,True,random,11,5,1462.25,1599.7916666666667
g15_d15_weighted_7001,15,0.15,True,random,11,6,1374.25,1528.85
g15_d15_weighted_7001,15,0.15,True,random,11,7,307.2,1448.4733333333331
g15_d15_weighted_7001,15,0.15,True,random,11,8,307.2,1419.165
g15_d15_weighted_7001,15,0.15,True,random,11,9,307.2,1419.115
g15_d15_weighted_7001,15,0.15,True,random,11,10,307.2,1417.8983333333333
g15_d15_weighted_7001,15,0.15,True,random,11,11,252.9,1388.6366666666665
g15_d15_weighted_7001,15,0.15,True,random,11,12,252.9,1415.645
g15_d15_weighted_7001,15,0.15,True,random,11,13,252.9,1428.07
g15_d15_weighted_7001,15,0.15,True,random,11,14,252.9,1312.4033333333332
g15_d15_weighted_7001,15,0.15,True,random,11,15,252.9,1341.8166666666666
g15_d15_weighted_7001,15,0.15,True,random,11,16,252.9,1254.8616666666667
g15_d15_weighted_7001,15,0.15,True,random,11,17,251.95,1213.54
g15_d15_weighted_7001,15,0.15,True,random,11,18,245.35,1020.025
g15_d15_weighted_7001,15,0.15,True,random,11,19,245.35,1163.7383333333335
g15_d15_weighted_7001,15,0.15,True,random,11,20,245.35,1146.2733333333333
g15_d15_weighted_7001,15,0.15,True,random,11,21,245.35,1072.8516666666667
g15_d15_weighted_7001,15,0.15,True,random,11,22,245.35,1261.0233333333333
g15_d15_weighted_7001,15,0.15,True,random,11,23,245.35,1159.8816666666667
g15_d15_weighted_7001,15,0.15,True,random,11,24,245.35,1176.2983333333332
g15_d15_weighted_7001,15,0.15,True,random,11,25,245.35,1084.9383333333333
g15_d15_weighted_7001,15,0.15,True,random,11,26,236.25,1011.2366666666666
g15_d15_weighted_7001,15,0.15,True,random,11,27,236.25,1125.7933333333335
g15_d15_weighted_7001,15,0.15,True,random,11,28,227.1,923.465
g15_d15_weighted_7001,15,0.15,True,random,11,29,224.35,976.8449999999999
g15_d15_weighted_7001,15,0.15,True,random,11,30,224.35,1114.3516666666667
g15_d15_weighted_7001,15,0.15,True,random,11,31,224.35,1064.3333333333333
g15_d15_weighted_7001,15,0.15,True,random,11,32,213.7,1009.5433333333333
g15_d15_weighted_7001,15,0.15,True,random,11,33,208.5,853.4966666666667
g15_d15_weighted_7001,15,0.15,True,random,11,34,198.75,946.465
g15_d15_weighted_7001,15,0.15,True,random,11,35,198.75,989.1966666666667
g15_d15_weighted_7001,15,0.15,True,random,11,36,198.75,1015.035
g15_d15_weighted_7001,15,0.15,True,random,11,37,197.2,892.3466666666667
g15_d15_weighted_7001,15,0.15,True,random,11,38,194.0,879.0949999999999
g15_d15_weighted_7001,15,0.15,True,random,11,39,171.2,901.6666666666666
g15_d15_weighted_7001,15,0.15,True,random,11,40,171.2,768.6833333333333
g15_d15_weighted_7001,15,0.15,True,random,11,41,164.6,615.5216666666668
g15_d15_weighted_7001,15,0.15,True,random,11,42,147.25,876.6066666666667
g15_d15_weighted_7001,15,0.15,True,random,11,43,147.25,949.55
g15_d15_weighted_7001,15,0.15,True,random,11,44,147.25,851.55
g15_d15_weighted_7001,15,0.15,True,random,11,45,147.25,788.41
g15_d15_weighted_7001,15,0.15,True,random,11,46,147.25,596.6583333333333
g15_d15_weighted_7001,15,0.15,True,random,11,47,145.0,588.75
g15_d15_weighted_7001,15,0.15,True,random,11,48,145.0,700.5366666666666
g15_d15_weighted_7001,15,0.15,True,random,11,49,144.25,842.59
g15_d15_weighted_7001,15,0.15,True,random,11,50,132.65,644.5716666666667
g15_d15_weighted_7001,15,0.15,True,random,22,1,1570.75,1763.75
g15_d15_weighted_7001,15,0.15,True,random,22,2,1505.25,1701.875
g15_d15_weighted_7001,15,0.15,True,random,22,3,1505.25,1670.675
g15_d15_weighted_7001,15,0.15,True,random,22,4,1389.25,1632.8333333333333
g15_d15_weighted_7001,15,0.15,True,random,22,5,1389.25,1586.525
g15_d15_weighted_7001,15,0.15,True,random,22,6,1378.25,1581.9166666666667
g15_d15_weighted_7001,15,0.15,True,random,22,7,1332.5,1557.2666666666667
g15_d15_weighted_7001,15,0.15,True,random,22,8,1332.5,1480.25
g15_d15_weighted_7001,15,0.15,True,random,22,9,1332.5,1464.45
g15_d15_weighted_7001,15,0.15,True,random,22,10,1332.5,1461.25
g15_d15_weighted_7001,15,0.15,True,random,22,11,1332.5,1436.3416666666667
g15_d15_weighted_7001,15,0.15,True,random,22,12,1332.5,1450.3416666666667
g15_d15_weighted_7001,15,0.15,True,random,22,13,1332.5,1450.6333333333334
g15_d15_weighted_7001,15,0.15,True,random,22,14,1322.0,1415.9666666666667
g15_d15_weighted_7001,15,0.15,True,random,22,15,1312.0,1452.325
g15_d15_weighted_7001,15,0.15,True,random,22,16,1291.5,1407.625
g15_d15_weighted_7001,15,0.15,True,random,22,17,1291.5,1413.6333333333334
g15_d15_weighted_7001,15,0.15,True,random,22,18,1278.25,1442.7416666666666
g15_d15_weighted_7001,15,0.15,True,random,22,19,1278.25,1423.8666666666666
g15_d15_weighted_7001,15,0.15,True,random,22,20,242.1,1402.3116666666667
g15_d15_weighted_7001,15,0.15,True,random,22,21,242.1,1347.1366666666665
g15_d15_weighted_7001,15,0.15,True,random,22,22,242.1,1356.8116666666667
g15_d15_weighted_7001,15,0.15,True,random,22,23,242.1,1337.9783333333332
g15_d15_weighted_7001,15,0.15,True,random,22,24,242.1,1339.4533333333334
g15_d15_weighted_7001,15,0.15,True,random,22,25,242.1,1313.5483333333332
g15_d15_weighted_7001,15,0.15,True,random,22,26,234.85,1204.5116666666665
g15_d15_weighted_7001,15,0.15,True,random,22,27,228.5,1139.285
g15_d15_weighted_7001,15,0.15,True,random,22,28,219.9,1150.785
g15_d15_weighted_7001,15,0.15,True,random,22,29,219.9,1037.3333333333333
g15_d15_weighted_7001,15,0.15,True,random,22,30,219.9,1233.1366666666665
g15_d15_weighted_7001,15,0.15,True,random,22,31,218.65,1200.4183333333335
g15_d15_weighted_7001,15,0.15,True,random,22,32,209.25,1120.23
g15_d15_weighted_7001,15,0.15,True,random,22,33,197.8,983.9
g15_d15_weighted_7001,15,0.15,True,random,22,34,197.8,1219.6233333333332
g15_d15_weighted_7001,15,0.15,True,random,22,35,197.8,1160.4733333333331
g15_d15_weighted_7001,15,0.15,True,random,22,36,197.8,1187.8533333333332
g15_d15_weighted_7001,15,0.15,True,random,22,37,192.7,1181.1433333333334
g15_d15_weighted_7001,15,0.15,True,random,22,38,192.7,1086.1616666666666
g15_d15_weighted_7001,15,0.15,True,random,22,39,192.7,1077.4
g15_d15_weighted_7001,15,0.15,True,random,22,40,192.7,1076.6233333333334
g15_d15_weighted_7001,15,0.15,True,random,22,41,192.7,964.6816666666667
g15_d15_weighted_7001,15,0.15,True,random,22,42,192.7,976.825
g15_d15_weighted_7001,15,0.15,True,random,22,43,192.7,1039.46
g15_d15_weighted_7001,15,0.15,True,random,22,44,192.7,1010.0283333333333
g15_d15_weighted_7001,15,0.15,True,random,22,45,192.7,1010.4050000000001
g15_d15_weighted_7001,15,0.15,True,random,22,46,192.7,1111.575
g15_d15_weighted_7001,15,0.15,True,random,22,47,181.7,911.1949999999999
g15_d15_weighted_7001,15,0.15,True,random,22,48,181.7,945.8083333333333
g15_d15_weighted_7001,15,0.15,True,random,22,49,179.25,980.4
g15_d15_weighted_7001,15,0.15,True,random,22,50,179.25,895.59
g15_d15_weighted_7001,15,0.15,True,random,33,1,1436.25,1729.2166666666667
g15_d15_weighted_7001,15,0.15,True,random,33,2,1410.25,1656.6166666666666
g15_d15_weighted_7001,15,0.15,True,random,33,3,236.85,1523.6533333333332
g15_d15_weighted_7001,15,0.15,True,random,33,4,236.85,1421.9566666666665
g15_d15_weighted_7001,15,0.15,True,random,33,5,236.85,1356.5883333333334
g15_d15_weighted_7001,15,0.15,True,random,33,6,236.85,1378.98
g15_d15_weighted_7001,15,0.15,True,random,33,7,226.2,1164.525
g15_d15_weighted_7001,15,0.15,True,random,33,8,213.45,1118.4883333333335
g15_d15_weighted_7001,15,0.15,True,random,33,9,213.45,1125.8183333333334
g15_d15_weighted_7001,15,0.15,True,random,33,10,213.45,1047.7966666666666
g15_d15_weighted_7001,15,0.15,True,random,33,11,213.45,982.1916666666667
g15_d15_weighted_7001,15,0.15,True,random,33,12,197.05,1116.6966666666667
g15_d15_weighted_7001,15,0.15,True,random,33,13,197.05,1082.805
g15_d15_weighted_7001,15,0.15,True,random,33,14,197.05,984.1016666666667
g15_d15_weighted_7001,15,0.15,True,random,33,15,197.05,1191.5149999999999
g15_d15_weighted_7001,15,0.15,True,random,33,16,197.05,1140.9466666666667
g15_d15_weighted_7001,15,0.15,True,random,33,17,197.05,1115.5883333333334
g15_d15_weighted_7001,15,0.15,True,random,33,18,196.45,1191.9083333333333
g15_d15_weighted_7001,15,0.15,True,random,33,19,196.45,1148.1699999999998
g15_d15_weighted_7001,15,0.15,True,random,33,20,196.45,1143.7383333333335
g15_d15_weighted_7001,15,0.15,True,random,33,21,196.45,1199.8066666666666
g15_d15_weighted_7001,15,0.15,True,random,33,22,196.45,1026.465
g15_d15_weighted_7001,15,0.15,True,random,33,23,196.45,1123.5933333333335
g15_d15_weighted_7001,15,0.15,True,random,33,24,196.45,1004.92
g15_d15_weighted_7001,15,0.15,True,random,33,25,195.35,1196.4199999999998
g15_d15_weighted_7001,15,0.15,True,random,33,26,195.35,958.5316666666666
g15_d15_weighted_7001,15,0.15,True,random,33,27,195.35,1082.3816666666667
g15_d15_weighted_7001,15,0.15,True,random,33,28,195.35,1039.8633333333335
g15_d15_weighted_7001,15,0.15,True,random,33,29,195.35,886.9666666666667
g15_d15_weighted_7001,15,0.15,True,random,33,30,195.35,836.1433333333333
g15_d15_weighted_7001,15,0.15,True,random,33,31,195.35,888.5416666666666
g15_d15_weighted_7001,15,0.15,True,random,33,32,184.85,1021.99
g15_d15_weighted_7001,15,0.15,True,random,33,33,184.85,903.5066666666667
g15_d15_weighted_7001,15,0.15,True,random,33,34,184.85,756.8483333333334
g15_d15_weighted_7001,15,0.15,True,random,33,35,184.85,723.1266666666667
g15_d15_weighted_7001,15,0.15,True,random,33,36,184.85,934.4016666666666
g15_d15_weighted_7001,15,0.15,True,random,33,37,184.85,977.1983333333334
g15_d15_weighted_7001,15,0.15,True,random,33,38,184.85,950.4666666666667
g15_d15_weighted_7001,15,0.15,True,random,33,39,184.85,803.6983333333334
g15_d15_weighted_7001,15,0.15,True,random,33,40,184.85,734.37
g15_d15_weighted_7001,15,0.15,True,random,33,41,184.85,787.2199999999999
g15_d15_weighted_7001,15,0.15,True,random,33,42,184.85,899.3416666666667
g15_d15_weighted_7001,15,0.15,True,random,33,43,184.85,842.5533333333333
g15_d15_weighted_7001,15,0.15,True,random,33,44,184.85,984.1816666666667
g15_d15_weighted_7001,15,0.15,True,random,33,45,184.85,715.36
g15_d15_weighted_7001,15,0.15,True,random,33,46,184.85,869.5916666666667
g15_d15_weighted_7001,15,0.15,True,random,33,47,183.0,769.7466666666667
g15_d15_weighted_7001,15,0.15,True,random,33,48,183.0,734.015
g15_d15_weighted_7001,15,0.15,True,random,33,49,183.0,716.1916666666667
g15_d15_weighted_7001,15,0.15,True,random,33,50,183.0,754.84
g15_d15_weighted_7001,15,0.15,True,random,44,1,1592.25,1791.4416666666666
g15_d15_weighted_7001,15,0.15,True,random,44,2,1433.0,1719.3416666666667
g15_d15_weighted_7001,15,0.15,True,random,44,3,1401.25,1615.5583333333334
g15_d15_weighted_7001,15,0.15,True,random,44,4,1390.0,1546.0166666666667
g15_d15_weighted_7001,15,0.15,True,random,44,5,1338.25,1536.2166666666667
g15_d15_weighted_7001,15,0.15,True,random,44,6,1338.25,1520.625
g15_d15_weighted_7001,15,0.15,True,random,44,7,271.0,1429.6666666666667
g15_d15_weighted_7001,15,0.15,True,random,44,8,271.0,1406.225
g15_d15_weighted_7001,15,0.15,True,random,44,9,271.0,1367.865
g15_d15_weighted_7001,15,0.15,True,random,44,10,271.0,1301.6633333333334
g15_d15_weighted_7001,15,0.15,True,random,44,11,271.0,1297.7966666666666
g15_d15_weighted_7001,15,0.15,True,random,44,12,271.0,1420.49
g15_d15_weighted_7001,15,0.15,True,random,44,13,271.0,1362.5133333333333
g15_d15_weighted_7001,15,0.15,True,random,44,14,271.0,1308.105
g15_d15_weighted_7001,15,0.15,True,random,44,15,266.25,1258.6783333333333
g15_d15_weighted_7001,15,0.15,True,random,44,16,222.45,1273.59
g15_d15_weighted_7001,15,0.15,True,random,44,17,222.45,1142.9983333333332
g15_d15_weighted_7001,15,0.15,True,random,44,18,222.45,1201.5983333333331
g15_d15_weighted_7001,15,0.15,True,random,44,19,222.45,1177.7883333333334
g15_d15_weighted_7001,15,0.15,True,random,44,20,222.45,1191.725
g15_d15_weighted_7001,15,0.15,True,random,44,21,222.45,1052.72
g15_d15_weighted_7001,15,0.15,True,random,44,22,221.65,1211.6183333333333
g15_d15_weighted_7001,15,0.15,True,random,44,23,221.65,1306.0816666666665
g15_d15_weighted_7001,15,0.15,True,random,44,24,221.65,1202.6783333333333
g15_d15_weighted_7001,15,0.15,True,random,44,25,211.95,1157.09
g15_d15_weighted_7001,15,0.15,True,random,44,26,211.95,1139.1
g15_d15_weighted_7001,15,0.15,True,random,44,27,211.95,1214.4166666666667
g15_d15_weighted_7001,15,0.15,True,random,44,28,211.95,1177.2533333333333
g15_d15_weighted_7001,15,0.15,True,random,44,29,211.95,1102.2933333333335
g15_d15_weighted_7001,15,0.15,True,random,44,30,211.95,1138.2566666666667
g15_d15_weighted_7001,15,0.15,True,random,44,31,211.95,1156.9133333333334
g15_d15_weighted_7001,15,0.15,True,random,44,32,211.95,1241.6266666666668
g15_d15_weighted_7001,15,0.15,True,random,44,33,210.2,1029.7483333333334
g15_d15_weighted_7001,15,0.15,True,random,44,34,207.6,1057.7583333333334
g15_d15_weighted_7001,15,0.15,True,random,44,35,207.6,1051.1883333333333
g15_d15_weighted_7001,15,0.15,True,random,44,36,198.7,876.01
g15_d15_weighted_7001,15,0.15,True,random,44,37,198.7,911.8233333333334
g15_d15_weighted_7001,15,0.15,True,random,44,38,198.7,942.8199999999999
g15_d15_weighted_7001,15,0.15,True,random,44,39,198.7,1076.885
g15_d15_weighted_7001,15,0.15,True,random,44,40,198.1,960.95
g15_d15_weighted_7001,15,0.15,True,random,44,41,198.1,927.88
g15_d15_weighted_7001,15,0.15,True,random,44,42,198.1,948.2783333333333
g15_d15_weighted_7001,15,0.15,True,random,44,43,198.1,1117.9833333333333
g15_d15_weighted_7001,15,0.15,True,random,44,44,198.1,858.4333333333333
g15_d15_weighted_7001,15,0.15,True,random,44,45,198.1,963.2233333333334
g15_d15_weighted_7001,15,0.15,True,random,44,46,198.1,1023.6266666666667
g15_d15_weighted_7001,15,0.15,True,random,44,47,198.1,930.8766666666667
g15_d15_weighted_7001,15,0.15,True,random,44,48,198.1,1126.5866666666666
g15_d15_weighted_7001,15,0.15,True,random,44,49,198.1,960.5033333333333
g15_d15_weighted_7001,15,0.15,True,random,44,50,198.1,731.295
g15_d15_weighted_7001,15,0.15,True,random,55,1,1455.25,1743.425
g15_d15_weighted_7001,15,0.15,True,random,55,2,1455.25,1670.0833333333333
g15_d15_weighted_7001,15,0.15,True,random,55,3,1409.0,1602.325
g15_d15_weighted_7001,15,0.15,True,random,55,4,1316.75,1557.1
g15_d15_weighted_7001,15,0.15,True,random,55,5,276.65,1454.3133333333333
g15_d15_weighted_7001,15,0.15,True,random,55,6,271.4,1332.9416666666666
g15_d15_weighted_7001,15,0.15,True,random,55,7,262.85,1164.1816666666666
g15_d15_weighted_7001,15,0.15,True,random,55,8,249.45,1075.7316666666668
g15_d15_weighted_7001,15,0.15,True,random,55,9,243.6,1051.6016666666667
g15_d15_weighted_7001,15,0.15,True,random,55,10,243.6,1054.5583333333334
g15_d15_weighted_7001,15,0.15,True,random,55,11,230.65,985.6383333333334
g15_d15_weighted_7001,15,0.15,True,random,55,12,230.65,918.965
g15_d15_weighted_7001,15,0.15,True,random,55,13,225.0,808.0783333333333
g15_d15_weighted_7001,15,0.15,True,random,55,14,225.0,1125.2566666666667
g15_d15_weighted_7001,15,0.15,True,random,55,15,225.0,1082.7783333333332
g15_d15_weighted_7001,15,0.15,True,random,55,16,193.95,1040.9733333333334
g15_d15_weighted_7001,15,0.15,True,random,55,17,193.95,1137.845
g15_d15_weighted_7001,15,0.15,True,random,55,18,193.95,1018.3333333333334
g15_d15_weighted_7001,15,0.15,True,random,55,19,193.95,1186.125
g15_d15_weighted_7001,15,0.15,True,random,55,20,193.95,1011.64
g15_d15_weighted_7001,15,0.15,True,random,55,21,193.95,1174.5733333333333
g15_d15_weighted_7001,15,0.15,True,random,55,22,193.95,1040.5233333333333
g15_d15_weighted_7001,15,0.15,True,random,55,23,193.95,1055.595
g15_d15_weighted_7001,15,0.15,True,random,55,24,186.7,1085.5316666666668
g15_d15_weighted_7001,15,0.15,True,random,55,25,186.7,980.1166666666667
g15_d15_weighted_7001,15,0.15,True,random,55,26,184.7,1153.7583333333334
g15_d15_weighted_7001,15,0.15,True,random,55,27,184.7,871.375
g15_d15_weighted_7001,15,0.15,True,random,55,28,184.7,1055.15
g15_d15_weighted_7001,15,0.15,True,random,55,29,184.7,1185.0133333333333
g15_d15_weighted_7001,15,0.15,True,random,55,30,184.7,1124.7116666666666
g15_d15_weighted_7001,15,0.15,True,random,55,31,184.7,886.0416666666666
g15_d15_weighted_7001,15,0.15,True,random,55,32,184.7,963.6116666666666
g15_d15_weighted_7001,15,0.15,True,random,55,33,184.7,1012.125
g15_d15_weighted_7001,15,0.15,True,random,55,34,182.85,1079.18
g15_d15_weighted_7001,15,0.15,True,random,55,35,177.3,1168.16
g15_d15_weighted_7001,15,0.15,True,random,55,36,177.3,1206.2433333333333
g15_d15_weighted_7001,15,0.15,True,random,55,37,177.3,1090.9
g15_d15_weighted_7001,15,0.15,True,random,55,38,177.3,1082.2283333333332
g15_d15_weighted_7001,15,0.15,True,random,55,39,177.3,1180.9183333333335
g15_d15_weighted_7001,15,0.15,True,random,55,40,171.35,1118.9266666666667
g15_d15_weighted_7001,15,0.15,True,random,55,41,170.85,1154.2183333333335
g15_d15_weighted_7001,15,0.15,True,random,55,42,170.85,1202.755
g15_d15_weighted_7001,15,0.15,True,random,55,43,170.85,1150.7866666666666
g15_d15_weighted_7001,15,0.15,True,random,55,44,170.85,1165.2649999999999
g15_d15_weighted_7001,15,0.15,True,random,55,45,170.85,1067.7666666666667
g15_d15_weighted_7001,15,0.15,True,random,55,46,170.85,1144.905
g15_d15_weighted_7001,15,0.15,True,random,55,47,170.85,993.3983333333333
g15_d15_weighted_7001,15,0.15,True,random,55,48,170.85,1030.5366666666666
g15_d15_weighted_7001,15,0.15,True,random,55,49,170.85,903.55
g15_d15_weighted_7001,15,0.15,True,random,55,50,170.85,1038.1166666666666
g15_d15_weighted_7001,15,0.15,True,astar_seeded,11,1,71.7,1682.3816666666667
g15_d15_weighted_7001,15,0.15,True,astar_seeded,11,2,71.7,1508.1966666666667
g15_d15_weighted_7001,15,0.15,True,astar_seeded,11,3,71.7,1413.82
g15_d15_weighted_7001,15,0.15,True,astar_seeded,11,4,71.7,1362.9199999999998
g15_d15_weighted_7001,15,0.15,True,astar_seeded,11,5,71.7,1200.4550000000002
g15_d15_weighted_7001,15,0.15,True,astar_seeded,11,6,71.7,1028.7050000000002
g15_d15_weighted_7001,15,0.15,True,astar_seeded,11,7,71.7,762.3983333333333
g15_d15_weighted_7001,15,0.15,True,astar_seeded,11,8,71.7,1017.2766666666666
g15_d15_weighted_7001,15,0.15,True,astar_seeded,11,9,71.7,928.24
g15_d15_weighted_7001,15,0.15,True,astar_seeded,11,10,71.7,934.2166666666667
g15_d15_weighted_7001,15,0.15,True,astar_seeded,11,11,71.7,1132.775
g15_d15_weighted_7001,15,0.15,True,astar_seeded,11,12,71.7,1161.5966666666668
g15_d15_weighted_7001,15,0.15,True,astar_seeded,11,13,71.7,1100.9633333333334
g15_d15_weighted_7001,15,0.15,True,astar_seeded,11,14,71.7,1150.3583333333333
g15_d15_weighted_7001,15,0.15,True,astar_seeded,11,15,71.7,1057.9083333333333
g15_d15_weighted_7001,15,0.15,True,astar_seeded,11,16,71.7,1132.7949999999998
g15_d15_weighted_7001,15,0.15,True,astar_seeded,11,17,71.7,1252.3266666666668
g15_d15_weighted_7001,15,0.15,True,astar_seeded,11,18,71.7,1223.73
g15_d15_weighted_7001,15,0.15,True,astar_seeded,11,19,71.7,1105.8566666666666
g15_d15_weighted_7001,15,0.15,True,astar_seeded,11,20,71.7,1315.9866666666667
g15_d15_weighted_7001,15,0.15,True,astar_seeded,11,21,71.7,1143.7866666666666
g15_d15_weighted_7001,15,0.15,True,astar_seeded,11,22,71.7,1088.865
g15_d15_weighted_7001,15,0.15,True,astar_seeded,11,23,71.7,1018.9483333333334
g15_d15_weighted_7001,15,0.15,True,astar_seeded,11,24,71.7,994.435
g15_d15_weighted_7001,15,0.15,True,astar_seeded,11,25,71.7,1045.2766666666666
g15_d15_weighted_7001,15,0.15,True,astar_seeded,11,26,71.7,966.035
g15_d15_weighted_7001,15,0.15,True,astar_seeded,11,27,71.7,707.8616666666666
g15_d15_weighted_7001,15,0.15,True,astar_seeded,11,28,71.7,923.4733333333334
g15_d15_weighted_7001,15,0.15,True,astar_seeded,11,29,71.7,943.9733333333334
g15_d15_weighted_7001,15,0.15,True,astar_seeded,11,30,71.7,840.5866666666666
g15_d15_weighted_7001,15,0.15,True,astar_seeded,11,31,71.7,1031.3933333333332
g15_d15_weighted_7001,15,0.15,True,astar_seeded,11,32,71.7,937.5733333333334
g15_d15_weighted_7001,15,0.15,True,astar_seeded,11,33,71.7,924.0516666666666
g15_d15_weighted_7001,15,0.15,True,astar_seeded,11,34,71.7,1004.205
g15_d15_weighted_7001,15,0.15,True,astar_seeded,11,35,71.7,1036.875
g15_d15_weighted_7001,15,0.15,True,astar_seeded,11,36,71.7,822.8316666666667
g15_d15_weighted_7001,15,0.15,True,astar_seeded,11,37,71.7,857.8183333333333
g15_d15_weighted_7001,15,0.15,True,astar_seeded,11,38,71.7,888.3916666666667
g15_d15_weighted_7001,15,0.15,True,astar_seeded,11,39,71.7,1116.88
g15_d15_weighted_7001,15,0.15,True,astar_seeded,11,40,71.7,1050.8783333333333
g15_d15_weighted_7001,15,0.15,True,astar_seeded,11,41,71.7,1123.2266666666667
g15_d15_weighted_7001,15,0.15,True,astar_seeded,11,42,71.7,1004.0816666666667
g15_d15_weighted_7001,15,0.15,True,astar_seeded,11,43,71.7,936.1800000000001
g15_d15_weighted_7001,15,0.15,True,astar_seeded,11,44,71.7,1051.8683333333333
g15_d15_weighted_7001,15,0.15,True,astar_seeded,11,45,71.7,832.3316666666667
g15_d15_weighted_7001,15,0.15,True,astar_seeded,11,46,71.7,1034.8216666666667
g15_d15_weighted_7001,15,0.15,True,astar_seeded,11,47,71.7,929.1633333333334
g15_d15_weighted_7001,15,0.15,True,astar_seeded,11,48,71.7,1039.96
g15_d15_weighted_7001,15,0.15,True,astar_seeded,11,49,71.7,951.38
g15_d15_weighted_7001,15,0.15,True,astar_seeded,11,50,71.7,1113.3149999999998
g15_d15_weighted_7001,15,0.15,True,astar_seeded,22,1,71.7,1640.68
g15_d15_weighted_7001,15,0.15,True,astar_seeded,22,2,71.7,1466.8533333333332
g15_d15_weighted_7001,15,0.15,True,astar_seeded,22,3,71.7,1412.8716666666667
g15_d15_weighted_7001,15,0.15,True,astar_seeded,22,4,71.7,1248.5333333333333
g15_d15_weighted_7001,15,0.15,True,astar_seeded,22,5,71.7,1200.2649999999999
g15_d15_weighted_7001,15,0.15,True,astar_seeded,22,6,71.7,1171.1883333333333
g15_d15_weighted_7001,15,0.15,True,astar_seeded,22,7,71.7,915.62
g15_d15_weighted_7001,15,0.15,True,astar_seeded,22,8,71.7,866.2316666666667
g15_d15_weighted_7001,15,0.15,True,astar_seeded,22,9,71.7,892.8983333333333
g15_d15_weighted_7001,15,0.15,True,astar_seeded,22,10,71.7,929.9683333333334
g15_d15_weighted_7001,15,0.15,True,astar_seeded,22,11,71.7,901.3449999999999
g15_d15_weighted_7001,15,0.15,True,astar_seeded,22,12,71.7,935.495
g15_d15_weighted_7001,15,0.15,True,astar_seeded,22,13,71.7,1087.7733333333333
g15_d15_weighted_7001,15,0.15,True,astar_seeded,22,14,71.7,1124.0649999999998
g15_d15_weighted_7001,15,0.15,True,astar_seeded,22,15,71.7,1221.745
g15_d15_weighted_7001,15,0.15,True,astar_seeded,22,16,71.7,1169.1733333333332
g15_d15_weighted_7001,15,0.15,True,astar_seeded,22,17,71.7,1153.0016666666668
g15_d15_weighted_7001,15,0.15,True,astar_seeded,22,18,71.7,893.85
g15_d15_weighted_7001,15,0.15,True,astar_seeded,22,19,71.7,850.6433333333333
g15_d15_weighted_7001,15,0.15,True,astar_seeded,22,20,71.7,1177.84
g15_d15_weighted_7001,15,0.15,True,astar_seeded,22,21,71.7,1052.1166666666666
g15_d15_weighted_7001,15,0.15,True,astar_seeded,22,22,71.7,882.255
g15_d15_weighted_7001,15,0.15,True,astar_seeded,22,23,71.7,931.3916666666667
g15_d15_weighted_7001,15,0.15,True,astar_seeded,22,24,71.7,929.81
g15_d15_weighted_7001,15,0.15,True,astar_seeded,22,25,71.7,1035.4166666666667
g15_d15_weighted_7001,15,0.15,True,astar_seeded,22,26,71.7,935.6033333333332
g15_d15_weighted_7001,15,0.15,True,astar_seeded,22,27,71.7,1107.1833333333334
g15_d15_weighted_7001,15,0.15,True,astar_seeded,22,28,71.7,1109.7616666666665
g15_d15_weighted_7001,15,0.15,True,astar_seeded,22,29,71.7,1304.085
g15_d15_weighted_7001,15,0.15,True,astar_seeded,22,30,71.7,1198.325
g15_d15_weighted_7001,15,0.15,True,astar_seeded,22,31,71.7,1062.915
g15_d15_weighted_7001,15,0.15,True,astar_seeded,22,32,71.7,1109.8316666666665
g15_d15_weighted_7001,15,0.15,True,astar_seeded,22,33,71.7,1143.88
g15_d15_weighted_7001,15,0.15,True,astar_seeded,22,34,71.7,1275.4199999999998
g15_d15_weighted_7001,15,0.15,True,astar_seeded,22,35,71.7,1292.0733333333333
g15_d15_weighted_7001,15,0.15,True,astar_seeded,22,36,71.7,1223.4466666666667
g15_d15_weighted_7001,15,0.15,True,astar_seeded,22,37,71.7,1151.43
g15_d15_weighted_7001,15,0.15,True,astar_seeded,22,38,71.7,1203.7883333333334
g15_d15_weighted_7001,15,0.15,True,astar_seeded,22,39,71.7,995.6316666666667
g15_d15_weighted_7001,15,0.15,True,astar_seeded,22,40,71.7,1013.4050000000001
g15_d15_weighted_7001,15,0.15,True,astar_seeded,22,41,71.7,1081.99
g15_d15_weighted_7001,15,0.15,True,astar_seeded,22,42,71.7,1030.755
g15_d15_weighted_7001,15,0.15,True,astar_seeded,22,43,71.7,1100.3
g15_d15_weighted_7001,15,0.15,True,astar_seeded,22,44,71.7,1197.1966666666667
g15_d15_weighted_7001,15,0.15,True,astar_seeded,22,45,71.7,1253.0116666666665
g15_d15_weighted_7001,15,0.15,True,astar_seeded,22,46,71.7,1271.1766666666667
g15_d15_weighted_7001,15,0.15,True,astar_seeded,22,47,71.7,1235.26
g15_d15_weighted_7001,15,0.15,True,astar_seeded,22,48,71.7,1154.3933333333334
g15_d15_weighted_7001,15,0.15,True,astar_seeded,22,49,71.7,1014.5383333333334
g15_d15_weighted_7001,15,0.15,True,astar_seeded,22,50,71.7,1057.5800000000002
g15_d15_weighted_7001,15,0.15,True,astar_seeded,33,1,71.7,1601.0716666666667
g15_d15_weighted_7001,15,0.15,True,astar_seeded,33,2,71.7,1472.4766666666667
g15_d15_weighted_7001,15,0.15,True,astar_seeded,33,3,71.7,1397.5016666666668
g15_d15_weighted_7001,15,0.15,True,astar_seeded,33,4,71.7,1291.3533333333332
g15_d15_weighted_7001,15,0.15,True,astar_seeded,33,5,71.7,997.2366666666666
g15_d15_weighted_7001,15,0.15,True,astar_seeded,33,6,71.7,939.4916666666667
g15_d15_weighted_7001,15,0.15,True,astar_seeded,33,7,71.7,1061.0166666666667
g15_d15_weighted_7001,15,0.15,True,astar_seeded,33,8,71.7,1034.9383333333333
g15_d15_weighted_7001,15,0.15,True,astar_seeded,33,9,71.7,947.395
g15_d15_weighted_7001,15,0.15,True,astar_seeded,33,10,71.7,688.9466666666667
g15_d15_weighted_7001,15,0.15,True,astar_seeded,33,11,71.7,885.4050000000001
g15_d15_weighted_7001,15,0.15,True,astar_seeded,33,12,71.7,1048.6216666666667
g15_d15_weighted_7001,15,0.15,True,astar_seeded,33,13,71.7,933.8983333333333
g15_d15_weighted_7001,15,0.15,True,astar_seeded,33,14,71.7,815.6
g15_d15_weighted_7001,15,0.15,True,astar_seeded,33,15,71.7,880.6233333333333
g15_d15_weighted_7001,15,0.15,True,astar_seeded,33,16,71.7,1011.7983333333334
g15_d15_weighted_7001,15,0.15,True,astar_seeded,33,17,71.7,796.735
g15_d15_weighted_7001,15,0.15,True,astar_seeded,33,18,71.7,772.9416666666667
g15_d15_weighted_7001,15,0.15,True,astar_seeded,33,19,71.7,737.5933333333334
g15_d15_weighted_7001,15,0.15,True,astar_seeded,33,20,71.7,915.9383333333334
g15_d15_weighted_7001,15,0.15,True,astar_seeded,33,21,71.7,925.5300000000001
g15_d15_weighted_7001,15,0.15,True,astar_seeded,33,22,71.7,946.45
g15_d15_weighted_7001,15,0.15,True,astar_seeded,33,23,71.7,780.6833333333333
g15_d15_weighted_7001,15,0.15,True,astar_seeded,33,24,71.7,754.6416666666667
g15_d15_weighted_7001,15,0.15,True,astar_seeded,33,25,71.7,712.6866666666666
g15_d15_weighted_7001,15,0.15,True,astar_seeded,33,26,71.7,740.5566666666667
g15_d15_weighted_7001,15,0.15,True,astar_seeded,33,27,71.7,989.14
g15_d15_weighted_7001,15,0.15,True,astar_seeded,33,28,71.7,869.185
g15_d15_weighted_7001,15,0.15,True,astar_seeded,33,29,71.7,1066.195
g15_d15_weighted_7001,15,0.15,True,astar_seeded,33,30,71.7,783.1433333333333
g15_d15_weighted_7001,15,0.15,True,astar_seeded,33,31,71.7,931.4466666666667
g15_d15_weighted_7001,15,0.15,True,astar_seeded,33,32,71.7,760.1466666666668
g15_d15_weighted_7001,15,0.15,True,astar_seeded,33,33,71.7,834.4233333333334
g15_d15_weighted_7001,15,0.15,True,astar_seeded,33,34,71.7,979.1683333333333
g15_d15_weighted_7001,15,0.15,True,astar_seeded,33,35,71.7,937.4116666666666
g15_d15_weighted_7001,15,0.15,True,astar_seeded,33,36,71.7,930.5433333333333
g15_d15_weighted_7001,15,0.15,True,astar_seeded,33,37,71.7,1087.9516666666666
g15_d15_weighted_7001,15,0.15,True,astar_seeded,33,38,71.7,1038.595
g15_d15_weighted_7001,15,0.15,True,astar_seeded,33,39,71.7,905.7266666666667
g15_d15_weighted_7001,15,0.15,True,astar_seeded,33,40,71.7,1015.525
g15_d15_weighted_7001,15,0.15,True,astar_seeded,33,41,71.7,964.0616666666666
g15_d15_weighted_7001,15,0.15,True,astar_seeded,33,42,71.7,978.2383333333333
g15_d15_weighted_7001,15,0.15,True,astar_seeded,33,43,71.7,1141.5366666666666
g15_d15_weighted_7001,15,0.15,True,astar_seeded,33,44,71.7,1007.0883333333334
g15_d15_weighted_7001,15,0.15,True,astar_seeded,33,45,71.7,913.865
g15_d15_weighted_7001,15,0.15,True,astar_seeded,33,46,71.7,1003.25
g15_d15_weighted_7001,15,0.15,True,astar_seeded,33,47,71.7,969.15
g15_d15_weighted_7001,15,0.15,True,astar_seeded,33,48,71.7,918.62
g15_d15_weighted_7001,15,0.15,True,astar_seeded,33,49,71.7,863.7066666666667
g15_d15_weighted_7001,15,0.15,True,astar_seeded,33,50,71.7,903.0866666666666
g15_d15_weighted_7001,15,0.15,True,astar_seeded,44,1,71.7,1689.4733333333331
g15_d15_weighted_7001,15,0.15,True,astar_seeded,44,2,71.7,1510.6583333333333
g15_d15_weighted_7001,15,0.15,True,astar_seeded,44,3,71.7,1385.4350000000002
g15_d15_weighted_7001,15,0.15,True,astar_seeded,44,4,71.7,1244.9683333333335
g15_d15_weighted_7001,15,0.15,True,astar_seeded,44,5,71.7,1133.9066666666665
g15_d15_weighted_7001,15,0.15,True,astar_seeded,44,6,71.7,1066.66
g15_d15_weighted_7001,15,0.15,True,astar_seeded,44,7,71.7,945.6949999999999
g15_d15_weighted_7001,15,0.15,True,astar_seeded,44,8,71.7,1021.3833333333333
g15_d15_weighted_7001,15,0.15,True,astar_seeded,44,9,71.7,1063.1866666666667
g15_d15_weighted_7001,15,0.15,True,astar_seeded,44,10,71.7,1138.6583333333333
g15_d15_weighted_7001,15,0.15,True,astar_seeded,44,11,71.7,1204.4283333333333
g15_d15_weighted_7001,15,0.15,True,astar_seeded,44,12,71.7,1384.0516666666667
g15_d15_weighted_7001,15,0.15,True,astar_seeded,44,13,71.7,1169.8516666666667
g15_d15_weighted_7001,15,0.15,True,astar_seeded,44,14,71.7,1175.71
g15_d15_weighted_7001,15,0.15,True,astar_seeded,44,15,71.7,1024.6866666666667
g15_d15_weighted_7001,15,0.15,True,astar_seeded,44,16,71.7,1008.0916666666667
g15_d15_weighted_7001,15,0.15,True,astar_seeded,44,17,71.7,937.3833333333333
g15_d15_weighted_7001,15,0.15,True,astar_seeded,44,18,71.7,1091.0816666666667
g15_d15_weighted_7001,15,0.15,True,astar_seeded,44,19,71.7,1074.5783333333334
g15_d15_weighted_7001,15,0.15,True,astar_seeded,44,20,71.7,925.2166666666667
g15_d15_weighted_7001,15,0.15,True,astar_seeded,44,21,71.7,1057.865
g15_d15_weighted_7001,15,0.15,True,astar_seeded,44,22,71.7,1163.0083333333334
g15_d15_weighted_7001,15,0.15,True,astar_seeded,44,23,71.7,1262.1116666666667
g15_d15_weighted_7001,15,0.15,True,astar_seeded,44,24,71.7,1329.7833333333333
g15_d15_weighted_7001,15,0.15,True,astar_seeded,44,25,71.7,1333.8866666666665
g15_d15_weighted_7001,15,0.15,True,astar_seeded,44,26,71.7,1158.4433333333334
g15_d15_weighted_7001,15,0.15,True,astar_seeded,44,27,71.7,1129.3066666666666
g15_d15_weighted_7001,15,0.15,True,astar_seeded,44,28,71.7,1220.995
g15_d15_weighted_7001,15,0.15,True,astar_seeded,44,29,71.7,1214.2266666666667
g15_d15_weighted_7001,15,0.15,True,astar_seeded,44,30,71.7,1316.9350000000002
g15_d15_weighted_7001,15,0.15,True,astar_seeded,44,31,71.7,1193.1283333333333
g15_d15_weighted_7001,15,0.15,True,astar_seeded,44,32,71.7,1081.7816666666668
g15_d15_weighted_7001,15,0.15,True,astar_seeded,44,33,71.7,1168.1183333333333
g15_d15_weighted_7001,15,0.15,True,astar_seeded,44,34,71.7,1186.7833333333333
g15_d15_weighted_7001,15,0.15,True,astar_seeded,44,35,71.7,971.865
g15_d15_weighted_7001,15,0.15,True,astar_seeded,44,36,71.7,1116.5466666666666
g15_d15_weighted_7001,15,0.15,True,astar_seeded,44,37,71.7,1218.74
g15_d15_weighted_7001,15,0.15,True,astar_seeded,44,38,71.7,1160.805
g15_d15_weighted_7001,15,0.15,True,astar_seeded,44,39,71.7,1239.2083333333333
g15_d15_weighted_7001,15,0.15,True,astar_seeded,44,40,71.7,1235.46
g15_d15_weighted_7001,15,0.15,True,astar_seeded,44,41,71.7,1371.5566666666666
g15_d15_weighted_7001,15,0.15,True,astar_seeded,44,42,71.7,1261.3066666666666
g15_d15_weighted_7001,15,0.15,True,astar_seeded,44,43,71.7,1286.4766666666667
g15_d15_weighted_7001,15,0.15,True,astar_seeded,44,44,71.7,1284.2633333333333
g15_d15_weighted_7001,15,0.15,True,astar_seeded,44,45,71.7,1123.055
g15_d15_weighted_7001,15,0.15,True,astar_seeded,44,46,71.7,1059.21
g15_d15_weighted_7001,15,0.15,True,astar_seeded,44,47,71.7,1011.37
g15_d15_weighted_7001,15,0.15,True,astar_seeded,44,48,71.7,992.26
g15_d15_weighted_7001,15,0.15,True,astar_seeded,44,49,71.7,1028.88
g15_d15_weighted_7001,15,0.15,True,astar_seeded,44,50,71.7,1059.3533333333332
g15_d15_weighted_7001,15,0.15,True,astar_seeded,55,1,71.7,1573.8866666666665
g15_d15_weighted_7001,15,0.15,True,astar_seeded,55,2,71.7,1546.245
g15_d15_weighted_7001,15,0.15,True,astar_seeded,55,3,71.7,1252.5933333333335
g15_d15_weighted_7001,15,0.15,True,astar_seeded,55,4,71.7,1101.8316666666665
g15_d15_weighted_7001,15,0.15,True,astar_seeded,55,5,71.7,1398.8
g15_d15_weighted_7001,15,0.15,True,astar_seeded,55,6,71.7,1382.7083333333333
g15_d15_weighted_7001,15,0.15,True,astar_seeded,55,7,71.7,1278.5733333333333
g15_d15_weighted_7001,15,0.15,True,astar_seeded,55,8,71.7,1220.8833333333334
g15_d15_weighted_7001,15,0.15,True,astar_seeded,55,9,71.7,1138.7183333333335
g15_d15_weighted_7001,15,0.15,True,astar_seeded,55,10,71.7,1025.7983333333334
g15_d15_weighted_7001,15,0.15,True,astar_seeded,55,11,71.7,1123.3716666666667
g15_d15_weighted_7001,15,0.15,True,astar_seeded,55,12,71.7,876.3966666666668
g15_d15_weighted_7001,15,0.15,True,astar_seeded,55,13,71.7,1206.7233333333331
g15_d15_weighted_7001,15,0.15,True,astar_seeded,55,14,71.7,1003.3783333333333
g15_d15_weighted_7001,15,0.15,True,astar_seeded,55,15,71.7,1001.45
g15_d15_weighted_7001,15,0.15,True,astar_seeded,55,16,71.7,913.35
g15_d15_weighted_7001,15,0.15,True,astar_seeded,55,17,71.7,1169.0449999999998
g15_d15_weighted_7001,15,0.15,True,astar_seeded,55,18,71.7,1078.2316666666668
g15_d15_weighted_7001,15,0.15,True,astar_seeded,55,19,71.7,1047.965
g15_d15_weighted_7001,15,0.15,True,astar_seeded,55,20,71.7,959.5566666666667
g15_d15_weighted_7001,15,0.15,True,astar_seeded,55,21,71.7,1407.095
g15_d15_weighted_7001,15,0.15,True,astar_seeded,55,22,71.7,1327.8600000000001
g15_d15_weighted_7001,15,0.15,True,astar_seeded,55,23,71.7,1169.1333333333334
g15_d15_weighted_7001,15,0.15,True,astar_seeded,55,24,71.7,1127.1483333333333
g15_d15_weighted_7001,15,0.15,True,astar_seeded,55,25,71.7,1170.8100000000002
g15_d15_weighted_7001,15,0.15,True,astar_seeded,55,26,71.7,1163.6533333333332
g15_d15_weighted_7001,15,0.15,True,astar_seeded,55,27,71.7,1180.1983333333333
g15_d15_weighted_7001,15,0.15,True,astar_seeded,55,28,71.7,1276.875
g15_d15_weighted_7001,15,0.15,True,astar_seeded,55,29,71.7,1173.4166666666667
g15_d15_weighted_7001,15,0.15,True,astar_seeded,55,30,71.7,1236.8133333333333
g15_d15_weighted_7001,15,0.15,True,astar_seeded,55,31,71.7,1158.0516666666667
g15_d15_weighted_7001,15,0.15,True,astar_seeded,55,32,71.7,1166.46
g15_d15_weighted_7001,15,0.15,True,astar_seeded,55,33,71.7,1235.4783333333332
g15_d15_weighted_7001,15,0.15,True,astar_seeded,55,34,71.7,1391.475
g15_d15_weighted_7001,15,0.15,True,astar_seeded,55,35,71.7,1129.2083333333333
g15_d15_weighted_7001,15,0.15,True,astar_seeded,55,36,71.7,1259.7966666666666
g15_d15_weighted_7001,15,0.15,True,astar_seeded,55,37,71.7,1111.7783333333332
g15_d15_weighted_7001,15,0.15,True,astar_seeded,55,38,71.7,937.3733333333333
g15_d15_weighted_7001,15,0.15,True,astar_seeded,55,39,71.7,959.1833333333333
g15_d15_weighted_7001,15,0.15,True,astar_seeded,55,40,71.7,1084.91
g15_d15_weighted_7001,15,0.15,True,astar_seeded,55,41,71.7,980.8916666666667
g15_d15_weighted_7001,15,0.15,True,astar_seeded,55,42,71.7,892.0266666666666
g15_d15_weighted_7001,15,0.15,True,astar_seeded,55,43,71.7,955.12
g15_d15_weighted_7001,15,0.15,True,astar_seeded,55,44,71.7,936.3116666666666
g15_d15_weighted_7001,15,0.15,True,astar_seeded,55,45,71.7,1137.3233333333333
g15_d15_weighted_7001,15,0.15,True,astar_seeded,55,46,71.7,967.8349999999999
g15_d15_weighted_7001,15,0.15,True,astar_seeded,55,47,71.7,771.5283333333333
g15_d15_weighted_7001,15,0.15,True,astar_seeded,55,48,71.7,1123.5149999999999
g15_d15_weighted_7001,15,0.15,True,astar_seeded,55,49,71.7,1218.1016666666667
g15_d15_weighted_7001,15,0.15,True,astar_seeded,55,50,71.7,1281.53
g15_d25_unit_7002,15,0.25,False,random,11,1,1326.75,1550.775
g15_d25_unit_7002,15,0.25,False,random,11,2,1326.75,1493.6083333333333
g15_d25_unit_7002,15,0.25,False,random,11,3,1305.0,1437.5833333333333
g15_d25_unit_7002,15,0.25,False,random,11,4,1245.25,1422.2
g15_d25_unit_7002,15,0.25,False,random,11,5,1245.25,1399.55
g15_d25_unit_7002,15,0.25,False,random,11,6,1245.25,1337.8416666666667
g15_d25_unit_7002,15,0.25,False,random,11,7,1243.5,1326.8083333333334
g15_d25_unit_7002,15,0.25,False,random,11,8,1243.5,1315.7083333333333
g15_d25_unit_7002,15,0.25,False,random,11,9,1181.75,1301.8916666666667
g15_d25_unit_7002,15,0.25,False,random,11,10,1181.75,1297.6416666666667
g15_d25_unit_7002,15,0.25,False,random,11,11,1181.75,1296.8916666666667
g15_d25_unit_7002,15,0.25,False,random,11,12,1161.75,1284.825
g15_d25_unit_7002,15,0.25,False,random,11,13,119.4,1276.9550000000002
g15_d25_unit_7002,15,0.25,False,random,11,14,119.4,1252.4666666666667
g15_d25_unit_7002,15,0.25,False,random,11,15,119.4,1148.34
g15_d25_unit_7002,15,0.25,False,random,11,16,118.8,1102.35
g15_d25_unit_7002,15,0.25,False,random,11,17,118.8,1068.7233333333334
g15_d25_unit_7002,15,0.25,False,random,11,18,118.35,1037.4116666666666
g15_d25_unit_7002,15,0.25,False,random,11,19,118.35,1227.5800000000002
g15_d25_unit_7002,15,0.25,False,random,11,20,118.35,1187.4866666666667
g15_d25_unit_7002,15,0.25,False,random,11,21,118.35,1177.6766666666667
g15_d25_unit_7002,15,0.25,False,random,11,22,118.35,1203.7383333333335
g15_d25_unit_7002,15,0.25,False,random,11,23,118.35,1221.805
g15_d25_unit_7002,15,0.25,False,random,11,24,118.35,1163.8266666666668
g15_d25_unit_7002,15,0.25,False,random,11,25,116.7,1067.0783333333334
g15_d25_unit_7002,15,0.25,False,random,11,26,116.7,1022.395
g15_d25_unit_7002,15,0.25,False,random,11,27,116.7,1042.6666666666667
g15_d25_unit_7002,15,0.25,False,random,11,28,116.1,1005.16
g15_d25_unit_7002,15,0.25,False,random,11,29,116.1,975.0866666666666
g15_d25_unit_7002,15,0.25,False,random,11,30,116.1,1062.355
g15_d25_unit_7002,15,0.25,False,random,11,31,115.2,1153.9316666666666
g15_d25_unit_7002,15,0.25,False,random,11,32,105.0,1038.39
g15_d25_unit_7002,15,0.25,False,random,11,33,105.0,1107.4566666666665
g15_d25_unit_7002,15,0.25,False,random,11,34,105.0,1090.82
g15_d25_unit_7002,15,0.25,False,random,11,35,104.4,961.2816666666666
g15_d25_unit_7002,15,0.25,False,random,11,36,104.4,985.765
g15_d25_unit_7002,15,0.25,False,random,11,37,102.9,991.8366666666666
g15_d25_unit_7002,15,0.25,False,random,11,38,102.9,1013.1066666666667
g15_d25_unit_7002,15,0.25,False,random,11,39,102.9,1081.2133333333334
g15_d25_unit_7002,15,0.25,False,random,11,40,102.9,1107.0733333333333
g15_d25_unit_7002,15,0.25,False,random,11,41,102.9,988.9216666666667
g15_d25_unit_7002,15,0.25,False,random,11,42,102.9,1027.8300000000002
g15_d25_unit_7002,15,0.25,False,random,11,43,102.9,901.9533333333333
g15_d25_unit_7002,15,0.25,False,random,11,44,102.9,906.0699999999999
g15_d25_unit_7002,15,0.25,False,random,11,45,102.9,900.2266666666667
g15_d25_unit_7002,15,0.25,False,random,11,46,102.9,971.8383333333334
g15_d25_unit_7002,15,0.25,False,random,11,47,102.75,823.3483333333334
g15_d25_unit_7002,15,0.25,False,random,11,48,102.75,836.2033333333333
g15_d25_unit_7002,15,0.25,False,random,11,49,75.9,985.6883333333334
g15_d25_unit_7002,15,0.25,False,random,11,50,75.9,948.0533333333333
g15_d25_unit_7002,15,0.25,False,random,22,1,1408.75,1562.5833333333333
g15_d25_unit_7002,15,0.25,False,random,22,2,1366.25,1510.0666666666666
g15_d25_unit_7002,15,0.25,False,random,22,3,1366.25,1484.6583333333333
g15_d25_unit_7002,15,0.25,False,random,22,4,1307.75,1464.6916666666666
g15_d25_unit_7002,15,0.25,False,random,22,5,1267.0,1447.1083333333333
g15_d25_unit_7002,15,0.25,False,random,22,6,1267.0,1439.5916666666667
g15_d25_unit_7002,15,0.25,False,random,22,7,1265.5,1387.8583333333333
g15_d25_unit_7002,15,0.25,False,random,22,8,1265.5,1366.2916666666667
g15_d25_unit_7002,15,0.25,False,random,22,9,1241.0,1362.425
g15_d25_unit_7002,15,0.25,False,random,22,10,1241.0,1368.8583333333333
g15_d25_unit_7002,15,0.25,False,random,22,11,1241.0,1372.2666666666667
g15_d25_unit_7002,15,0.25,False,random,22,12,1223.75,1342.7416666666666
g15_d25_unit_7002,15,0.25,False,random,22,13,1203.25,1337.3
g15_d25_unit_7002,15,0.25,False,random,22,14,1203.25,1341.625
g15_d25_unit_7002,15,0.25,False,random,22,15,1179.5,1332.0833333333333
g15_d25_unit_7002,15,0.25,False,random,22,16,101.4,1252.4550000000002
g15_d25_unit_7002,15,0.25,False,random,22,17,101.4,1157.4733333333331
g15_d25_unit_7002,15,0.25,False,random,22,18,94.2,1171.0333333333333
g15_d25_unit_7002,15,0.25,False,random,22,19,94.2,1224.9283333333333
g15_d25_unit_7002,15,0.25,False,random,22,20,94.2,1052.1966666666667
g15_d25_unit_7002,15,0.25,False,random,22,21,93.75,1135.7333333333333
g15_d25_unit_7002,15,0.25,False,random,22,22,93.75,1156.1966666666667
g15_d25_unit_7002,15,0.25,False,random,22,23,92.85,1060.985
g15_d25_unit_7002,15,0.25,False,random,22,24,92.85,1111.785
g15_d25_unit_7002,15,0.25,False,random,22,25,92.85,1108.3966666666668
g15_d25_unit_7002,15,0.25,False,random,22,26,92.85,1134.3033333333333
g15_d25_unit_7002,15,0.25,False,random,22,27,92.85,1121.8566666666666
g15_d25_unit_7002,15,0.25,False,random,22,28,92.4,969.855
g15_d25_unit_7002,15,0.25,False,random,22,29,92.4,922.7733333333333
g15_d25_unit_7002,15,0.25,False,random,22,30,92.4,801.255
g15_d25_unit_7002,15,0.25,False,random,22,31,92.4,955.9233333333334
g15_d25_unit_7002,15,0.25,False,random,22,32,92.4,900.2583333333333
g15_d25_unit_7002,15,0.25,False,random,22,33,92.4,804.885
g15_d25_unit_7002,15,0.25,False,random,22,34,92.4,979.4
g15_d25_unit_7002,15,0.25,False,random,22,35,92.4,1037.2366666666667
g15_d25_unit_7002,15,0.25,False,random,22,36,92.4,989.3349999999999
g15_d25_unit_7002,15,0.25,False,random,22,37,92.4,968.2083333333334
g15_d25_unit_7002,15,0.25,False,random,22,38,92.4,841.3816666666667
g15_d25_unit_7002,15,0.25,False,random,22,39,92.25,905.2766666666666
g15_d25_unit_7002,15,0.25,False,random,22,40,92.25,1060.1516666666666
g15_d25_unit_7002,15,0.25,False,random,22,41,92.25,953.1433333333333
g15_d25_unit_7002,15,0.25,False,random,22,42,92.25,878.2983333333334
g15_d25_unit_7002,15,0.25,False,random,22,43,92.25,936.3283333333333
g15_d25_unit_7002,15,0.25,False,random,22,44,92.25,1110.3616666666667
g15_d25_unit_7002,15,0.25,False,random,22,45,92.25,1027.9533333333334
g15_d25_unit_7002,15,0.25,False,random,22,46,92.25,960.33
g15_d25_unit_7002,15,0.25,False,random,22,47,91.65,955.755
g15_d25_unit_7002,15,0.25,False,random,22,48,64.8,771.2933333333333
g15_d25_unit_7002,15,0.25,False,random,22,49,64.8,1041.7283333333332
g15_d25_unit_7002,15,0.25,False,random,22,50,64.8,1021.0966666666667
g15_d25_unit_7002,15,0.25,False,random,33,1,1350.0,1532.675
g15_d25_unit_7002,15,0.25,False,random,33,2,1350.0,1502.4
g15_d25_unit_7002,15,0.25,False,random,33,3,1347.75,1462.075
g15_d25_unit_7002,15,0.25,False,random,33,4,1286.75,1411.7416666666666
g15_d25_unit_7002,15,0.25,False,random,33,5,1242.5,1400.6166666666666
g15_d25_unit_7002,15,0.25,False,random,33,6,1242.5,1354.725
g15_d25_unit_7002,15,0.25,False,random,33,7,1224.5,1336.7666666666667
g15_d25_unit_7002,15,0.25,False,random,33,8,1224.5,1319.3666666666666
g15_d25_unit_7002,15,0.25,False,random,33,9,1224.5,1317.9583333333333
g15_d25_unit_7002,15,0.25,False,random,33,10,1223.25,1307.95
g15_d25_unit_7002,15,0.25,False,random,33,11,1223.25,1315.9166666666667
g15_d25_unit_7002,15,0.25,False,random,33,12,1223.25,1312.6083333333333
g15_d25_unit_7002,15,0.25,False,random,33,13,1203.75,1292.3333333333333
g15_d25_unit_7002,15,0.25,False,random,33,14,1203.75,1290.35
g15_d25_unit_7002,15,0.25,False,random,33,15,1203.75,1284.3833333333334
g15_d25_unit_7002,15,0.25,False,random,33,16,1202.75,1285.7666666666667
g15_d25_unit_7002,15,0.25,False,random,33,17,1202.0,1273.5333333333333
g15_d25_unit_7002,15,0.25,False,random,33,18,1202.0,1281.2166666666667
g15_d25_unit_7002,15,0.25,False,random,33,19,1201.0,1295.6
g15_d25_unit_7002,15,0.25,False,random,33,20,1163.0,1294.0916666666667
g15_d25_unit_7002,15,0.25,False,random,33,21,1163.0,1294.2916666666667
g15_d25_unit_7002,15,0.25,False,random,33,22,1163.0,1300.5416666666667
g15_d25_unit_7002,15,0.25,False,random,33,23,1163.0,1275.0083333333334
g15_d25_unit_7002,15,0.25,False,random,33,24,1163.0,1280.925
g15_d25_unit_7002,15,0.25,False,random,33,25,1162.0,1267.2833333333333
g15_d25_unit_7002,15,0.25,False,random,33,26,1162.0,1285.0166666666667
g15_d25_unit_7002,15,0.25,False,random,33,27,1162.0,1271.9916666666666
g15_d25_unit_7002,15,0.25,False,random,33,28,1161.25,1277.425
g15_d25_unit_7002,15,0.25,False,random,33,29,1161.25,1277.0833333333333
g15_d25_unit_7002,15,0.25,False,random,33,30,1160.0,1263.1333333333334
g15_d25_unit_7002,15,0.25,False,random,33,31,123.45,1223.5733333333333
g15_d25_unit_7002,15,0.25,False,random,33,32,123.45,1228.0983333333331
g15_d25_unit_7002,15,0.25,False,random,33,33,123.45,1217.2433333333333
g15_d25_unit_7002,15,0.25,False,random,33,34,123.45,1149.72
g15_d25_unit_7002,15,0.25,False,random,33,35,123.0,1005.1466666666668
g15_d25_unit_7002,15,0.25,False,random,33,36,123.0,1048.27
g15_d25_unit_7002,15,0.25,False,random,33,37,122.1,1015.4533333333333
g15_d25_unit_7002,15,0.25,False,random,33,38,122.1,1017.5733333333334
g15_d25_unit_7002,15,0.25,False,random,33,39,120.6,972.255
g15_d25_unit_7002,15,0.25,False,random,33,40,117.75,1058.9933333333333
g15_d25_unit_7002,15,0.25,False,random,33,41,117.75,1048.3483333333334
g15_d25_unit_7002,15,0.25,False,random,33,42,117.75,1176.45
g15_d25_unit_7002,15,0.25,False,random,33,43,117.75,1089.0133333333333
g15_d25_unit_7002,15,0.25,False,random,33,44,117.75,1167.7066666666665
g15_d25_unit_7002,15,0.25,False,random,33,45,117.75,1178.93
g15_d25_unit_7002,15,0.25,False,random,33,46,117.75,1164.3933333333334
g15_d25_unit_7002,15,0.25,False,random,33,47,117.75,1190.9666666666667
g15_d25_unit_7002,15,0.25,False,random,33,48,117.75,1143.035
g15_d25_unit_7002,15,0.25,False,random,33,49,117.75,1159.1133333333335
g15_d25_unit_7002,15,0.25,False,random,33,50,117.75,1104.6833333333334
g15_d25_unit_7002,15,0.25,False,random,44,1,1308.5,1552.4916666666666
g15_d25_unit_7002,15,0.25,False,random,44,2,1308.5,1491.4666666666667
g15_d25_unit_7002,15,0.25,False,random,44,3,1308.5,1465.6083333333333
g15_d25_unit_7002,15,0.25,False,random,44,4,1307.75,1443.0916666666667
g15_d25_unit_7002,15,0.25,False,random,44,5,1285.75,1395.1416666666667
g15_d25_unit_7002,15,0.25,False,random,44,6,1285.75,1371.9333333333334
g15_d25_unit_7002,15,0.25,False,random,44,7,1248.75,1360.1166666666666
g15_d25_unit_7002,15,0.25,False,random,44,8,1248.75,1332.1
g15_d25_unit_7002,15,0.25,False,random,44,9,1246.25,1345.8083333333334
g15_d25_unit_7002,15,0.25,False,random,44,10,1243.0,1327.5
g15_d25_unit_7002,15,0.25,False,random,44,11,1218.25,1332.8833333333334
g15_d25_unit_7002,15,0.25,False,random,44,12,1179.75,1322.8916666666667
g15_d25_unit_7002,15,0.25,False,random,44,13,1179.75,1335.7333333333333
g15_d25_unit_7002,15,0.25,False,random,44,14,1179.75,1317.7
g15_d25_unit_7002,15,0.25,False,random,44,15,1179.75,1306.3916666666667
g15_d25_unit_7002,15,0.25,False,random,44,16,1179.75,1308.75
g15_d25_unit_7002,15,0.25,False,random,44,17,1179.75,1279.1083333333333
g15_d25_unit_7002,15,0.25,False,random,44,18,1179.75,1302.975
g15_d25_unit_7002,15,0.25,False,random,44,19,1179.75,1274.375
g15_d25_unit_7002,15,0.25,False,random,44,20,1179.75,1295.0333333333333
g15_d25_unit_7002,15,0.25,False,random,44,21,1179.75,1287.825
g15_d25_unit_7002,15,0.25,False,random,44,22,1179.75,1280.4166666666667
g15_d25_unit_7002,15,0.25,False,random,44,23,1179.5,1292.925
g15_d25_unit_7002,15,0.25,False,random,44,24,1179.25,1298.275
g15_d25_unit_7002,15,0.25,False,random,44,25,1179.25,1291.1416666666667
g15_d25_unit_7002,15,0.25,False,random,44,26,1179.25,1283.3166666666666
g15_d25_unit_7002,15,0.25,False,random,44,27,1179.25,1276.4916666666666
g15_d25_unit_7002,15,0.25,False,random,44,28,1179.0,1311.1833333333334
g15_d25_unit_7002,15,0.25,False,random,44,29,1179.0,1289.6583333333333
g15_d25_unit_7002,15,0.25,False,random,44,30,92.4,1257.8300000000002
g15_d25_unit_7002,15,0.25,False,random,44,31,92.4,1270.6883333333333
g15_d25_unit_7002,15,0.25,False,random,44,32,92.25,1271.88
g15_d25_unit_7002,15,0.25,False,random,44,33,92.25,1205.1516666666669
g15_d25_unit_7002,15,0.25,False,random,44,34,92.25,1200.1716666666666
g15_d25_unit_7002,15,0.25,False,random,44,35,92.25,1202.9716666666668
g15_d25_unit_7002,15,0.25,False,random,44,36,92.25,1200.6716666666666
g15_d25_unit_7002,15,0.25,False,random,44,37,92.25,1094.0583333333334
g15_d25_unit_7002,15,0.25,False,random,44,38,91.8,1045.6816666666666
g15_d25_unit_7002,15,0.25,False,random,44,39,91.8,1029.41
g15_d25_unit_7002,15,0.25,False,random,44,40,91.65,956.7033333333333
g15_d25_unit_7002,15,0.25,False,random,44,41,91.65,959.4233333333334
g15_d25_unit_7002,15,0.25,False,random,44,42,91.65,871.45
g15_d25_unit_7002,15,0.25,False,random,44,43,91.65,990.3449999999999
g15_d25_unit_7002,15,0.25,False,random,44,44,90.9,882.9983333333333
g15_d25_unit_7002,15,0.25,False,random,44,45,90.3,904.3383333333334
g15_d25_unit_7002,15,0.25,False,random,44,46,88.8,955.0266666666666
g15_d25_unit_7002,15,0.25,False,random,44,47,88.8,861.6216666666667
g15_d25_unit_7002,15,0.25,False,random,44,48,88.05,916.8566666666667
g15_d25_unit_7002,15,0.25,False,random,44,49,88.05,1015.9983333333333
g15_d25_unit_7002,15,0.25,False,random,44,50,88.05,709.8666666666667
g15_d25_unit_7002,15,0.25,False,random,55,1,1387.25,1559.5916666666667
g15_d25_unit_7002,15,0.25,False,random,55,2,1385.75,1494.55
g15_d25_unit_7002,15,0.25,False,random,55,3,1306.5,1449.0333333333333
g15_d25_unit_7002,15,0.25,False,random,55,4,1306.5,1410.9166666666667
g15_d25_unit_7002,15,0.25,False,random,55,5,1245.75,1409.725
g15_d25_unit_7002,15,0.25,False,random,55,6,1184.5,1376.2
g15_d25_unit_7002,15,0.25,False,random,55,7,1184.5,1343.875
g15_d25_unit_7002,15,0.25,False,random,55,8,1184.5,1343.4416666666666
g15_d25_unit_7002,15,0.25,False,random,55,9,1184.5,1321.35
g15_d25_unit_7002,15,0.25,False,random,55,10,1184.5,1361.825
g15_d25_unit_7002,15,0.25,False,random,55,11,1166.0,1342.15
g15_d25_unit_7002,15,0.25,False,random,55,12,1166.0,1309.875
g15_d25_unit_7002,15,0.25,False,random,55,13,1166.0,1365.5666666666666
g15_d25_unit_7002,15,0.25,False,random,55,14,1166.0,1354.2333333333333
g15_d25_unit_7002,15,0.25,False,random,55,15,1166.0,1342.9916666666666
g15_d25_unit_7002,15,0.25,False,random,55,16,1165.5,1356.3583333333333
g15_d25_unit_7002,15,0.25,False,random,55,17,1165.5,1362.9
g15_d25_unit_7002,15,0.25,False,random,55,18,1165.5,1348.9666666666667
g15_d25_unit_7002,15,0.25,False,random,55,19,1165.5,1329.85
g15_d25_unit_7002,15,0.25,False,random,55,20,1165.5,1382.2833333333333
g15_d25_unit_7002,15,0.25,False,random,55,21,1165.5,1392.7166666666667
g15_d25_unit_7002,15,0.25,False,random,55,22,1163.25,1374.4666666666667
g15_d25_unit_7002,15,0.25,False,random,55,23,1163.25,1354.7166666666667
g15_d25_unit_7002,15,0.25,False,random,55,24,1163.25,1349.8666666666666
g15_d25_unit_7002,15,0.25,False,random,55,25,1163.25,1378.825
g15_d25_unit_7002,15,0.25,False,random,55,26,1163.25,1382.225
g15_d25_unit_7002,15,0.25,False,random,55,27,1163.25,1327.4583333333333
g15_d25_unit_7002,15,0.25,False,random,55,28,1163.25,1332.0833333333333
g15_d25_unit_7002,15,0.25,False,random,55,29,1163.0,1336.3083333333334
g15_d25_unit_7002,15,0.25,False,random,55,30,1163.0,1303.6333333333334
g15_d25_unit_7002,15,0.25,False,random,55,31,1163.0,1288.5666666666666
g15_d25_unit_7002,15,0.25,False,random,55,32,1162.75,1319.2833333333333
g15_d25_unit_7002,15,0.25,False,random,55,33,1162.75,1326.625
g15_d25_unit_7002,15,0.25,False,random,55,34,1162.5,1342.05
g15_d25_unit_7002,15,0.25,False,random,55,35,1162.5,1320.525
g15_d25_unit_7002,15,0.25,False,random,55,36,1160.0,1291.8833333333334
g15_d25_unit_7002,15,0.25,False,random,55,37,1160.0,1298.8833333333334
g15_d25_unit_7002,15,0.25,False,random,55,38,1159.25,1293.1083333333333
g15_d25_unit_7002,15,0.25,False,random,55,39,1159.25,1290.2
g15_d25_unit_7002,15,0.25,False,random,55,40,1139.0,1302.0
g15_d25_unit_7002,15,0.25,False,random,55,41,1139.0,1291.1416666666667
g15_d25_unit_7002,15,0.25,False,random,55,42,1139.0,1300.7083333333333
g15_d25_unit_7002,15,0.25,False,random,55,43,1139.0,1304.2333333333333
g15_d25_unit_7002,15,0.25,False,random,55,44,1139.0,1329.5916666666667
g15_d25_unit_7002,15,0.25,False,random,55,45,1139.0,1319.025
g15_d25_unit_7002,15,0.25,False,random,55,46,1139.0,1325.075
g15_d25_unit_7002,15,0.25,False,random,55,47,1139.0,1311.8833333333334
g15_d25_unit_7002,15,0.25,False,random,55,48,1139.0,1293.025
g15_d25_unit_7002,15,0.25,False,random,55,49,1139.0,1302.9166666666667
g15_d25_unit_7002,15,0.25,False,random,55,50,1139.0,1289.35
g15_d25_unit_7002,15,0.25,False,astar_seeded,11,1,31.5,1476.8666666666666
g15_d25_unit_7002,15,0.25,False,astar_seeded,11,2,31.5,1364.0916666666667
g15_d25_unit_7002,15,0.25,False,astar_seeded,11,3,31.5,1283.125
g15_d25_unit_7002,15,0.25,False,astar_seeded,11,4,31.5,1162.2833333333333
g15_d25_unit_7002,15,0.25,False,astar_seeded,11,5,31.5,1061.5666666666666
g15_d25_unit_7002,15,0.25,False,astar_seeded,11,6,31.5,970.0833333333334
g15_d25_unit_7002,15,0.25,False,astar_seeded,11,7,31.5,1024.5733333333333
g15_d25_unit_7002,15,0.25,False,astar_seeded,11,8,31.5,1018.9033333333333
g15_d25_unit_7002,15,0.25,False,astar_seeded,11,9,31.5,977.61
g15_d25_unit_7002,15,0.25,False,astar_seeded,11,10,31.5,955.3449999999999
g15_d25_unit_7002,15,0.25,False,astar_seeded,11,11,31.5,999.885
g15_d25_unit_7002,15,0.25,False,astar_seeded,11,12,31.5,905.0933333333334
g15_d25_unit_7002,15,0.25,False,astar_seeded,11,13,31.5,882.2
g15_d25_unit_7002,15,0.25,False,astar_seeded,11,14,31.5,1034.4199999999998
g15_d25_unit_7002,15,0.25,False,astar_seeded,11,15,31.5,946.6816666666667
g15_d25_unit_7002,15,0.25,False,astar_seeded,11,16,31.5,985.6783333333333
g15_d25_unit_7002,15,0.25,False,astar_seeded,11,17,31.5,1098.8666666666666
g15_d25_unit_7002,15,0.25,False,astar_seeded,11,18,31.5,1190.7949999999998
g15_d25_unit_7002,15,0.25,False,astar_seeded,11,19,31.5,1037.3633333333335
g15_d25_unit_7002,15,0.25,False,astar_seeded,11,20,31.5,1048.35
g15_d25_unit_7002,15,0.25,False,astar_seeded,11,21,31.5,1075.7
g15_d25_unit_7002,15,0.25,False,astar_seeded,11,22,31.5,997.8050000000001
g15_d25_unit_7002,15,0.25,False,astar_seeded,11,23,31.5,821.0883333333334
g15_d25_unit_7002,15,0.25,False,astar_seeded,11,24,31.5,753.9150000000001
g15_d25_unit_7002,15,0.25,False,astar_seeded,11,25,31.5,717.875
g15_d25_unit_7002,15,0.25,False,astar_seeded,11,26,31.5,730.2183333333334
g15_d25_unit_7002,15,0.25,False,astar_seeded,11,27,31.5,870.375
g15_d25_unit_7002,15,0.25,False,astar_seeded,11,28,31.5,729.025
g15_d25_unit_7002,15,0.25,False,astar_seeded,11,29,31.5,969.1949999999999
g15_d25_unit_7002,15,0.25,False,astar_seeded,11,30,31.5,914.375
g15_d25_unit_7002,15,0.25,False,astar_seeded,11,31,31.5,1011.7083333333334
g15_d25_unit_7002,15,0.25,False,astar_seeded,11,32,31.5,843.065
g15_d25_unit_7002,15,0.25,False,astar_seeded,11,33,31.5,914.5783333333333
g15_d25_unit_7002,15,0.25,False,astar_seeded,11,34,31.5,878.075
g15_d25_unit_7002,15,0.25,False,astar_seeded,11,35,31.5,873.42
g15_d25_unit_7002,15,0.25,False,astar_seeded,11,36,31.5,740.5416666666666
g15_d25_unit_7002,15,0.25,False,astar_seeded,11,37,31.5,903.0633333333334
g15_d25_unit_7002,15,0.25,False,astar_seeded,11,38,31.5,796.5916666666667
g15_d25_unit_7002,15,0.25,False,astar_seeded,11,39,31.5,1036.1833333333334
g15_d25_unit_7002,15,0.25,False,astar_seeded,11,40,31.5,936.9533333333333
g15_d25_unit_7002,15,0.25,False,astar_seeded,11,41,31.5,941.5266666666666
g15_d25_unit_7002,15,0.25,False,astar_seeded,11,42,31.5,977.0416666666666
g15_d25_unit_7002,15,0.25,False,astar_seeded,11,43,31.5,918.0333333333333
g15_d25_unit_7002,15,0.25,False,astar_seeded,11,44,31.5,909.6566666666666
g15_d25_unit_7002,15,0.25,False,astar_seeded,11,45,31.5,777.4933333333333
g15_d25_unit_7002,15,0.25,False,astar_seeded,11,46,31.5,1040.1033333333332
g15_d25_unit_7002,15,0.25,False,astar_seeded,11,47,31.5,948.1083333333333
g15_d25_unit_7002,15,0.25,False,astar_seeded,11,48,31.5,1074.45
g15_d25_unit_7002,15,0.25,False,astar_seeded,11,49,31.5,946.515
g15_d25_unit_7002,15,0.25,False,astar_seeded,11,50,31.5,923.7633333333334
g15_d25_unit_7002,15,0.25,False,astar_seeded,22,1,31.5,1494.475
g15_d25_unit_7002,15,0.25,False,astar_seeded,22,2,31.5,1423.15
g15_d25_unit_7002,15,0.25,False,astar_seeded,22,3,31.5,1363.65
g15_d25_unit_7002,15,0.25,False,astar_seeded,22,4,31.5,1194.4083333333333
g15_d25_unit_7002,15,0.25,False,astar_seeded,22,5,31.5,1129.71
g15_d25_unit_7002,15,0.25,False,astar_seeded,22,6,31.5,1089.7433333333333
g15_d25_unit_7002,15,0.25,False,astar_seeded,22,7,31.5,937.875
g15_d25_unit_7002,15,0.25,False,astar_seeded,22,8,31.5,792.75
g15_d25_unit_7002,15,0.25,False,astar_seeded,22,9,31.5,809.7666666666667
g15_d25_unit_7002,15,0.25,False,astar_seeded,22,10,31.5,843.5916666666667
g15_d25_unit_7002,15,0.25,False,astar_seeded,22,11,31.5,723.9833333333333
g15_d25_unit_7002,15,0.25,False,astar_seeded,22,12,31.5,957.675
g15_d25_unit_7002,15,0.25,False,astar_seeded,22,13,31.5,816.1583333333333
g15_d25_unit_7002,15,0.25,False,astar_seeded,22,14,31.5,1001.275
g15_d25_unit_7002,15,0.25,False,astar_seeded,22,15,31.5,1048.6666666666667
g15_d25_unit_7002,15,0.25,False,astar_seeded,22,16,31.5,1004.675
g15_d25_unit_7002,15,0.25,False,astar_seeded,22,17,31.5,1056.2833333333333
g15_d25_unit_7002,15,0.25,False,astar_seeded,22,18,31.5,885.9666666666667
g15_d25_unit_7002,15,0.25,False,astar_seeded,22,19,31.5,909.5733333333334
g15_d25_unit_7002,15,0.25,False,astar_seeded,22,20,31.5,990.3016666666666
g15_d25_unit_7002,15,0.25,False,astar_seeded,22,21,31.5,908.105
g15_d25_unit_7002,15,0.25,False,astar_seeded,22,22,31.5,998.2083333333334
g15_d25_unit_7002,15,0.25,False,astar_seeded,22,23,31.5,1010.7833333333333
g15_d25_unit_7002,15,0.25,False,astar_seeded,22,24,31.5,1009.725
g15_d25_unit_7002,15,0.25,False,astar_seeded,22,25,31.5,997.1233333333333
g15_d25_unit_7002,15,0.25,False,astar_seeded,22,26,31.5,832.8216666666667
g15_d25_unit_7002,15,0.25,False,astar_seeded,22,27,31.5,964.2083333333334
g15_d25_unit_7002,15,0.25,False,astar_seeded,22,28,31.5,1170.375
g15_d25_unit_7002,15,0.25,False,astar_seeded,22,29,31.5,1156.0033333333333
g15_d25_unit_7002,15,0.25,False,astar_seeded,22,30,31.5,1164.8916666666667
g15_d25_unit_7002,15,0.25,False,astar_seeded,22,31,31.5,1078.4366666666667
g15_d25_unit_7002,15,0.25,False,astar_seeded,22,32,31.5,1133.3116666666667
g15_d25_unit_7002,15,0.25,False,astar_seeded,22,33,31.5,1087.27
g15_d25_unit_7002,15,0.25,False,astar_seeded,22,34,31.5,1122.1399999999999
g15_d25_unit_7002,15,0.25,False,astar_seeded,22,35,31.5,1099.2733333333333
g15_d25_unit_7002,15,0.25,False,astar_seeded,22,36,31.5,1141.0316666666665
g15_d25_unit_7002,15,0.25,False,astar_seeded,22,37,31.5,1160.7166666666667
g15_d25_unit_7002,15,0.25,False,astar_seeded,22,38,31.5,1163.3833333333334
g15_d25_unit_7002,15,0.25,False,astar_seeded,22,39,31.5,1024.5666666666666
g15_d25_unit_7002,15,0.25,False,astar_seeded,22,40,31.5,1113.7666666666667
g15_d25_unit_7002,15,0.25,False,astar_seeded,22,41,31.5,1111.3916666666667
g15_d25_unit_7002,15,0.25,False,astar_seeded,22,42,31.5,1009.025
g15_d25_unit_7002,15,0.25,False,astar_seeded,22,43,31.5,1016.135
g15_d25_unit_7002,15,0.25,False,astar_seeded,22,44,31.5,1075.0916666666667
g15_d25_unit_7002,15,0.25,False,astar_seeded,22,45,31.5,1129.775
g15_d25_unit_7002,15,0.25,False,astar_seeded,22,46,31.5,1157.365
g15_d25_unit_7002,15,0.25,False,astar_seeded,22,47,31.5,1111.6166666666666
g15_d25_unit_7002,15,0.25,False,astar_seeded,22,48,31.5,1083.3833333333334
g15_d25_unit_7002,15,0.25,False,astar_seeded,22,49,31.5,982.9383333333334
g15_d25_unit_7002,15,0.25,False,astar_seeded,22,50,31.5,1059.6583333333333
g15_d25_unit_7002,15,0.25,False,astar_seeded,33,1,31.5,1453.175
g15_d25_unit_7002,15,0.25,False,astar_seeded,33,2,31.5,1314.4833333333333
g15_d25_unit_7002,15,0.25,False,astar_seeded,33,3,31.5,1279.1583333333333
g15_d25_unit_7002,15,0.25,False,astar_seeded,33,4,31.5,1101.4666666666667
g15_d25_unit_7002,15,0.25,False,astar_seeded,33,5,31.5,1104.57
g15_d25_unit_7002,15,0.25,False,astar_seeded,33,6,31.5,938.715
g15_d25_unit_7002,15,0.25,False,astar_seeded,33,7,31.5,1139.9399999999998
g15_d25_unit_7002,15,0.25,False,astar_seeded,33,8,31.5,1134.2583333333334
g15_d25_unit_7002,15,0.25,False,astar_seeded,33,9,31.5,1055.1183333333333
g15_d25_unit_7002,15,0.25,False,astar_seeded,33,10,31.5,910.3116666666666
g15_d25_unit_7002,15,0.25,False,astar_seeded,33,11,31.5,969.7466666666667
g15_d25_unit_7002,15,0.25,False,astar_seeded,33,12,31.5,965.1166666666667
g15_d25_unit_7002,15,0.25,False,astar_seeded,33,13,31.5,886.395
g15_d25_unit_7002,15,0.25,False,astar_seeded,33,14,31.5,841.9883333333333
g15_d25_unit_7002,15,0.25,False,astar_seeded,33,15,31.5,809.1516666666666
g15_d25_unit_7002,15,0.25,False,astar_seeded,33,16,31.5,927.765
g15_d25_unit_7002,15,0.25,False,astar_seeded,33,17,31.5,817.87
g15_d25_unit_7002,15,0.25,False,astar_seeded,33,18,31.5,728.765
g15_d25_unit_7002,15,0.25,False,astar_seeded,33,19,31.5,793.3233333333334
g15_d25_unit_7002,15,0.25,False,astar_seeded,33,20,31.5,792.6416666666667
g15_d25_unit_7002,15,0.25,False,astar_seeded,33,21,31.5,923.6533333333333
g15_d25_unit_7002,15,0.25,False,astar_seeded,33,22,31.5,760.4383333333334
g15_d25_unit_7002,15,0.25,False,astar_seeded,33,23,31.5,713.37
g15_d25_unit_7002,15,0.25,False,astar_seeded,33,24,31.5,745.6816666666667
g15_d25_unit_7002,15,0.25,False,astar_seeded,33,25,31.5,901.3933333333333
g15_d25_unit_7002,15,0.25,False,astar_seeded,33,26,31.5,892.565
g15_d25_unit_7002,15,0.25,False,astar_seeded,33,27,31.5,978.8533333333332
g15_d25_unit_7002,15,0.25,False,astar_seeded,33,28,31.5,834.4833333333333
g15_d25_unit_7002,15,0.25,False,astar_seeded,33,29,31.5,930.1583333333333
g15_d25_unit_7002,15,0.25,False,astar_seeded,33,30,31.5,832.1166666666667
g15_d25_unit_7002,15,0.25,False,astar_seeded,33,31,31.5,893.745
g15_d25_unit_7002,15,0.25,False,astar_seeded,33,32,31.5,684.4366666666666
g15_d25_unit_7002,15,0.25,False,astar_seeded,33,33,31.5,710.4283333333333
g15_d25_unit_7002,15,0.25,False,astar_seeded,33,34,31.5,797.2099999999999
g15_d25_unit_7002,15,0.25,False,astar_seeded,33,35,31.5,854.86
g15_d25_unit_7002,15,0.25,False,astar_seeded,33,36,31.5,877.6583333333333
g15_d25_unit_7002,15,0.25,False,astar_seeded,33,37,31.5,887.3183333333333
g15_d25_unit_7002,15,0.25,False,astar_seeded,33,38,31.5,905.6516666666666
g15_d25_unit_7002,15,0.25,False,astar_seeded,33,39,31.5,903.3916666666667
g15_d25_unit_7002,15,0.25,False,astar_seeded,33,40,31.5,1071.6216666666667
g15_d25_unit_7002,15,0.25,False,astar_seeded,33,41,31.5,953.895
g15_d25_unit_7002,15,0.25,False,astar_seeded,33,42,31.5,671.5066666666667
g15_d25_unit_7002,15,0.25,False,astar_seeded,33,43,31.5,879.9
g15_d25_unit_7002,15,0.25,False,astar_seeded,33,44,31.5,754.51
g15_d25_unit_7002,15,0.25,False,astar_seeded,33,45,31.5,803.84
g15_d25_unit_7002,15,0.25,False,astar_seeded,33,46,31.5,810.8199999999999
g15_d25_unit_7002,15,0.25,False,astar_seeded,33,47,31.5,681.2900000000001
g15_d25_unit_7002,15,0.25,False,astar_seeded,33,48,31.5,771.315
g15_d25_unit_7002,15,0.25,False,astar_seeded,33,49,31.5,768.13
g15_d25_unit_7002,15,0.25,False,astar_seeded,33,50,31.5,804.2983333333334
g15_d25_unit_7002,15,0.25,False,astar_seeded,44,1,31.5,1380.95
g15_d25_unit_7002,15,0.25,False,astar_seeded,44,2,31.5,1238.95
g15_d25_unit_7002,15,0.25,False,astar_seeded,44,3,31.5,1189.6333333333334
g15_d25_unit_7002,15,0.25,False,astar_seeded,44,4,31.5,1029.6916666666666
g15_d25_unit_7002,15,0.25,False,astar_seeded,44,5,31.5,886.86
g15_d25_unit_7002,15,0.25,False,astar_seeded,44,6,31.5,855.9033333333333
g15_d25_unit_7002,15,0.25,False,astar_seeded,44,7,31.5,980.9066666666666
g15_d25_unit_7002,15,0.25,False,astar_seeded,44,8,31.5,804.1133333333333
g15_d25_unit_7002,15,0.25,False,astar_seeded,44,9,31.5,887.7216666666667
g15_d25_unit_7002,15,0.25,False,astar_seeded,44,10,31.5,1015.8033333333333
g15_d25_unit_7002,15,0.25,False,astar_seeded,44,11,31.5,1015.865
g15_d25_unit_7002,15,0.25,False,astar_seeded,44,12,31.5,1138.3100000000002
g15_d25_unit_7002,15,0.25,False,astar_seeded,44,13,31.5,987.4699999999999
g15_d25_unit_7002,15,0.25,False,astar_seeded,44,14,31.5,984.38
g15_d25_unit_7002,15,0.25,False,astar_seeded,44,15,31.5,1014.2983333333334
g15_d25_unit_7002,15,0.25,False,astar_seeded,44,16,31.5,932.3683333333333
g15_d25_unit_7002,15,0.25,False,astar_seeded,44,17,31.5,805.5433333333333
g15_d25_unit_7002,15,0.25,False,astar_seeded,44,18,31.5,873.1366666666667
g15_d25_unit_7002,15,0.25,False,astar_seeded,44,19,31.5,991.0633333333334
g15_d25_unit_7002,15,0.25,False,astar_seeded,44,20,31.5,964.2066666666667
g15_d25_unit_7002,15,0.25,False,astar_seeded,44,21,31.5,904.7583333333333
g15_d25_unit_7002,15,0.25,False,astar_seeded,44,22,31.5,1002.7333333333333
g15_d25_unit_7002,15,0.25,False,astar_seeded,44,23,31.5,1053.7416666666666
g15_d25_unit_7002,15,0.25,False,astar_seeded,44,24,31.5,1059.0633333333333
g15_d25_unit_7002,15,0.25,False,astar_seeded,44,25,31.5,999.2816666666666
g15_d25_unit_7002,15,0.25,False,astar_seeded,44,26,31.5,755.4699999999999
g15_d25_unit_7002,15,0.25,False,astar_seeded,44,27,31.5,929.8633333333333
g15_d25_unit_7002,15,0.25,False,astar_seeded,44,28,31.5,929.4666666666667
g15_d25_unit_7002,15,0.25,False,astar_seeded,44,29,31.5,922.2083333333334
g15_d25_unit_7002,15,0.25,False,astar_seeded,44,30,31.5,1015.7133333333334
g15_d25_unit_7002,15,0.25,False,astar_seeded,44,31,31.5,1080.9583333333333
g15_d25_unit_7002,15,0.25,False,astar_seeded,44,32,31.5,934.275
g15_d25_unit_7002,15,0.25,False,astar_seeded,44,33,31.5,1012.27
g15_d25_unit_7002,15,0.25,False,astar_seeded,44,34,31.5,1036.4266666666667
g15_d25_unit_7002,15,0.25,False,astar_seeded,44,35,31.5,788.8866666666667
g15_d25_unit_7002,15,0.25,False,astar_seeded,44,36,31.5,892.8
g15_d25_unit_7002,15,0.25,False,astar_seeded,44,37,31.5,1082.5316666666668
g15_d25_unit_7002,15,0.25,False,astar_seeded,44,38,31.5,940.1783333333333
g15_d25_unit_7002,15,0.25,False,astar_seeded,44,39,31.5,989.7716666666668
g15_d25_unit_7002,15,0.25,False,astar_seeded,44,40,31.5,1096.2050000000002
g15_d25_unit_7002,15,0.25,False,astar_seeded,44,41,31.5,1159.1583333333333
g15_d25_unit_7002,15,0.25,False,astar_seeded,44,42,31.5,1149.0916666666667
g15_d25_unit_7002,15,0.25,False,astar_seeded,44,43,31.5,1142.48
g15_d25_unit_7002,15,0.25,False,astar_seeded,44,44,31.5,1236.5166666666667
g15_d25_unit_7002,15,0.25,False,astar_seeded,44,45,31.5,1147.8116666666667
g15_d25_unit_7002,15,0.25,False,astar_seeded,44,46,31.5,970.3583333333333
g15_d25_unit_7002,15,0.25,False,astar_seeded,44,47,31.5,806.5166666666667
g15_d25_unit_7002,15,0.25,False,astar_seeded,44,48,31.5,838.2
g15_d25_unit_7002,15,0.25,False,astar_seeded,44,49,31.5,854.8916666666667
g15_d25_unit_7002,15,0.25,False,astar_seeded,44,50,31.5,909.0583333333333
g15_d25_unit_7002,15,0.25,False,astar_seeded,55,1,31.5,1513.3416666666667
g15_d25_unit_7002,15,0.25,False,astar_seeded,55,2,31.5,1439.385
g15_d25_unit_7002,15,0.25,False,astar_seeded,55,3,31.5,1323.0733333333333
g15_d25_unit_7002,15,0.25,False,astar_seeded,55,4,31.5,1121.2333333333333
g15_d25_unit_7002,15,0.25,False,astar_seeded,55,5,31.5,1142.4033333333332
g15_d25_unit_7002,15,0.25,False,astar_seeded,55,6,31.5,1111.7649999999999
g15_d25_unit_7002,15,0.25,False,astar_seeded,55,7,31.5,974.6416666666667
g15_d25_unit_7002,15,0.25,False,astar_seeded,55,8,31.5,912.98
g15_d25_unit_7002,15,0.25,False,astar_seeded,55,9,31.5,1141.7266666666667
g15_d25_unit_7002,15,0.25,False,astar_seeded,55,10,31.5,1094.0133333333333
g15_d25_unit_7002,15,0.25,False,astar_seeded,55,11,31.5,1133.1
g15_d25_unit_7002,15,0.25,False,astar_seeded,55,12,31.5,1042.1416666666667
g15_d25_unit_7002,15,0.25,False,astar_seeded,55,13,31.5,888.4916666666667
g15_d25_unit_7002,15,0.25,False,astar_seeded,55,14,31.5,815.825
g15_d25_unit_7002,15,0.25,False,astar_seeded,55,15,31.5,967.6666666666666
g15_d25_unit_7002,15,0.25,False,astar_seeded,55,16,31.5,962.65
g15_d25_unit_7002,15,0.25,False,astar_seeded,55,17,31.5,912.2816666666666
g15_d25_unit_7002,15,0.25,False,astar_seeded,55,18,31.5,958.2833333333333
g15_d25_unit_7002,15,0.25,False,astar_seeded,55,19,31.5,686.8183333333333
g15_d25_unit_7002,15,0.25,False,astar_seeded,55,20,31.5,762.4916666666667
g15_d25_unit_7002,15,0.25,False,astar_seeded,55,21,31.5,551.275
g15_d25_unit_7002,15,0.25,False,astar_seeded,55,22,31.5,902.4583333333334
g15_d25_unit_7002,15,0.25,False,astar_seeded,55,23,31.5,1011.0949999999999
g15_d25_unit_7002,15,0.25,False,astar_seeded,55,24,31.5,904.1800000000001
g15_d25_unit_7002,15,0.25,False,astar_seeded,55,25,31.5,1073.9583333333333
g15_d25_unit_7002,15,0.25,False,astar_seeded,55,26,31.5,1132.6983333333333
g15_d25_unit_7002,15,0.25,False,astar_seeded,55,27,31.5,990.2283333333332
g15_d25_unit_7002,15,0.25,False,astar_seeded,55,28,31.5,1006.3483333333334
g15_d25_unit_7002,15,0.25,False,astar_seeded,55,29,31.5,955.2383333333333
g15_d25_unit_7002,15,0.25,False,astar_seeded,55,30,31.5,930.3716666666667
g15_d25_unit_7002,15,0.25,False,astar_seeded,55,31,31.5,1059.0783333333334
g15_d25_unit_7002,15,0.25,False,astar_seeded,55,32,31.5,940.2733333333333
g15_d25_unit_7002,15,0.25,False,astar_seeded,55,33,31.5,912.1716666666667
g15_d25_unit_7002,15,0.25,False,astar_seeded,55,34,31.5,874.58
g15_d25_unit_7002,15,0.25,False,astar_seeded,55,35,31.5,968.9449999999999
g15_d25_unit_7002,15,0.25,False,astar_seeded,55,36,31.5,839.2733333333333
g15_d25_unit_7002,15,0.25,False,astar_seeded,55,37,31.5,936.755
g15_d25_unit_7002,15,0.25,False,astar_seeded,55,38,31.5,901.8866666666667
g15_d25_unit_7002,15,0.25,False,astar_seeded,55,39,31.5,889.355
g15_d25_unit_7002,15,0.25,False,astar_seeded,55,40,31.5,839.5566666666667
g15_d25_unit_7002,15,0.25,False,astar_seeded,55,41,31.5,931.3933333333333
g15_d25_unit_7002,15,0.25,False,astar_seeded,55,42,31.5,970.5083333333333
g15_d25_unit_7002,15,0.25,False,astar_seeded,55,43,31.5,1080.7416666666666
g15_d25_unit_7002,15,0.25,False,astar_seeded,55,44,31.5,826.35
g15_d25_unit_7002,15,0.25,False,astar_seeded,55,45,31.5,829.5866666666666
g15_d25_unit_7002,15,0.25,False,astar_seeded,55,46,31.5,778.825
g15_d25_unit_7002,15,0.25,False,astar_seeded,55,47,31.5,783.545
g15_d25_unit_7002,15,0.25,False,astar_seeded,55,48,31.5,937.0833333333334
g15_d25_unit_7002,15,0.25,False,astar_seeded,55,49,31.5,927.5083333333333
g15_d25_unit_7002,15,0.25,False,astar_seeded,55,50,31.5,898.9416666666667
g15_d25_weighted_7003,15,0.25,True,random,11,1,1337.5,1691.3916666666667
g15_d25_weighted_7003,15,0.25,True,random,11,2,1337.5,1647.075
g15_d25_weighted_7003,15,0.25,True,random,11,3,1315.0,1575.6166666666666
g15_d25_weighted_7003,15,0.25,True,random,11,4,1315.0,1551.825
g15_d25_weighted_7003,15,0.25,True,random,11,5,1315.0,1515.925
g15_d25_weighted_7003,15,0.25,True,random,11,6,1304.5,1514.025
g15_d25_weighted_7003,15,0.25,True,random,11,7,233.2,1437.9566666666665
g15_d25_weighted_7003,15,0.25,True,random,11,8,226.0,1414.2483333333332
g15_d25_weighted_7003,15,0.25,True,random,11,9,214.6,1308.7683333333334
g15_d25_weighted_7003,15,0.25,True,random,11,10,214.6,1288.0600000000002
g15_d25_weighted_7003,15,0.25,True,random,11,11,214.6,1383.4633333333334
g15_d25_weighted_7003,15,0.25,True,random,11,12,214.6,1197.23
g15_d25_weighted_7003,15,0.25,True,random,11,13,214.6,1215.5183333333334
g15_d25_weighted_7003,15,0.25,True,random,11,14,214.6,1197.4533333333334
g15_d25_weighted_7003,15,0.25,True,random,11,15,214.6,1186.8883333333333
g15_d25_weighted_7003,15,0.25,True,random,11,16,214.6,1173.7383333333335
g15_d25_weighted_7003,15,0.25,True,random,11,17,214.6,1173.2416666666666
g15_d25_weighted_7003,15,0.25,True,random,11,18,213.1,1068.0066666666667
g15_d25_weighted_7003,15,0.25,True,random,11,19,212.4,1119.8016666666667
g15_d25_weighted_7003,15,0.25,True,random,11,20,212.4,1159.9983333333332
g15_d25_weighted_7003,15,0.25,True,random,11,21,198.6,1197.3600000000001
g15_d25_weighted_7003,15,0.25,True,random,11,22,198.6,1250.3933333333334
g15_d25_weighted_7003,15,0.25,True,random,11,23,198.6,1295.7833333333333
g15_d25_weighted_7003,15,0.25,True,random,11,24,198.6,1220.9199999999998
g15_d25_weighted_7003,15,0.25,True,random,11,25,198.6,1055.8733333333334
g15_d25_weighted_7003,15,0.25,True,random,11,26,198.6,1037.8083333333334
g15_d25_weighted_7003,15,0.25,True,random,11,27,198.6,1101.72
g15_d25_weighted_7003,15,0.25,True,random,11,28,198.6,1118.1633333333334
g15_d25_weighted_7003,15,0.25,True,random,11,29,198.6,1164.3216666666667
g15_d25_weighted_7003,15,0.25,True,random,11,30,198.6,1226.5600000000002
g15_d25_weighted_7003,15,0.25,True,random,11,31,198.6,1189.9683333333335
g15_d25_weighted_7003,15,0.25,True,random,11,32,198.6,1072.2883333333334
g15_d25_weighted_7003,15,0.25,True,random,11,33,198.6,1266.2033333333334
g15_d25_weighted_7003,15,0.25,True,random,11,34,198.6,1278.2866666666666
g15_d25_weighted_7003,15,0.25,True,random,11,35,198.6,1150.1433333333334
g15_d25_weighted_7003,15,0.25,True,random,11,36,198.6,1197.0083333333334
g15_d25_weighted_7003,15,0.25,True,random,11,37,198.6,1226.2916666666667
g15_d25_weighted_7003,15,0.25,True,random,11,38,198.6,1212.2933333333335
g15_d25_weighted_7003,15,0.25,True,random,11,39,198.6,1107.9116666666666
g15_d25_weighted_7003,15,0.25,True,random,11,40,198.6,1076.2583333333334
g15_d25_weighted_7003,15,0.25,True,random,11,41,180.15,1083.465
g15_d25_weighted_7003,15,0.25,True,random,11,42,180.15,857.31
g15_d25_weighted_7003,15,0.25,True,random,11,43,172.15,1052.3316666666667
g15_d25_weighted_7003,15,0.25,True,random,11,44,172.15,1111.5483333333332
g15_d25_weighted_7003,15,0.25,True,random,11,45,172.15,1086.3983333333333
g15_d25_weighted_7003,15,0.25,True,random,11,46,172.15,1019.9083333333333
g15_d25_weighted_7003,15,0.25,True,random,11,47,172.15,822.9933333333333
g15_d25_weighted_7003,15,0.25,True,random,11,48,163.55,1028.5366666666666
g15_d25_weighted_7003,15,0.25,True,random,11,49,163.55,965.3816666666667
g15_d25_weighted_7003,15,0.25,True,random,11,50,163.55,1115.9616666666666
g15_d25_weighted_7003,15,0.25,True,random,22,1,1553.5,1718.6333333333334
g15_d25_weighted_7003,15,0.25,True,random,22,2,1534.0,1694.275
g15_d25_weighted_7003,15,0.25,True,random,22,3,1390.5,1644.925
g15_d25_weighted_7003,15,0.25,True,random,22,4,1383.25,1617.1166666666666
g15_d25_weighted_7003,15,0.25,True,random,22,5,1362.75,1567.5833333333333
g15_d25_weighted_7003,15,0.25,True,random,22,6,1362.75,1529.3166666666666
g15_d25_weighted_7003,15,0.25,True,random,22,7,1347.75,1499.05
g15_d25_weighted_7003,15,0.25,True,random,22,8,1332.0,1497.2916666666667
g15_d25_weighted_7003,15,0.25,True,random,22,9,1325.75,1500.0
g15_d25_weighted_7003,15,0.25,True,random,22,10,1325.75,1483.2166666666667
g15_d25_weighted_7003,15,0.25,True,random,22,11,1325.75,1484.1
g15_d25_weighted_7003,15,0.25,True,random,22,12,1325.75,1498.2166666666667
g15_d25_weighted_7003,15,0.25,True,random,22,13,1325.75,1491.5916666666667
g15_d25_weighted_7003,15,0.25,True,random,22,14,1325.75,1461.525
g15_d25_weighted_7003,15,0.25,True,random,22,15,1310.75,1468.3333333333333
g15_d25_weighted_7003,15,0.25,True,random,22,16,1310.25,1436.3333333333333
g15_d25_weighted_7003,15,0.25,True,random,22,17,1304.25,1451.1833333333334
g15_d25_weighted_7003,15,0.25,True,random,22,18,1303.75,1434.7583333333334
g15_d25_weighted_7003,15,0.25,True,random,22,19,1301.75,1416.35
g15_d25_weighted_7003,15,0.25,True,random,22,20,1297.0,1427.4833333333333
g15_d25_weighted_7003,15,0.25,True,random,22,21,1297.0,1435.0166666666667
g15_d25_weighted_7003,15,0.25,True,random,22,22,1283.5,1484.9083333333333
g15_d25_weighted_7003,15,0.25,True,random,22,23,1283.25,1455.6583333333333
g15_d25_weighted_7003,15,0.25,True,random,22,24,1283.25,1471.8333333333333
g15_d25_weighted_7003,15,0.25,True,random,22,25,1283.25,1448.3583333333333
g15_d25_weighted_7003,15,0.25,True,random,22,26,1283.25,1462.8333333333333
g15_d25_weighted_7003,15,0.25,True,random,22,27,1283.25,1485.4083333333333
g15_d25_weighted_7003,15,0.25,True,random,22,28,1279.5,1456.2583333333334
g15_d25_weighted_7003,15,0.25,True,random,22,29,1279.5,1430.4416666666666
g15_d25_weighted_7003,15,0.25,True,random,22,30,1279.5,1460.0666666666666
g15_d25_weighted_7003,15,0.25,True,random,22,31,1279.5,1477.2
g15_d25_weighted_7003,15,0.25,True,random,22,32,1279.5,1451.725
g15_d25_weighted_7003,15,0.25,True,random,22,33,1279.5,1446.9083333333333
g15_d25_weighted_7003,15,0.25,True,random,22,34,1279.5,1445.5833333333333
g15_d25_weighted_7003,15,0.25,True,random,22,35,1279.5,1455.7833333333333
g15_d25_weighted_7003,15,0.25,True,random,22,36,1279.0,1458.9583333333333
g15_d25_weighted_7003,15,0.25,True,random,22,37,1268.0,1458.175
g15_d25_weighted_7003,15,0.25,True,random,22,38,1268.0,1428.8166666666666
g15_d25_weighted_7003,15,0.25,True,random,22,39,1268.0,1418.4083333333333
g15_d25_weighted_7003,15,0.25,True,random,22,40,234.7,1387.9233333333332
g15_d25_weighted_7003,15,0.25,True,random,22,41,234.7,1281.7316666666666
g15_d25_weighted_7003,15,0.25,True,random,22,42,234.7,1305.255
g15_d25_weighted_7003,15,0.25,True,random,22,43,234.7,1237.82
g15_d25_weighted_7003,15,0.25,True,random,22,44,234.7,1335.2066666666665
g15_d25_weighted_7003,15,0.25,True,random,22,45,232.7,1361.2033333333334
g15_d25_weighted_7003,15,0.25,True,random,22,46,232.7,1327.3083333333334
g15_d25_weighted_7003,15,0.25,True,random,22,47,232.7,1392.8600000000001
g15_d25_weighted_7003,15,0.25,True,random,22,48,230.1,1208.0766666666668
g15_d25_weighted_7003,15,0.25,True,random,22,49,230.1,1306.1466666666668
g15_d25_weighted_7003,15,0.25,True,random,22,50,230.1,1278.2483333333332
g15_d25_weighted_7003,15,0.25,True,random,33,1,1430.25,1671.8083333333334
g15_d25_weighted_7003,15,0.25,True,random,33,2,1430.25,1630.65
g15_d25_weighted_7003,15,0.25,True,random,33,3,1369.75,1566.7083333333333
g15_d25_weighted_7003,15,0.25,True,random,33,4,306.7,1454.8899999999999
g15_d25_weighted_7003,15,0.25,True,random,33,5,306.7,1391.38
g15_d25_weighted_7003,15,0.25,True,random,33,6,306.7,1270.34
g15_d25_weighted_7003,15,0.25,True,random,33,7,299.15,1339.8016666666667
g15_d25_weighted_7003,15,0.25,True,random,33,8,251.1,1317.2133333333334
g15_d25_weighted_7003,15,0.25,True,random,33,9,251.1,1131.79
g15_d25_weighted_7003,15,0.25,True,random,33,10,251.1,1131.0266666666669
g15_d25_weighted_7003,15,0.25,True,random,33,11,220.95,1134.6133333333335
g15_d25_weighted_7003,15,0.25,True,random,33,12,217.35,1237.3133333333333
g15_d25_weighted_7003,15,0.25,True,random,33,13,217.35,1000.855
g15_d25_weighted_7003,15,0.25,True,random,33,14,217.35,846.115
g15_d25_weighted_7003,15,0.25,True,random,33,15,217.35,990.6816666666667
g15_d25_weighted_7003,15,0.25,True,random,33,16,217.35,767.2116666666666
g15_d25_weighted_7003,15,0.25,True,random,33,17,217.35,641.5783333333333
g15_d25_weighted_7003,15,0.25,True,random,33,18,216.4,717.855
g15_d25_weighted_7003,15,0.25,True,random,33,19,207.75,670.1083333333333
g15_d25_weighted_7003,15,0.25,True,random,33,20,196.65,673.5400000000001
g15_d25_weighted_7003,15,0.25,True,random,33,21,196.65,754.5816666666667
g15_d25_weighted_7003,15,0.25,True,random,33,22,196.65,508.85333333333335
g15_d25_weighted_7003,15,0.25,True,random,33,23,180.7,343.93
g15_d25_weighted_7003,15,0.25,True,random,33,24,172.7,323.56333333333333
g15_d25_weighted_7003,15,0.25,True,random,33,25,172.7,495.07
g15_d25_weighted_7003,15,0.25,True,random,33,26,161.25,462.4316666666667
g15_d25_weighted_7003,15,0.25,True,random,33,27,150.35,560.895
g15_d25_weighted_7003,15,0.25,True,random,33,28,150.35,665.1583333333333
g15_d25_weighted_7003,15,0.25,True,random,33,29,150.35,726.2633333333334
g15_d25_weighted_7003,15,0.25,True,random,33,30,150.35,594.7633333333334
g15_d25_weighted_7003,15,0.25,True,random,33,31,150.35,453.87833333333333
g15_d25_weighted_7003,15,0.25,True,random,33,32,150.35,800.86
g15_d25_weighted_7003,15,0.25,True,random,33,33,150.35,602.1433333333333
g15_d25_weighted_7003,15,0.25,True,random,33,34,150.35,623.75
g15_d25_weighted_7003,15,0.25,True,random,33,35,150.35,457.0566666666667
g15_d25_weighted_7003,15,0.25,True,random,33,36,143.5,547.4966666666667
g15_d25_weighted_7003,15,0.25,True,random,33,37,143.5,608.38
g15_d25_weighted_7003,15,0.25,True,random,33,38,142.5,615.135
g15_d25_weighted_7003,15,0.25,True,random,33,39,142.5,775.13
g15_d25_weighted_7003,15,0.25,True,random,33,40,142.5,578.6916666666667
g15_d25_weighted_7003,15,0.25,True,random,33,41,142.5,717.4150000000001
g15_d25_weighted_7003,15,0.25,True,random,33,42,142.5,727.1816666666667
g15_d25_weighted_7003,15,0.25,True,random,33,43,142.5,852.5933333333334
g15_d25_weighted_7003,15,0.25,True,random,33,44,142.5,810.2433333333333
g15_d25_weighted_7003,15,0.25,True,random,33,45,142.5,771.0633333333334
g15_d25_weighted_7003,15,0.25,True,random,33,46,142.5,848.875
g15_d25_weighted_7003,15,0.25,True,random,33,47,142.5,554.5383333333334
g15_d25_weighted_7003,15,0.25,True,random,33,48,142.5,554.1550000000001
g15_d25_weighted_7003,15,0.25,True,random,33,49,142.5,637.1283333333333
g15_d25_weighted_7003,15,0.25,True,random,33,50,142.5,835.8866666666667
g15_d25_weighted_7003,15,0.25,True,random,44,1,1591.0,1729.0416666666667
g15_d25_weighted_7003,15,0.25,True,random,44,2,1538.25,1671.325
g15_d25_weighted_7003,15,0.25,True,random,44,3,1424.75,1604.725
g15_d25_weighted_7003,15,0.25,True,random,44,4,1400.0,1561.225
g15_d25_weighted_7003,15,0.25,True,random,44,5,1374.75,1561.5083333333334
g15_d25_weighted_7003,15,0.25,True,random,44,6,1307.25,1506.0583333333334
g15_d25_weighted_7003,15,0.25,True,random,44,7,1307.25,1475.4916666666666
g15_d25_weighted_7003,15,0.25,True,random,44,8,1307.25,1471.8333333333333
g15_d25_weighted_7003,15,0.25,True,random,44,9,1307.25,1450.25
g15_d25_weighted_7003,15,0.25,True,random,44,10,323.7,1443.29
g15_d25_weighted_7003,15,0.25,True,random,44,11,323.7,1410.0566666666666
g15_d25_weighted_7003,15,0.25,True,random,44,12,293.45,1316.605
g15_d25_weighted_7003,15,0.25,True,random,44,13,293.45,1195.2433333333333
g15_d25_weighted_7003,15,0.25,True,random,44,14,236.0,1007.1916666666667
g15_d25_weighted_7003,15,0.25,True,random,44,15,236.0,1230.7233333333331
g15_d25_weighted_7003,15,0.25,True,random,44,16,236.0,1213.9233333333332
g15_d25_weighted_7003,15,0.25,True,random,44,17,224.95,1047.5083333333334
g15_d25_weighted_7003,15,0.25,True,random,44,18,224.45,1070.94
g15_d25_weighted_7003,15,0.25,True,random,44,19,224.45,1137.8833333333334
g15_d25_weighted_7003,15,0.25,True,random,44,20,224.45,1099.5133333333333
g15_d25_weighted_7003,15,0.25,True,random,44,21,224.45,951.7116666666666
g15_d25_weighted_7003,15,0.25,True,random,44,22,224.45,877.98
g15_d25_weighted_7003,15,0.25,True,random,44,23,210.75,965.7183333333334
g15_d25_weighted_7003,15,0.25,True,random,44,24,210.75,755.5933333333334
g15_d25_weighted_7003,15,0.25,True,random,44,25,210.75,823.5816666666667
g15_d25_weighted_7003,15,0.25,True,random,44,26,201.5,925.3516666666667
g15_d25_weighted_7003,15,0.25,True,random,44,27,201.5,776.245
g15_d25_weighted_7003,15,0.25,True,random,44,28,201.5,833.1033333333332
g15_d25_weighted_7003,15,0.25,True,random,44,29,200.1,760.2183333333334
g15_d25_weighted_7003,15,0.25,True,random,44,30,200.1,696.2900000000001
g15_d25_weighted_7003,15,0.25,True,random,44,31,187.5,795.65
g15_d25_weighted_7003,15,0.25,True,random,44,32,183.25,781.49
g15_d25_weighted_7003,15,0.25,True,random,44,33,183.25,908.3866666666667
g15_d25_weighted_7003,15,0.25,True,random,44,34,162.05,958.7166666666667
g15_d25_weighted_7003,15,0.25,True,random,44,35,162.05,936.1083333333333
g15_d25_weighted_7003,15,0.25,True,random,44,36,162.05,713.4716666666667
g15_d25_weighted_7003,15,0.25,True,random,44,37,160.2,696.4116666666666
g15_d25_weighted_7003,15,0.25,True,random,44,38,160.2,526.16
g15_d25_weighted_7003,15,0.25,True,random,44,39,160.2,699.9833333333333
g15_d25_weighted_7003,15,0.25,True,random,44,40,160.2,837.01
g15_d25_weighted_7003,15,0.25,True,random,44,41,160.2,715.3083333333333
g15_d25_weighted_7003,15,0.25,True,random,44,42,160.2,645.0016666666667
g15_d25_weighted_7003,15,0.25,True,random,44,43,156.2,728.52
g15_d25_weighted_7003,15,0.25,True,random,44,44,156.2,947.3833333333333
g15_d25_weighted_7003,15,0.25,True,random,44,45,156.2,648.7933333333333
g15_d25_weighted_7003,15,0.25,True,random,44,46,156.2,512.815
g15_d25_weighted_7003,15,0.25,True,random,44,47,154.35,506.56333333333333
g15_d25_weighted_7003,15,0.25,True,random,44,48,154.35,667.3199999999999
g15_d25_weighted_7003,15,0.25,True,random,44,49,153.95,507.26
g15_d25_weighted_7003,15,0.25,True,random,44,50,153.95,442.88
g15_d25_weighted_7003,15,0.25,True,random,55,1,1407.75,1692.5416666666667
g15_d25_weighted_7003,15,0.25,True,random,55,2,1407.75,1632.2
g15_d25_weighted_7003,15,0.25,True,random,55,3,1397.5,1570.625
g15_d25_weighted_7003,15,0.25,True,random,55,4,1371.75,1513.6916666666666
g15_d25_weighted_7003,15,0.25,True,random,55,5,1366.25,1468.7333333333333
g15_d25_weighted_7003,15,0.25,True,random,55,6,1366.25,1461.8916666666667
g15_d25_weighted_7003,15,0.25,True,random,55,7,1334.25,1435.9
g15_d25_weighted_7003,15,0.25,True,random,55,8,1334.25,1444.8166666666666
g15_d25_weighted_7003,15,0.25,True,random,55,9,1323.25,1432.7916666666667
g15_d25_weighted_7003,15,0.25,True,random,55,10,1323.25,1416.8916666666667
g15_d25_weighted_7003,15,0.25,True,random,55,11,291.45,1411.9983333333332
g15_d25_weighted_7003,15,0.25,True,random,55,12,284.2,1349.9216666666666
g15_d25_weighted_7003,15,0.25,True,random,55,13,284.2,1326.2116666666666
g15_d25_weighted_7003,15,0.25,True,random,55,14,249.25,1248.53
g15_d25_weighted_7003,15,0.25,True,random,55,15,248.85,1219.5383333333334
g15_d25_weighted_7003,15,0.25,True,random,55,16,223.6,1103.6266666666668
g15_d25_weighted_7003,15,0.25,True,random,55,17,223.6,1195.23
g15_d25_weighted_7003,15,0.25,True,random,55,18,223.6,1112.0783333333334
g15_d25_weighted_7003,15,0.25,True,random,55,19,204.3,990.8199999999999
g15_d25_weighted_7003,15,0.25,True,random,55,20,204.3,771.785
g15_d25_weighted_7003,15,0.25,True,random,55,21,200.2,1036.1216666666667
g15_d25_weighted_7003,15,0.25,True,random,55,22,200.2,895.3349999999999
g15_d25_weighted_7003,15,0.25,True,random,55,23,200.2,1060.6933333333334
g15_d25_weighted_7003,15,0.25,True,random,55,24,195.6,856.065
g15_d25_weighted_7003,15,0.25,True,random,55,25,195.6,839.8366666666666
g15_d25_weighted_7003,15,0.25,True,random,55,26,195.6,951.9166666666666
g15_d25_weighted_7003,15,0.25,True,random,55,27,195.6,738.4166666666666
g15_d25_weighted_7003,15,0.25,True,random,55,28,195.6,909.0966666666667
g15_d25_weighted_7003,15,0.25,True,random,55,29,193.6,766.435
g15_d25_weighted_7003,15,0.25,True,random,55,30,188.5,484.87333333333333
g15_d25_weighted_7003,15,0.25,True,random,55,31,188.5,817.4033333333333
g15_d25_weighted_7003,15,0.25,True,random,55,32,188.5,407.14166666666665
g15_d25_weighted_7003,15,0.25,True,random,55,33,188.5,554.5066666666667
g15_d25_weighted_7003,15,0.25,True,random,55,34,188.5,644.6966666666667
g15_d25_weighted_7003,15,0.25,True,random,55,35,186.5,689.65
g15_d25_weighted_7003,15,0.25,True,random,55,36,186.5,643.39
g15_d25_weighted_7003,15,0.25,True,random,55,37,186.5,691.9033333333333
g15_d25_weighted_7003,15,0.25,True,random,55,38,184.65,577.8733333333333
g15_d25_weighted_7003,15,0.25,True,random,55,39,184.65,669.4833333333333
g15_d25_weighted_7003,15,0.25,True,random,55,40,179.9,598.525
g15_d25_weighted_7003,15,0.25,True,random,55,41,179.9,821.9483333333334
g15_d25_weighted_7003,15,0.25,True,random,55,42,179.9,673.6266666666667
g15_d25_weighted_7003,15,0.25,True,random,55,43,179.9,799.5566666666667
g15_d25_weighted_7003,15,0.25,True,random,55,44,179.9,787.8166666666667
g15_d25_weighted_7003,15,0.25,True,random,55,45,179.9,868.5483333333334
g15_d25_weighted_7003,15,0.25,True,random,55,46,179.9,644.105
g15_d25_weighted_7003,15,0.25,True,random,55,47,175.3,793.0266666666666
g15_d25_weighted_7003,15,0.25,True,random,55,48,175.3,668.2416666666667
g15_d25_weighted_7003,15,0.25,True,random,55,49,175.3,515.495
g15_d25_weighted_7003,15,0.25,True,random,55,50,175.3,635.0516666666666
g15_d25_weighted_7003,15,0.25,True,astar_seeded,11,1,79.4,1568.13
g15_d25_weighted_7003,15,0.25,True,astar_seeded,11,2,79.4,1221.7733333333333
g15_d25_weighted_7003,15,0.25,True,astar_seeded,11,3,79.4,1098.59
g15_d25_weighted_7003,15,0.25,True,astar_seeded,11,4,79.4,900.7466666666667
g15_d25_weighted_7003,15,0.25,True,astar_seeded,11,5,79.4,768.38
g15_d25_weighted_7003,15,0.25,True,astar_seeded,11,6,79.4,524.4716666666667
g15_d25_weighted_7003,15,0.25,True,astar_seeded,11,7,79.4,597.685
g15_d25_weighted_7003,15,0.25,True,astar_seeded,11,8,79.4,703.4766666666667
g15_d25_weighted_7003,15,0.25,True,astar_seeded,11,9,79.4,534.8466666666667
g15_d25_weighted_7003,15,0.25,True,astar_seeded,11,10,79.4,480.65
g15_d25_weighted_7003,15,0.25,True,astar_seeded,11,11,79.4,670.7783333333333
g15_d25_weighted_7003,15,0.25,True,astar_seeded,11,12,79.4,703.0699999999999
g15_d25_weighted_7003,15,0.25,True,astar_seeded,11,13,79.4,717.2766666666666
g15_d25_weighted_7003,15,0.25,True,astar_seeded,11,14,79.4,700.7366666666666
g15_d25_weighted_7003,15,0.25,True,astar_seeded,11,15,79.4,679.2216666666667
g15_d25_weighted_7003,15,0.25,True,astar_seeded,11,16,79.4,721.6233333333333
g15_d25_weighted_7003,15,0.25,True,astar_seeded,11,17,79.4,715.785
g15_d25_weighted_7003,15,0.25,True,astar_seeded,11,18,79.4,632.4533333333333
g15_d25_weighted_7003,15,0.25,True,astar_seeded,11,19,79.4,532.83
g15_d25_weighted_7003,15,0.25,True,astar_seeded,11,20,79.4,725.5633333333334
g15_d25_weighted_7003,15,0.25,True,astar_seeded,11,21,79.4,591.0233333333333
g15_d25_weighted_7003,15,0.25,True,astar_seeded,11,22,79.4,711.3133333333334
g15_d25_weighted_7003,15,0.25,True,astar_seeded,11,23,79.4,399.2
g15_d25_weighted_7003,15,0.25,True,astar_seeded,11,24,79.4,724.8383333333334
g15_d25_weighted_7003,15,0.25,True,astar_seeded,11,25,79.4,355.9633333333333
g15_d25_weighted_7003,15,0.25,True,astar_seeded,11,26,79.4,517.93
g15_d25_weighted_7003,15,0.25,True,astar_seeded,11,27,79.4,440.64000000000004
g15_d25_weighted_7003,15,0.25,True,astar_seeded,11,28,79.4,446.9816666666667
g15_d25_weighted_7003,15,0.25,True,astar_seeded,11,29,79.4,586.9833333333333
g15_d25_weighted_7003,15,0.25,True,astar_seeded,11,30,79.4,574.6733333333334
g15_d25_weighted_7003,15,0.25,True,astar_seeded,11,31,79.4,682.9633333333334
g15_d25_weighted_7003,15,0.25,True,astar_seeded,11,32,79.4,667.2283333333332
g15_d25_weighted_7003,15,0.25,True,astar_seeded,11,33,79.4,527.4
g15_d25_weighted_7003,15,0.25,True,astar_seeded,11,34,79.4,660.3449999999999
g15_d25_weighted_7003,15,0.25,True,astar_seeded,11,35,79.4,779.3283333333333
g15_d25_weighted_7003,15,0.25,True,astar_seeded,11,36,79.4,489.7866666666667
g15_d25_weighted_7003,15,0.25,True,astar_seeded,11,37,79.4,524.9983333333333
g15_d25_weighted_7003,15,0.25,True,astar_seeded,11,38,79.4,574.86
g15_d25_weighted_7003,15,0.25,True,astar_seeded,11,39,79.4,661.34
g15_d25_weighted_7003,15,0.25,True,astar_seeded,11,40,79.4,739.715
g15_d25_weighted_7003,15,0.25,True,astar_seeded,11,41,79.4,590.9
g15_d25_weighted_7003,15,0.25,True,astar_seeded,11,42,79.4,719.9216666666667
g15_d25_weighted_7003,15,0.25,True,astar_seeded,11,43,79.4,549.5566666666667
g15_d25_weighted_7003,15,0.25,True,astar_seeded,11,44,79.4,692.7833333333333
g15_d25_weighted_7003,15,0.25,True,astar_seeded,11,45,79.4,314.14666666666665
g15_d25_weighted_7003,15,0.25,True,astar_seeded,11,46,79.4,588.7116666666666
g15_d25_weighted_7003,15,0.25,True,astar_seeded,11,47,79.4,599.2983333333334
g15_d25_weighted_7003,15,0.25,True,astar_seeded,11,48,79.4,804.1166666666667
g15_d25_weighted_7003,15,0.25,True,astar_seeded,11,49,79.4,626.765
g15_d25_weighted_7003,15,0.25,True,astar_seeded,11,50,79.4,748.8966666666668
g15_d25_weighted_7003,15,0.25,True,astar_seeded,22,1,79.4,1585.8433333333335
g15_d25_weighted_7003,15,0.25,True,astar_seeded,22,2,79.4,1475.6866666666667
g15_d25_weighted_7003,15,0.25,True,astar_seeded,22,3,79.4,1396.1100000000001
g15_d25_weighted_7003,15,0.25,True,astar_seeded,22,4,79.4,1074.0283333333332
g15_d25_weighted_7003,15,0.25,True,astar_seeded,22,5,79.4,1121.6166666666666
g15_d25_weighted_7003,15,0.25,True,astar_seeded,22,6,79.4,1064.05
g15_d25_weighted_7003,15,0.25,True,astar_seeded,22,7,79.4,677.2800000000001
g15_d25_weighted_7003,15,0.25,True,astar_seeded,22,8,79.4,755.4016666666666
g15_d25_weighted_7003,15,0.25,True,astar_seeded,22,9,79.4,752.6066666666667
g15_d25_weighted_7003,15,0.25,True,astar_seeded,22,10,79.4,655.7
g15_d25_weighted_7003,15,0.25,True,astar_seeded,22,11,79.4,603.5333333333333
g15_d25_weighted_7003,15,0.25,True,astar_seeded,22,12,79.4,938.2616666666667
g15_d25_weighted_7003,15,0.25,True,astar_seeded,22,13,79.4,898.7099999999999
g15_d25_weighted_7003,15,0.25,True,astar_seeded,22,14,79.4,883.6233333333333
g15_d25_weighted_7003,15,0.25,True,astar_seeded,22,15,79.4,849.4699999999999
g15_d25_weighted_7003,15,0.25,True,astar_seeded,22,16,79.4,890.73
g15_d25_weighted_7003,15,0.25,True,astar_seeded,22,17,79.4,905.3449999999999
g15_d25_weighted_7003,15,0.25,True,astar_seeded,22,18,79.4,827.12
g15_d25_weighted_7003,15,0.25,True,astar_seeded,22,19,79.4,852.7183333333334
g15_d25_weighted_7003,15,0.25,True,astar_seeded,22,20,79.4,801.495
g15_d25_weighted_7003,15,0.25,True,astar_seeded,22,21,79.4,959.8033333333333
g15_d25_weighted_7003,15,0.25,True,astar_seeded,22,22,79.4,909.1883333333334
g15_d25_weighted_7003,15,0.25,True,astar_seeded,22,23,79.4,785.81
g15_d25_weighted_7003,15,0.25,True,astar_seeded,22,24,79.4,817.3266666666666
g15_d25_weighted_7003,15,0.25,True,astar_seeded,22,25,79.4,747.3366666666666
g15_d25_weighted_7003,15,0.25,True,astar_seeded,22,26,79.4,622.09
g15_d25_weighted_7003,15,0.25,True,astar_seeded,22,27,79.4,940.8733333333333
g15_d25_weighted_7003,15,0.25,True,astar_seeded,22,28,79.4,851.0983333333334
g15_d25_weighted_7003,15,0.25,True,astar_seeded,22,29,79.4,897.4
g15_d25_weighted_7003,15,0.25,True,astar_seeded,22,30,79.4,1045.4066666666668
g15_d25_weighted_7003,15,0.25,True,astar_seeded,22,31,79.4,804.6316666666667
g15_d25_weighted_7003,15,0.25,True,astar_seeded,22,32,79.4,889.3116666666666
g15_d25_weighted_7003,15,0.25,True,astar_seeded,22,33,79.4,835.7733333333333
g15_d25_weighted_7003,15,0.25,True,astar_seeded,22,34,79.4,934.9566666666667
g15_d25_weighted_7003,15,0.25,True,astar_seeded,22,35,79.4,895.94
g15_d25_weighted_7003,15,0.25,True,astar_seeded,22,36,79.4,818.6800000000001
g15_d25_weighted_7003,15,0.25,True,astar_seeded,22,37,79.4,921.645
g15_d25_weighted_7003,15,0.25,True,astar_seeded,22,38,79.4,692.42
g15_d25_weighted_7003,15,0.25,True,astar_seeded,22,39,79.4,397.3383333333333
g15_d25_weighted_7003,15,0.25,True,astar_seeded,22,40,79.4,619.6383333333334
g15_d25_weighted_7003,15,0.25,True,astar_seeded,22,41,79.4,736.975
g15_d25_weighted_7003,15,0.25,True,astar_seeded,22,42,79.4,481.76166666666666
g15_d25_weighted_7003,15,0.25,True,astar_seeded,22,43,79.4,843.765
g15_d25_weighted_7003,15,0.25,True,astar_seeded,22,44,79.4,762.91
g15_d25_weighted_7003,15,0.25,True,astar_seeded,22,45,79.4,990.6416666666667
g15_d25_weighted_7003,15,0.25,True,astar_seeded,22,46,79.4,670.4533333333333
g15_d25_weighted_7003,15,0.25,True,astar_seeded,22,47,79.4,854.2466666666667
g15_d25_weighted_7003,15,0.25,True,astar_seeded,22,48,79.4,930.6033333333332
g15_d25_weighted_7003,15,0.25,True,astar_seeded,22,49,79.4,868.95
g15_d25_weighted_7003,15,0.25,True,astar_seeded,22,50,79.4,776.4383333333334
g15_d25_weighted_7003,15,0.25,True,astar_seeded,33,1,79.4,1594.03
g15_d25_weighted_7003,15,0.25,True,astar_seeded,33,2,79.4,1387.4583333333333
g15_d25_weighted_7003,15,0.25,True,astar_seeded,33,3,79.4,1352.3533333333332
g15_d25_weighted_7003,15,0.25,True,astar_seeded,33,4,79.4,1199.7516666666668
g15_d25_weighted_7003,15,0.25,True,astar_seeded,33,5,79.4,1128.2733333333333
g15_d25_weighted_7003,15,0.25,True,astar_seeded,33,6,79.4,850.58
g15_d25_weighted_7003,15,0.25,True,astar_seeded,33,7,79.4,1020.5566666666667
g15_d25_weighted_7003,15,0.25,True,astar_seeded,33,8,79.4,859.4
g15_d25_weighted_7003,15,0.25,True,astar_seeded,33,9,79.4,921.0483333333334
g15_d25_weighted_7003,15,0.25,True,astar_seeded,33,10,79.4,881.5066666666667
g15_d25_weighted_7003,15,0.25,True,astar_seeded,33,11,79.4,865.37
g15_d25_weighted_7003,15,0.25,True,astar_seeded,33,12,79.4,859.48
g15_d25_weighted_7003,15,0.25,True,astar_seeded,33,13,79.4,752.4183333333333
g15_d25_weighted_7003,15,0.25,True,astar_seeded,33,14,79.4,716.0816666666667
g15_d25_weighted_7003,15,0.25,True,astar_seeded,33,15,79.4,831.5316666666666
g15_d25_weighted_7003,15,0.25,True,astar_seeded,33,16,79.4,904.8050000000001
g15_d25_weighted_7003,15,0.25,True,astar_seeded,33,17,79.4,820.7166666666667
g15_d25_weighted_7003,15,0.25,True,astar_seeded,33,18,79.4,725.1366666666667
g15_d25_weighted_7003,15,0.25,True,astar_seeded,33,19,79.4,810.2
g15_d25_weighted_7003,15,0.25,True,astar_seeded,33,20,79.4,775.4133333333334
g15_d25_weighted_7003,15,0.25,True,astar_seeded,33,21,79.4,687.115
g15_d25_weighted_7003,15,0.25,True,astar_seeded,33,22,79.4,823.485
g15_d25_weighted_7003,15,0.25,True,astar_seeded,33,23,79.4,779.1033333333332
g15_d25_weighted_7003,15,0.25,True,astar_seeded,33,24,79.4,631.4383333333334
g15_d25_weighted_7003,15,0.25,True,astar_seeded,33,25,79.4,735.6733333333334
g15_d25_weighted_7003,15,0.25,True,astar_seeded,33,26,79.4,591.2033333333333
g15_d25_weighted_7003,15,0.25,True,astar_seeded,33,27,79.4,736.0933333333334
g15_d25_weighted_7003,15,0.25,True,astar_seeded,33,28,79.4,765.6533333333333
g15_d25_weighted_7003,15,0.25,True,astar_seeded,33,29,79.4,851.3216666666667
g15_d25_weighted_7003,15,0.25,True,astar_seeded,33,30,79.4,676.0366666666666
g15_d25_weighted_7003,15,0.25,True,astar_seeded,33,31,79.4,899.9883333333333
g15_d25_weighted_7003,15,0.25,True,astar_seeded,33,32,79.4,626.3283333333333
g15_d25_weighted_7003,15,0.25,True,astar_seeded,33,33,79.4,629.9333333333333
g15_d25_weighted_7003,15,0.25,True,astar_seeded,33,34,79.4,686.5
g15_d25_weighted_7003,15,0.25,True,astar_seeded,33,35,79.4,688.3816666666667
g15_d25_weighted_7003,15,0.25,True,astar_seeded,33,36,79.4,673.1066666666667
g15_d25_weighted_7003,15,0.25,True,astar_seeded,33,37,79.4,757.2233333333334
g15_d25_weighted_7003,15,0.25,True,astar_seeded,33,38,79.4,882.6650000000001
g15_d25_weighted_7003,15,0.25,True,astar_seeded,33,39,79.4,731.6933333333333
g15_d25_weighted_7003,15,0.25,True,astar_seeded,33,40,79.4,895.8183333333333
g15_d25_weighted_7003,15,0.25,True,astar_seeded,33,41,79.4,982.99
g15_d25_weighted_7003,15,0.25,True,astar_seeded,33,42,79.4,811.815
g15_d25_weighted_7003,15,0.25,True,astar_seeded,33,43,79.4,854.505
g15_d25_weighted_7003,15,0.25,True,astar_seeded,33,44,79.4,771.1433333333333
g15_d25_weighted_7003,15,0.25,True,astar_seeded,33,45,79.4,732.7133333333334
g15_d25_weighted_7003,15,0.25,True,astar_seeded,33,46,79.4,653.5949999999999
g15_d25_weighted_7003,15,0.25,True,astar_seeded,33,47,79.4,545.6916666666667
g15_d25_weighted_7003,15,0.25,True,astar_seeded,33,48,79.4,556.3016666666666
g15_d25_weighted_7003,15,0.25,True,astar_seeded,33,49,79.4,522.5266666666666
g15_d25_weighted_7003,15,0.25,True,astar_seeded,33,50,79.4,708.8966666666668
g15_d25_weighted_7003,15,0.25,True,astar_seeded,44,1,79.4,1586.51
g15_d25_weighted_7003,15,0.25,True,astar_seeded,44,2,79.4,1316.4216666666666
g15_d25_weighted_7003,15,0.25,True,astar_seeded,44,3,79.4,1324.49
g15_d25_weighted_7003,15,0.25,True,astar_seeded,44,4,79.4,903.5583333333333
g15_d25_weighted_7003,15,0.25,True,astar_seeded,44,5,79.4,967.9716666666667
g15_d25_weighted_7003,15,0.25,True,astar_seeded,44,6,79.4,950.2233333333334
g15_d25_weighted_7003,15,0.25,True,astar_seeded,44,7,79.4,844.6216666666667
g15_d25_weighted_7003,15,0.25,True,astar_seeded,44,8,79.4,737.1983333333334
g15_d25_weighted_7003,15,0.25,True,astar_seeded,44,9,79.4,844.4866666666666
g15_d25_weighted_7003,15,0.25,True,astar_seeded,44,10,79.4,904.645
g15_d25_weighted_7003,15,0.25,True,astar_seeded,44,11,79.4,805.86
g15_d25_weighted_7003,15,0.25,True,astar_seeded,44,12,79.4,948.605
g15_d25_weighted_7003,15,0.25,True,astar_seeded,44,13,79.4,645.5883333333334
g15_d25_weighted_7003,15,0.25,True,astar_seeded,44,14,79.4,651.7533333333333
g15_d25_weighted_7003,15,0.25,True,astar_seeded,44,15,79.4,761.9316666666667
g15_d25_weighted_7003,15,0.25,True,astar_seeded,44,16,79.4,555.4866666666666
g15_d25_weighted_7003,15,0.25,True,astar_seeded,44,17,79.4,719.5133333333334
g15_d25_weighted_7003,15,0.25,True,astar_seeded,44,18,79.4,767.385
g15_d25_weighted_7003,15,0.25,True,astar_seeded,44,19,79.4,786.3533333333332
g15_d25_weighted_7003,15,0.25,True,astar_seeded,44,20,79.4,596.2483333333333
g15_d25_weighted_7003,15,0.25,True,astar_seeded,44,21,79.4,685.3733333333333
g15_d25_weighted_7003,15,0.25,True,astar_seeded,44,22,79.4,881.2816666666666
g15_d25_weighted_7003,15,0.25,True,astar_seeded,44,23,79.4,959.6466666666668
g15_d25_weighted_7003,15,0.25,True,astar_seeded,44,24,79.4,897.4466666666667
g15_d25_weighted_7003,15,0.25,True,astar_seeded,44,25,79.4,961.4216666666667
g15_d25_weighted_7003,15,0.25,True,astar_seeded,44,26,79.4,961.8183333333333
g15_d25_weighted_7003,15,0.25,True,astar_seeded,44,27,79.4,956.1966666666667
g15_d25_weighted_7003,15,0.25,True,astar_seeded,44,28,79.4,826.92
g15_d25_weighted_7003,15,0.25,True,astar_seeded,44,29,79.4,935.1316666666667
g15_d25_weighted_7003,15,0.25,True,astar_seeded,44,30,79.4,894.7783333333333
g15_d25_weighted_7003,15,0.25,True,astar_seeded,44,31,79.4,859.0633333333334
g15_d25_weighted_7003,15,0.25,True,astar_seeded,44,32,79.4,874.235
g15_d25_weighted_7003,15,0.25,True,astar_seeded,44,33,79.4,880.4449999999999
g15_d25_weighted_7003,15,0.25,True,astar_seeded,44,34,79.4,867.2766666666666
g15_d25_weighted_7003,15,0.25,True,astar_seeded,44,35,79.4,589.0550000000001
g15_d25_weighted_7003,15,0.25,True,astar_seeded,44,36,79.4,814.5983333333334
g15_d25_weighted_7003,15,0.25,True,astar_seeded,44,37,79.4,936.16
g15_d25_weighted_7003,15,0.25,True,astar_seeded,44,38,79.4,803.7133333333334
g15_d25_weighted_7003,15,0.25,True,astar_seeded,44,39,79.4,860.0133333333334
g15_d25_weighted_7003,15,0.25,True,astar_seeded,44,40,79.4,1176.59
g15_d25_weighted_7003,15,0.25,True,astar_seeded,44,41,79.4,1235.7566666666667
g15_d25_weighted_7003,15,0.25,True,astar_seeded,44,42,79.4,1249.7283333333332
g15_d25_weighted_7003,15,0.25,True,astar_seeded,44,43,79.4,1053.51
g15_d25_weighted_7003,15,0.25,True,astar_seeded,44,44,79.4,1032.2033333333334
g15_d25_weighted_7003,15,0.25,True,astar_seeded,44,45,79.4,1089.155
g15_d25_weighted_7003,15,0.25,True,astar_seeded,44,46,79.4,773.84
g15_d25_weighted_7003,15,0.25,True,astar_seeded,44,47,79.4,605.885
g15_d25_weighted_7003,15,0.25,True,astar_seeded,44,48,79.4,625.8266666666666
g15_d25_weighted_7003,15,0.25,True,astar_seeded,44,49,79.4,631.8366666666666
g15_d25_weighted_7003,15,0.25,True,astar_seeded,44,50,79.4,733.0300000000001
g15_d25_weighted_7003,15,0.25,True,astar_seeded,55,1,79.4,1591.2216666666668
g15_d25_weighted_7003,15,0.25,True,astar_seeded,55,2,79.4,1316.1566666666665
g15_d25_weighted_7003,15,0.25,True,astar_seeded,55,3,79.4,1210.4199999999998
g15_d25_weighted_7003,15,0.25,True,astar_seeded,55,4,79.4,1074.9216666666666
g15_d25_weighted_7003,15,0.25,True,astar_seeded,55,5,79.4,994.2266666666667
g15_d25_weighted_7003,15,0.25,True,astar_seeded,55,6,79.4,837.4766666666667
g15_d25_weighted_7003,15,0.25,True,astar_seeded,55,7,79.4,721.7716666666668
g15_d25_weighted_7003,15,0.25,True,astar_seeded,55,8,79.4,989.4566666666667
g15_d25_weighted_7003,15,0.25,True,astar_seeded,55,9,79.4,969.45
g15_d25_weighted_7003,15,0.25,True,astar_seeded,55,10,79.4,943.9566666666667
g15_d25_weighted_7003,15,0.25,True,astar_seeded,55,11,79.4,744.6949999999999
g15_d25_weighted_7003,15,0.25,True,astar_seeded,55,12,79.4,859.485
g15_d25_weighted_7003,15,0.25,True,astar_seeded,55,13,79.4,707.4783333333332
g15_d25_weighted_7003,15,0.25,True,astar_seeded,55,14,79.4,612.0333333333333
g15_d25_weighted_7003,15,0.25,True,astar_seeded,55,15,79.4,741.9416666666667
g15_d25_weighted_7003,15,0.25,True,astar_seeded,55,16,79.4,712.0066666666667
g15_d25_weighted_7003,15,0.25,True,astar_seeded,55,17,79.4,789.0400000000001
g15_d25_weighted_7003,15,0.25,True,astar_seeded,55,18,79.4,750.5699999999999
g15_d25_weighted_7003,15,0.25,True,astar_seeded,55,19,79.4,520.8833333333333
g15_d25_weighted_7003,15,0.25,True,astar_seeded,55,20,79.4,542.58
g15_d25_weighted_7003,15,0.25,True,astar_seeded,55,21,79.4,724.1266666666667
g15_d25_weighted_7003,15,0.25,True,astar_seeded,55,22,79.4,865.5483333333334
g15_d25_weighted_7003,15,0.25,True,astar_seeded,55,23,79.4,806.5633333333334
g15_d25_weighted_7003,15,0.25,True,astar_seeded,55,24,79.4,693.41
g15_d25_weighted_7003,15,0.25,True,astar_seeded,55,25,79.4,801.365
g15_d25_weighted_7003,15,0.25,True,astar_seeded,55,26,79.4,772.0916666666667
g15_d25_weighted_7003,15,0.25,True,astar_seeded,55,27,79.4,948.8366666666666
g15_d25_weighted_7003,15,0.25,True,astar_seeded,55,28,79.4,959.6816666666667
g15_d25_weighted_7003,15,0.25,True,astar_seeded,55,29,79.4,1012.0266666666666
g15_d25_weighted_7003,15,0.25,True,astar_seeded,55,30,79.4,892.6133333333333
g15_d25_weighted_7003,15,0.25,True,astar_seeded,55,31,79.4,701.7533333333333
g15_d25_weighted_7003,15,0.25,True,astar_seeded,55,32,79.4,911.2033333333333
g15_d25_weighted_7003,15,0.25,True,astar_seeded,55,33,79.4,1020.2083333333334
g15_d25_weighted_7003,15,0.25,True,astar_seeded,55,34,79.4,700.9
g15_d25_weighted_7003,15,0.25,True,astar_seeded,55,35,79.4,962.4150000000001
g15_d25_weighted_7003,15,0.25,True,astar_seeded,55,36,79.4,546.34
g15_d25_weighted_7003,15,0.25,True,astar_seeded,55,37,79.4,789.5783333333333
g15_d25_weighted_7003,15,0.25,True,astar_seeded,55,38,79.4,752.1133333333333
g15_d25_weighted_7003,15,0.25,True,astar_seeded,55,39,79.4,688.73
g15_d25_weighted_7003,15,0.25,True,astar_seeded,55,40,79.4,796.5183333333333
g15_d25_weighted_7003,15,0.25,True,astar_seeded,55,41,79.4,921.6516666666666
g15_d25_weighted_7003,15,0.25,True,astar_seeded,55,42,79.4,962.8449999999999
g15_d25_weighted_7003,15,0.25,True,astar_seeded,55,43,79.4,938.0366666666666
g15_d25_weighted_7003,15,0.25,True,astar_seeded,55,44,79.4,840.2533333333333
g15_d25_weighted_7003,15,0.25,True,astar_seeded,55,45,79.4,582.39
g15_d25_weighted_7003,15,0.25,True,astar_seeded,55,46,79.4,791.0066666666667
g15_d25_weighted_7003,15,0.25,True,astar_seeded,55,47,79.4,710.4333333333333
g15_d25_weighted_7003,15,0.25,True,astar_seeded,55,48,79.4,763.7233333333334
g15_d25_weighted_7003,15,0.25,True,astar_seeded,55,49,79.4,872.3733333333333
g15_d25_weighted_7003,15,0.25,True,astar_seeded,55,50,79.4,851.3816666666667
g25_d15_unit_7004,25,0.15,False,random,11,1,1634.0,1996.575
g25_d15_unit_7004,25,0.15,False,random,11,2,1552.0,1906.5083333333334
g25_d15_unit_7004,25,0.15,False,random,11,3,1552.0,1785.45
g25_d15_unit_7004,25,0.15,False,random,11,4,1424.0,1719.1333333333334
g25_d15_unit_7004,25,0.15,False,random,11,5,1218.5,1649.075
g25_d15_unit_7004,25,0.15,False,random,11,6,1218.5,1601.8583333333333
g25_d15_unit_7004,25,0.15,False,random,11,7,1218.5,1569.1083333333333
g25_d15_unit_7004,25,0.15,False,random,11,8,1218.5,1523.525
g25_d15_unit_7004,25,0.15,False,random,11,9,1218.5,1474.6083333333333
g25_d15_unit_7004,25,0.15,False,random,11,10,1218.5,1500.075
g25_d15_unit_7004,25,0.15,False,random,11,11,1217.5,1473.7333333333333
g25_d15_unit_7004,25,0.15,False,random,11,12,1217.5,1452.0333333333333
g25_d15_unit_7004,25,0.15,False,random,11,13,204.45,1428.74
g25_d15_unit_7004,25,0.15,False,random,11,14,204.45,1406.1399999999999
g25_d15_unit_7004,25,0.15,False,random,11,15,198.3,1402.7083333333333
g25_d15_unit_7004,25,0.15,False,random,11,16,198.3,1301.4199999999998
g25_d15_unit_7004,25,0.15,False,random,11,17,167.4,1306.1066666666666
g25_d15_unit_7004,25,0.15,False,random,11,18,167.4,1277.3033333333333
g25_d15_unit_7004,25,0.15,False,random,11,19,167.4,1282.76
g25_d15_unit_7004,25,0.15,False,random,11,20,167.4,1113.7666666666667
g25_d15_unit_7004,25,0.15,False,random,11,21,159.15,976.44
g25_d15_unit_7004,25,0.15,False,random,11,22,159.15,935.3333333333334
g25_d15_unit_7004,25,0.15,False,random,11,23,159.15,952.2383333333333
g25_d15_unit_7004,25,0.15,False,random,11,24,159.15,960.1916666666667
g25_d15_unit_7004,25,0.15,False,random,11,25,154.5,942.245
g25_d15_unit_7004,25,0.15,False,random,11,26,154.5,783.66
g25_d15_unit_7004,25,0.15,False,random,11,27,154.5,796.6633333333334
g25_d15_unit_7004,25,0.15,False,random,11,28,150.15,752.075
g25_d15_unit_7004,25,0.15,False,random,11,29,150.15,764.3466666666667
g25_d15_unit_7004,25,0.15,False,random,11,30,146.25,598.935
g25_d15_unit_7004,25,0.15,False,random,11,31,133.95,673.9983333333333
g25_d15_unit_7004,25,0.15,False,random,11,32,133.95,619.2183333333334
g25_d15_unit_7004,25,0.15,False,random,11,33,133.95,652.9333333333333
g25_d15_unit_7004,25,0.15,False,random,11,34,132.6,509.47833333333335
g25_d15_unit_7004,25,0.15,False,random,11,35,115.95,656.6166666666667
g25_d15_unit_7004,25,0.15,False,random,11,36,108.6,469.18833333333333
g25_d15_unit_7004,25,0.15,False,random,11,37,108.6,589.7483333333333
g25_d15_unit_7004,25,0.15,False,random,11,38,108.6,383.87
g25_d15_unit_7004,25,0.15,False,random,11,39,108.6,382.80333333333334
g25_d15_unit_7004,25,0.15,False,random,11,40,108.6,377.7566666666667
g25_d15_unit_7004,25,0.15,False,random,11,41,98.4,369.05833333333334
g25_d15_unit_7004,25,0.15,False,random,11,42,98.4,340.0083333333333
g25_d15_unit_7004,25,0.15,False,random,11,43,89.85,372.955
g25_d15_unit_7004,25,0.15,False,random,11,44,89.85,308.65999999999997
g25_d15_unit_7004,25,0.15,False,random,11,45,87.75,277.7316666666667
g25_d15_unit_7004,25,0.15,False,random,11,46,87.75,279.3016666666666
g25_d15_unit_7004,25,0.15,False,random,11,47,85.65,381.27000000000004
g25_d15_unit_7004,25,0.15,False,random,11,48,85.65,482.93333333333334
g25_d15_unit_7004,25,0.15,False,random,11,49,85.65,509.7633333333333
g25_d15_unit_7004,25,0.15,False,random,11,50,85.65,503.93
g25_d15_unit_7004,25,0.15,False,random,22,1,1719.75,2000.2333333333333
g25_d15_unit_7004,25,0.15,False,random,22,2,1719.75,1955.6416666666667
g25_d15_unit_7004,25,0.15,False,random,22,3,1552.25,1867.8166666666666
g25_d15_unit_7004,25,0.15,False,random,22,4,1552.25,1821.425
g25_d15_unit_7004,25,0.15,False,random,22,5,1465.0,1752.1666666666667
g25_d15_unit_7004,25,0.15,False,random,22,6,1465.0,1710.1916666666666
g25_d15_unit_7004,25,0.15,False,random,22,7,1421.25,1690.0583333333334
g25_d15_unit_7004,25,0.15,False,random,22,8,1402.5,1661.275
g25_d15_unit_7004,25,0.15,False,random,22,9,1340.0,1620.8
g25_d15_unit_7004,25,0.15,False,random,22,10,1340.0,1552.0666666666666
g25_d15_unit_7004,25,0.15,False,random,22,11,1259.5,1564.7
g25_d15_unit_7004,25,0.15,False,random,22,12,1259.5,1560.1333333333334
g25_d15_unit_7004,25,0.15,False,random,22,13,1237.25,1526.0916666666667
g25_d15_unit_7004,25,0.15,False,random,22,14,1237.25,1467.7416666666666
g25_d15_unit_7004,25,0.15,False,random,22,15,191.4,1411.8466666666668
g25_d15_unit_7004,25,0.15,False,random,22,16,191.4,1402.255
g25_d15_unit_7004,25,0.15,False,random,22,17,184.65,1368.6850000000002
g25_d15_unit_7004,25,0.15,False,random,22,18,184.65,1334.3866666666665
g25_d15_unit_7004,25,0.15,False,random,22,19,184.65,1289.4266666666667
g25_d15_unit_7004,25,0.15,False,random,22,20,157.5,1093.1816666666666
g25_d15_unit_7004,25,0.15,False,random,22,21,131.55,1101.4466666666667
g25_d15_unit_7004,25,0.15,False,random,22,22,131.55,1054.8433333333332
g25_d15_unit_7004,25,0.15,False,random,22,23,131.55,925.3533333333332
g25_d15_unit_7004,25,0.15,False,random,22,24,131.55,826.2133333333334
g25_d15_unit_7004,25,0.15,False,random,22,25,123.6,872.7866666666666
g25_d15_unit_7004,25,0.15,False,random,22,26,123.6,872.9300000000001
g25_d15_unit_7004,25,0.15,False,random,22,27,123.6,707.4150000000001
g25_d15_unit_7004,25,0.15,False,random,22,28,123.6,860.6
g25_d15_unit_7004,25,0.15,False,random,22,29,123.6,729.8483333333334
g25_d15_unit_7004,25,0.15,False,random,22,30,123.6,955.5633333333334
g25_d15_unit_7004,25,0.15,False,random,22,31,123.6,841.5316666666666
g25_d15_unit_7004,25,0.15,False,random,22,32,123.6,724.9716666666667
g25_d15_unit_7004,25,0.15,False,random,22,33,121.05,805.9083333333333
g25_d15_unit_7004,25,0.15,False,random,22,34,121.05,846.7966666666667
g25_d15_unit_7004,25,0.15,False,random,22,35,120.3,659.9816666666667
g25_d15_unit_7004,25,0.15,False,random,22,36,111.0,522.945
g25_d15_unit_7004,25,0.15,False,random,22,37,111.0,634.3183333333333
g25_d15_unit_7004,25,0.15,False,random,22,38,111.0,718.7516666666667
g25_d15_unit_7004,25,0.15,False,random,22,39,111.0,378.03333333333336
g25_d15_unit_7004,25,0.15,False,random,22,40,111.0,395.6383333333333
g25_d15_unit_7004,25,0.15,False,random,22,41,111.0,465.2033333333333
g25_d15_unit_7004,25,0.15,False,random,22,42,111.0,500.5866666666667
g25_d15_unit_7004,25,0.15,False,random,22,43,109.65,291.425
g25_d15_unit_7004,25,0.15,False,random,22,44,109.65,296.18
g25_d15_unit_7004,25,0.15,False,random,22,45,109.5,424.4616666666667
g25_d15_unit_7004,25,0.15,False,random,22,46,109.5,341.85166666666663
g25_d15_unit_7004,25,0.15,False,random,22,47,109.5,415.87833333333333
g25_d15_unit_7004,25,0.15,False,random,22,48,109.5,486.2633333333333
g25_d15_unit_7004,25,0.15,False,random,22,49,109.5,507.435
g25_d15_unit_7004,25,0.15,False,random,22,50,108.0,393.02666666666664
g25_d15_unit_7004,25,0.15,False,random,33,1,1534.0,1971.0333333333333
g25_d15_unit_7004,25,0.15,False,random,33,2,1534.0,1880.7333333333333
g25_d15_unit_7004,25,0.15,False,random,33,3,1510.25,1799.275
g25_d15_unit_7004,25,0.15,False,random,33,4,1362.75,1729.7416666666666
g25_d15_unit_7004,25,0.15,False,random,33,5,1324.75,1641.6916666666666
g25_d15_unit_7004,25,0.15,False,random,33,6,1304.25,1564.2333333333333
g25_d15_unit_7004,25,0.15,False,random,33,7,1263.5,1543.15
g25_d15_unit_7004,25,0.15,False,random,33,8,195.15,1463.8466666666668
g25_d15_unit_7004,25,0.15,False,random,33,9,192.9,1369.8483333333331
g25_d15_unit_7004,25,0.15,False,random,33,10,192.9,1175.745
g25_d15_unit_7004,25,0.15,False,random,33,11,179.4,1171.135
g25_d15_unit_7004,25,0.15,False,random,33,12,176.25,1103.8
g25_d15_unit_7004,25,0.15,False,random,33,13,176.25,967.5883333333334
g25_d15_unit_7004,25,0.15,False,random,33,14,164.85,1042.8533333333332
g25_d15_unit_7004,25,0.15,False,random,33,15,155.7,987.2866666666666
g25_d15_unit_7004,25,0.15,False,random,33,16,153.0,878.7233333333334
g25_d15_unit_7004,25,0.15,False,random,33,17,153.0,943.955
g25_d15_unit_7004,25,0.15,False,random,33,18,153.0,817.3783333333333
g25_d15_unit_7004,25,0.15,False,random,33,19,153.0,854.5566666666667
g25_d15_unit_7004,25,0.15,False,random,33,20,138.0,812.27
g25_d15_unit_7004,25,0.15,False,random,33,21,138.0,708.7866666666666
g25_d15_unit_7004,25,0.15,False,random,33,22,138.0,605.8449999999999
g25_d15_unit_7004,25,0.15,False,random,33,23,138.0,534.065
g25_d15_unit_7004,25,0.15,False,random,33,24,136.05,503.0516666666666
g25_d15_unit_7004,25,0.15,False,random,33,25,136.05,333.19
g25_d15_unit_7004,25,0.15,False,random,33,26,136.05,404.63666666666666
g25_d15_unit_7004,25,0.15,False,random,33,27,131.55,548.3916666666667
g25_d15_unit_7004,25,0.15,False,random,33,28,128.25,492.28333333333336
g25_d15_unit_7004,25,0.15,False,random,33,29,128.25,493.85499999999996
g25_d15_unit_7004,25,0.15,False,random,33,30,128.25,417.72833333333335
g25_d15_unit_7004,25,0.15,False,random,33,31,128.25,327.67833333333334
g25_d15_unit_7004,25,0.15,False,random,33,32,128.25,395.56666666666666
g25_d15_unit_7004,25,0.15,False,random,33,33,127.05,274.96
g25_d15_unit_7004,25,0.15,False,random,33,34,127.05,273.55
g25_d15_unit_7004,25,0.15,False,random,33,35,122.55,433.805
g25_d15_unit_7004,25,0.15,False,random,33,36,122.55,357.02166666666665
g25_d15_unit_7004,25,0.15,False,random,33,37,122.55,490.60333333333335
g25_d15_unit_7004,25,0.15,False,random,33,38,118.5,455.28
g25_d15_unit_7004,25,0.15,False,random,33,39,118.2,245.13500000000002
g25_d15_unit_7004,25,0.15,False,random,33,40,118.2,547.7966666666667
g25_d15_unit_7004,25,0.15,False,random,33,41,116.1,456.31666666666666
g25_d15_unit_7004,25,0.15,False,random,33,42,114.3,348.56166666666667
g25_d15_unit_7004,25,0.15,False,random,33,43,112.8,263.73833333333334
g25_d15_unit_7004,25,0.15,False,random,33,44,112.65,274.34666666666664
g25_d15_unit_7004,25,0.15,False,random,33,45,103.35,366.4166666666667
g25_d15_unit_7004,25,0.15,False,random,33,46,103.35,403.77666666666664
g25_d15_unit_7004,25,0.15,False,random,33,47,103.35,385.33
g25_d15_unit_7004,25,0.15,False,random,33,48,103.35,499.2866666666667
g25_d15_unit_7004,25,0.15,False,random,33,49,103.35,349.5883333333333
g25_d15_unit_7004,25,0.15,False,random,33,50,103.35,309.7566666666667
g25_d15_unit_7004,25,0.15,False,random,44,1,1758.0,1988.05
g25_d15_unit_7004,25,0.15,False,random,44,2,1698.0,1899.3
g25_d15_unit_7004,25,0.15,False,random,44,3,1618.0,1811.1166666666666
g25_d15_unit_7004,25,0.15,False,random,44,4,1589.25,1770.9666666666667
g25_d15_unit_7004,25,0.15,False,random,44,5,1493.0,1712.6166666666666
g25_d15_unit_7004,25,0.15,False,random,44,6,1488.25,1668.9583333333333
g25_d15_unit_7004,25,0.15,False,random,44,7,1488.25,1707.1166666666666
g25_d15_unit_7004,25,0.15,False,random,44,8,1409.0,1632.9666666666667
g25_d15_unit_7004,25,0.15,False,random,44,9,1381.5,1571.575
g25_d15_unit_7004,25,0.15,False,random,44,10,1381.5,1564.625
g25_d15_unit_7004,25,0.15,False,random,44,11,1347.25,1583.3
g25_d15_unit_7004,25,0.15,False,random,44,12,1258.25,1548.3583333333333
g25_d15_unit_7004,25,0.15,False,random,44,13,1258.25,1557.275
g25_d15_unit_7004,25,0.15,False,random,44,14,1242.0,1525.6
g25_d15_unit_7004,25,0.15,False,random,44,15,188.1,1413.02
g25_d15_unit_7004,25,0.15,False,random,44,16,188.1,1366.7366666666667
g25_d15_unit_7004,25,0.15,False,random,44,17,188.1,1321.8666666666666
g25_d15_unit_7004,25,0.15,False,random,44,18,185.55,1322.755
g25_d15_unit_7004,25,0.15,False,random,44,19,185.55,1337.4133333333334
g25_d15_unit_7004,25,0.15,False,random,44,20,185.55,1313.77
g25_d15_unit_7004,25,0.15,False,random,44,21,185.55,1224.2366666666667
g25_d15_unit_7004,25,0.15,False,random,44,22,185.55,1234.9116666666666
g25_d15_unit_7004,25,0.15,False,random,44,23,185.55,1260.9199999999998
g25_d15_unit_7004,25,0.15,False,random,44,24,183.6,1206.7666666666667
g25_d15_unit_7004,25,0.15,False,random,44,25,183.6,1145.8466666666668
g25_d15_unit_7004,25,0.15,False,random,44,26,152.55,1024.145
g25_d15_unit_7004,25,0.15,False,random,44,27,150.75,853.63
g25_d15_unit_7004,25,0.15,False,random,44,28,150.75,910.33
g25_d15_unit_7004,25,0.15,False,random,44,29,150.75,815.3966666666668
g25_d15_unit_7004,25,0.15,False,random,44,30,150.75,818.2533333333333
g25_d15_unit_7004,25,0.15,False,random,44,31,150.75,681.125
g25_d15_unit_7004,25,0.15,False,random,44,32,149.55,715.4933333333333
g25_d15_unit_7004,25,0.15,False,random,44,33,149.55,825.7666666666667
g25_d15_unit_7004,25,0.15,False,random,44,34,148.05,778.2716666666668
g25_d15_unit_7004,25,0.15,False,random,44,35,142.2,705.0733333333334
g25_d15_unit_7004,25,0.15,False,random,44,36,142.2,678.795
g25_d15_unit_7004,25,0.15,False,random,44,37,142.2,893.275
g25_d15_unit_7004,25,0.15,False,random,44,38,141.3,812.2099999999999
g25_d15_unit_7004,25,0.15,False,random,44,39,132.9,697.6566666666666
g25_d15_unit_7004,25,0.15,False,random,44,40,132.9,829.4933333333333
g25_d15_unit_7004,25,0.15,False,random,44,41,132.9,790.1716666666667
g25_d15_unit_7004,25,0.15,False,random,44,42,132.9,890.715
g25_d15_unit_7004,25,0.15,False,random,44,43,128.55,624.7433333333333
g25_d15_unit_7004,25,0.15,False,random,44,44,128.55,760.8366666666666
g25_d15_unit_7004,25,0.15,False,random,44,45,128.55,978.2116666666666
g25_d15_unit_7004,25,0.15,False,random,44,46,128.55,845.7983333333334
g25_d15_unit_7004,25,0.15,False,random,44,47,128.55,725.4666666666667
g25_d15_unit_7004,25,0.15,False,random,44,48,128.55,831.5866666666666
g25_d15_unit_7004,25,0.15,False,random,44,49,128.55,830.5783333333333
g25_d15_unit_7004,25,0.15,False,random,44,50,128.55,897.455
g25_d15_unit_7004,25,0.15,False,random,55,1,1531.25,1979.075
g25_d15_unit_7004,25,0.15,False,random,55,2,1488.5,1833.4666666666667
g25_d15_unit_7004,25,0.15,False,random,55,3,1281.75,1627.2333333333333
g25_d15_unit_7004,25,0.15,False,random,55,4,1259.75,1537.0333333333333
g25_d15_unit_7004,25,0.15,False,random,55,5,1238.25,1551.3833333333334
g25_d15_unit_7004,25,0.15,False,random,55,6,1238.25,1490.0916666666667
g25_d15_unit_7004,25,0.15,False,random,55,7,199.8,1352.1383333333333
g25_d15_unit_7004,25,0.15,False,random,55,8,198.6,1215.4883333333335
g25_d15_unit_7004,25,0.15,False,random,55,9,188.85,1276.8416666666667
g25_d15_unit_7004,25,0.15,False,random,55,10,188.85,1083.0800000000002
g25_d15_unit_7004,25,0.15,False,random,55,11,188.85,1106.445
g25_d15_unit_7004,25,0.15,False,random,55,12,175.2,1037.4416666666666
g25_d15_unit_7004,25,0.15,False,random,55,13,147.75,992.59
g25_d15_unit_7004,25,0.15,False,random,55,14,147.75,905.005
g25_d15_unit_7004,25,0.15,False,random,55,15,136.2,893.8833333333333
g25_d15_unit_7004,25,0.15,False,random,55,16,119.55,934.2316666666667
g25_d15_unit_7004,25,0.15,False,random,55,17,119.55,704.1483333333333
g25_d15_unit_7004,25,0.15,False,random,55,18,110.7,794.1416666666667
g25_d15_unit_7004,25,0.15,False,random,55,19,107.1,557.6866666666666
g25_d15_unit_7004,25,0.15,False,random,55,20,103.05,489.315
g25_d15_unit_7004,25,0.15,False,random,55,21,103.05,431.45166666666665
g25_d15_unit_7004,25,0.15,False,random,55,22,98.55,381.225
g25_d15_unit_7004,25,0.15,False,random,55,23,98.55,491.7316666666667
g25_d15_unit_7004,25,0.15,False,random,55,24,98.55,449.3933333333333
g25_d15_unit_7004,25,0.15,False,random,55,25,98.1,453.7433333333333
g25_d15_unit_7004,25,0.15,False,random,55,26,98.1,370.42
g25_d15_unit_7004,25,0.15,False,random,55,27,90.75,294.7366666666667
g25_d15_unit_7004,25,0.15,False,random,55,28,90.75,428.3066666666667
g25_d15_unit_7004,25,0.15,False,random,55,29,90.75,370.3
g25_d15_unit_7004,25,0.15,False,random,55,30,90.75,372.3833333333333
g25_d15_unit_7004,25,0.15,False,random,55,31,90.75,444.53333333333336
g25_d15_unit_7004,25,0.15,False,random,55,32,90.75,384.89833333333337
g25_d15_unit_7004,25,0.15,False,random,55,33,90.75,372.2183333333333
g25_d15_unit_7004,25,0.15,False,random,55,34,90.75,628.025
g25_d15_unit_7004,25,0.15,False,random,55,35,90.75,380.67
g25_d15_unit_7004,25,0.15,False,random,55,36,88.05,597.0
g25_d15_unit_7004,25,0.15,False,random,55,37,88.05,435.525
g25_d15_unit_7004,25,0.15,False,random,55,38,88.05,328.65999999999997
g25_d15_unit_7004,25,0.15,False,random,55,39,88.05,402.5516666666666
g25_d15_unit_7004,25,0.15,False,random,55,40,88.05,286.89833333333337
g25_d15_unit_7004,25,0.15,False,random,55,41,87.3,322.525
g25_d15_unit_7004,25,0.15,False,random,55,42,87.3,316.93833333333333
g25_d15_unit_7004,25,0.15,False,random,55,43,87.3,250.27333333333334
g25_d15_unit_7004,25,0.15,False,random,55,44,87.3,312.86333333333334
g25_d15_unit_7004,25,0.15,False,random,55,45,87.3,283.7583333333333
g25_d15_unit_7004,25,0.15,False,random,55,46,87.3,460.19
g25_d15_unit_7004,25,0.15,False,random,55,47,85.05,436.26666666666665
g25_d15_unit_7004,25,0.15,False,random,55,48,72.9,265.02833333333336
g25_d15_unit_7004,25,0.15,False,random,55,49,72.9,434.8
g25_d15_unit_7004,25,0.15,False,random,55,50,72.9,348.81666666666666
g25_d15_unit_7004,25,0.15,False,astar_seeded,11,1,50.4,1908.0800000000002
g25_d15_unit_7004,25,0.15,False,astar_seeded,11,2,50.4,1705.2816666666665
g25_d15_unit_7004,25,0.15,False,astar_seeded,11,3,50.4,1625.21
g25_d15_unit_7004,25,0.15,False,astar_seeded,11,4,50.4,1553.8600000000001
g25_d15_unit_7004,25,0.15,False,astar_seeded,11,5,50.4,1403.9816666666666
g25_d15_unit_7004,25,0.15,False,astar_seeded,11,6,50.4,1479.505
g25_d15_unit_7004,25,0.15,False,astar_seeded,11,7,50.4,1307.4266666666667
g25_d15_unit_7004,25,0.15,False,astar_seeded,11,8,50.4,1351.2683333333334
g25_d15_unit_7004,25,0.15,False,astar_seeded,11,9,50.4,1393.8316666666665
g25_d15_unit_7004,25,0.15,False,astar_seeded,11,10,50.4,1511.8566666666666
g25_d15_unit_7004,25,0.15,False,astar_seeded,11,11,50.4,1589.5566666666666
g25_d15_unit_7004,25,0.15,False,astar_seeded,11,12,50.4,1407.9916666666666
g25_d15_unit_7004,25,0.15,False,astar_seeded,11,13,50.4,1347.425
g25_d15_unit_7004,25,0.15,False,astar_seeded,11,14,50.4,1448.8316666666665
g25_d15_unit_7004,25,0.15,False,astar_seeded,11,15,50.4,1436.8783333333333
g25_d15_unit_7004,25,0.15,False,astar_seeded,11,16,50.4,1334.1533333333332
g25_d15_unit_7004,25,0.15,False,astar_seeded,11,17,50.4,1379.375
g25_d15_unit_7004,25,0.15,False,astar_seeded,11,18,50.4,1510.16
g25_d15_unit_7004,25,0.15,False,astar_seeded,11,19,50.4,1373.9199999999998
g25_d15_unit_7004,25,0.15,False,astar_seeded,11,20,50.4,1323.1166666666666
g25_d15_unit_7004,25,0.15,False,astar_seeded,11,21,50.4,1250.2633333333333
g25_d15_unit_7004,25,0.15,False,astar_seeded,11,22,50.4,1109.9266666666667
g25_d15_unit_7004,25,0.15,False,astar_seeded,11,23,50.4,1291.2683333333334
g25_d15_unit_7004,25,0.15,False,astar_seeded,11,24,50.4,1256.7433333333333
g25_d15_unit_7004,25,0.15,False,astar_seeded,11,25,50.4,1353.8899999999999
g25_d15_unit_7004,25,0.15,False,astar_seeded,11,26,50.4,1358.585
g25_d15_unit_7004,25,0.15,False,astar_seeded,11,27,50.4,1277.9566666666665
g25_d15_unit_7004,25,0.15,False,astar_seeded,11,28,50.4,1483.0283333333332
g25_d15_unit_7004,25,0.15,False,astar_seeded,11,29,50.4,1498.615
g25_d15_unit_7004,25,0.15,False,astar_seeded,11,30,50.4,1373.4116666666666
g25_d15_unit_7004,25,0.15,False,astar_seeded,11,31,50.4,1363.2283333333332
g25_d15_unit_7004,25,0.15,False,astar_seeded,11,32,50.4,1363.8333333333333
g25_d15_unit_7004,25,0.15,False,astar_seeded,11,33,50.4,1279.2066666666665
g25_d15_unit_7004,25,0.15,False,astar_seeded,11,34,50.4,1377.9
g25_d15_unit_7004,25,0.15,False,astar_seeded,11,35,50.4,1443.1483333333333
g25_d15_unit_7004,25,0.15,False,astar_seeded,11,36,50.4,1337.9816666666666
g25_d15_unit_7004,25,0.15,False,astar_seeded,11,37,50.4,1112.6966666666667
g25_d15_unit_7004,25,0.15,False,astar_seeded,11,38,50.4,1243.4850000000001
g25_d15_unit_7004,25,0.15,False,astar_seeded,11,39,50.4,1280.8833333333334
g25_d15_unit_7004,25,0.15,False,astar_seeded,11,40,50.4,1284.3533333333332
g25_d15_unit_7004,25,0.15,False,astar_seeded,11,41,50.4,1240.8516666666667
g25_d15_unit_7004,25,0.15,False,astar_seeded,11,42,50.4,1239.445
g25_d15_unit_7004,25,0.15,False,astar_seeded,11,43,50.4,1143.3183333333334
g25_d15_unit_7004,25,0.15,False,astar_seeded,11,44,50.4,1156.6033333333332
g25_d15_unit_7004,25,0.15,False,astar_seeded,11,45,50.4,1302.555
g25_d15_unit_7004,25,0.15,False,astar_seeded,11,46,50.4,1440.66
g25_d15_unit_7004,25,0.15,False,astar_seeded,11,47,50.4,1200.1533333333332
g25_d15_unit_7004,25,0.15,False,astar_seeded,11,48,50.4,1183.6433333333334
g25_d15_unit_7004,25,0.15,False,astar_seeded,11,49,50.4,1241.8266666666668
g25_d15_unit_7004,25,0.15,False,astar_seeded,11,50,50.4,1197.88
g25_d15_unit_7004,25,0.15,False,astar_seeded,22,1,50.4,1917.0716666666667
g25_d15_unit_7004,25,0.15,False,astar_seeded,22,2,50.4,1839.8133333333333
g25_d15_unit_7004,25,0.15,False,astar_seeded,22,3,50.4,1618.3016666666667
g25_d15_unit_7004,25,0.15,False,astar_seeded,22,4,50.4,1510.3100000000002
g25_d15_unit_7004,25,0.15,False,astar_seeded,22,5,50.4,1410.0533333333333
g25_d15_unit_7004,25,0.15,False,astar_seeded,22,6,50.4,1356.8483333333331
g25_d15_unit_7004,25,0.15,False,astar_seeded,22,7,50.4,1416.99
g25_d15_unit_7004,25,0.15,False,astar_seeded,22,8,50.4,1396.375
g25_d15_unit_7004,25,0.15,False,astar_seeded,22,9,50.4,1492.5033333333333
g25_d15_unit_7004,25,0.15,False,astar_seeded,22,10,50.4,1594.0016666666668
g25_d15_unit_7004,25,0.15,False,astar_seeded,22,11,50.4,1469.1766666666667
g25_d15_unit_7004,25,0.15,False,astar_seeded,22,12,50.4,1627.385
g25_d15_unit_7004,25,0.15,False,astar_seeded,22,13,50.4,1562.3483333333331
g25_d15_unit_7004,25,0.15,False,astar_seeded,22,14,50.4,1548.9766666666667
g25_d15_unit_7004,25,0.15,False,astar_seeded,22,15,50.4,1515.7433333333333
g25_d15_unit_7004,25,0.15,False,astar_seeded,22,16,50.4,1415.8166666666666
g25_d15_unit_7004,25,0.15,False,astar_seeded,22,17,50.4,1491.66
g25_d15_unit_7004,25,0.15,False,astar_seeded,22,18,50.4,1437.7350000000001
g25_d15_unit_7004,25,0.15,False,astar_seeded,22,19,50.4,1419.7266666666667
g25_d15_unit_7004,25,0.15,False,astar_seeded,22,20,50.4,1426.7649999999999
g25_d15_unit_7004,25,0.15,False,astar_seeded,22,21,50.4,1527.465
g25_d15_unit_7004,25,0.15,False,astar_seeded,22,22,50.4,1499.6433333333334
g25_d15_unit_7004,25,0.15,False,astar_seeded,22,23,50.4,1400.6766666666667
g25_d15_unit_7004,25,0.15,False,astar_seeded,22,24,50.4,1377.1699999999998
g25_d15_unit_7004,25,0.15,False,astar_seeded,22,25,50.4,1560.3016666666667
g25_d15_unit_7004,25,0.15,False,astar_seeded,22,26,50.4,1497.3516666666667
g25_d15_unit_7004,25,0.15,False,astar_seeded,22,27,50.4,1454.6899999999998
g25_d15_unit_7004,25,0.15,False,astar_seeded,22,28,50.4,1386.1033333333332
g25_d15_unit_7004,25,0.15,False,astar_seeded,22,29,50.4,1356.4316666666666
g25_d15_unit_7004,25,0.15,False,astar_seeded,22,30,50.4,1432.1633333333334
g25_d15_unit_7004,25,0.15,False,astar_seeded,22,31,50.4,1357.2266666666667
g25_d15_unit_7004,25,0.15,False,astar_seeded,22,32,50.4,1271.755
g25_d15_unit_7004,25,0.15,False,astar_seeded,22,33,50.4,1209.3066666666666
g25_d15_unit_7004,25,0.15,False,astar_seeded,22,34,50.4,1117.6383333333333
g25_d15_unit_7004,25,0.15,False,astar_seeded,22,35,50.4,1282.4366666666667
g25_d15_unit_7004,25,0.15,False,astar_seeded,22,36,50.4,1306.7466666666667
g25_d15_unit_7004,25,0.15,False,astar_seeded,22,37,50.4,1251.665
g25_d15_unit_7004,25,0.15,False,astar_seeded,22,38,50.4,1329.1283333333333
g25_d15_unit_7004,25,0.15,False,astar_seeded,22,39,50.4,1486.3766666666668
g25_d15_unit_7004,25,0.15,False,astar_seeded,22,40,50.4,1399.51
g25_d15_unit_7004,25,0.15,False,astar_seeded,22,41,50.4,1426.495
g25_d15_unit_7004,25,0.15,False,astar_seeded,22,42,50.4,1303.6333333333334
g25_d15_unit_7004,25,0.15,False,astar_seeded,22,43,50.4,1161.3283333333334
g25_d15_unit_7004,25,0.15,False,astar_seeded,22,44,50.4,804.115
g25_d15_unit_7004,25,0.15,False,astar_seeded,22,45,50.4,1167.5216666666668
g25_d15_unit_7004,25,0.15,False,astar_seeded,22,46,50.4,820.3733333333333
g25_d15_unit_7004,25,0.15,False,astar_seeded,22,47,50.4,821.13
g25_d15_unit_7004,25,0.15,False,astar_seeded,22,48,50.4,891.8433333333334
g25_d15_unit_7004,25,0.15,False,astar_seeded,22,49,50.4,885.4633333333334
g25_d15_unit_7004,25,0.15,False,astar_seeded,22,50,50.4,894.4383333333334
g25_d15_unit_7004,25,0.15,False,astar_seeded,33,1,50.4,1866.6883333333333
g25_d15_unit_7004,25,0.15,False,astar_seeded,33,2,50.4,1715.1100000000001
g25_d15_unit_7004,25,0.15,False,astar_seeded,33,3,50.4,1520.865
g25_d15_unit_7004,25,0.15,False,astar_seeded,33,4,50.4,1487.865
g25_d15_unit_7004,25,0.15,False,astar_seeded,33,5,50.4,1369.5466666666666
g25_d15_unit_7004,25,0.15,False,astar_seeded,33,6,50.4,1422.7383333333335
g25_d15_unit_7004,25,0.15,False,astar_seeded,33,7,50.4,1204.5183333333334
g25_d15_unit_7004,25,0.15,False,astar_seeded,33,8,50.4,1235.2216666666668
g25_d15_unit_7004,25,0.15,False,astar_seeded,33,9,50.4,1304.225
g25_d15_unit_7004,25,0.15,False,astar_seeded,33,10,50.4,1245.1100000000001
g25_d15_unit_7004,25,0.15,False,astar_seeded,33,11,50.4,1103.87
g25_d15_unit_7004,25,0.15,False,astar_seeded,33,12,50.4,1151.1833333333334
g25_d15_unit_7004,25,0.15,False,astar_seeded,33,13,50.4,1318.0433333333335
g25_d15_unit_7004,25,0.15,False,astar_seeded,33,14,50.4,1168.7616666666665
g25_d15_unit_7004,25,0.15,False,astar_seeded,33,15,50.4,1089.6133333333335
g25_d15_unit_7004,25,0.15,False,astar_seeded,33,16,50.4,1271.8566666666666
g25_d15_unit_7004,25,0.15,False,astar_seeded,33,17,50.4,1323.1516666666669
g25_d15_unit_7004,25,0.15,False,astar_seeded,33,18,50.4,1218.7050000000002
g25_d15_unit_7004,25,0.15,False,astar_seeded,33,19,50.4,1308.29
g25_d15_unit_7004,25,0.15,False,astar_seeded,33,20,50.4,1294.9266666666667
g25_d15_unit_7004,25,0.15,False,astar_seeded,33,21,50.4,1220.9766666666667
g25_d15_unit_7004,25,0.15,False,astar_seeded,33,22,50.4,1214.3616666666667
g25_d15_unit_7004,25,0.15,False,astar_seeded,33,23,50.4,1292.12
g25_d15_unit_7004,25,0.15,False,astar_seeded,33,24,50.4,1287.29
g25_d15_unit_7004,25,0.15,False,astar_seeded,33,25,50.4,1236.555
g25_d15_unit_7004,25,0.15,False,astar_seeded,33,26,50.4,1344.0966666666668
g25_d15_unit_7004,25,0.15,False,astar_seeded,33,27,50.4,1325.9783333333332
g25_d15_unit_7004,25,0.15,False,astar_seeded,33,28,50.4,1304.5916666666667
g25_d15_unit_7004,25,0.15,False,astar_seeded,33,29,50.4,1332.65
g25_d15_unit_7004,25,0.15,False,astar_seeded,33,30,50.4,1263.465
g25_d15_unit_7004,25,0.15,False,astar_seeded,33,31,50.4,1395.0449999999998
g25_d15_unit_7004,25,0.15,False,astar_seeded,33,32,50.4,1441.7483333333332
g25_d15_unit_7004,25,0.15,False,astar_seeded,33,33,50.4,1211.4283333333333
g25_d15_unit_7004,25,0.15,False,astar_seeded,33,34,50.4,1360.1166666666666
g25_d15_unit_7004,25,0.15,False,astar_seeded,33,35,50.4,1456.6666666666667
g25_d15_unit_7004,25,0.15,False,astar_seeded,33,36,50.4,1239.97
g25_d15_unit_7004,25,0.15,False,astar_seeded,33,37,50.4,1371.5016666666668
g25_d15_unit_7004,25,0.15,False,astar_seeded,33,38,50.4,1223.3533333333332
g25_d15_unit_7004,25,0.15,False,astar_seeded,33,39,50.4,1213.0366666666666
g25_d15_unit_7004,25,0.15,False,astar_seeded,33,40,50.4,1159.6
g25_d15_unit_7004,25,0.15,False,astar_seeded,33,41,50.4,1116.1899999999998
g25_d15_unit_7004,25,0.15,False,astar_seeded,33,42,50.4,1313.3816666666667
g25_d15_unit_7004,25,0.15,False,astar_seeded,33,43,50.4,1313.9733333333331
g25_d15_unit_7004,25,0.15,False,astar_seeded,33,44,50.4,1410.5016666666668
g25_d15_unit_7004,25,0.15,False,astar_seeded,33,45,50.4,1122.5433333333335
g25_d15_unit_7004,25,0.15,False,astar_seeded,33,46,50.4,1394.6816666666666
g25_d15_unit_7004,25,0.15,False,astar_seeded,33,47,50.4,1160.1316666666667
g25_d15_unit_7004,25,0.15,False,astar_seeded,33,48,50.4,1292.65
g25_d15_unit_7004,25,0.15,False,astar_seeded,33,49,50.4,1157.5783333333334
g25_d15_unit_7004,25,0.15,False,astar_seeded,33,50,50.4,1101.6766666666667
g25_d15_unit_7004,25,0.15,False,astar_seeded,44,1,50.4,1900.3300000000002
g25_d15_unit_7004,25,0.15,False,astar_seeded,44,2,50.4,1773.7050000000002
g25_d15_unit_7004,25,0.15,False,astar_seeded,44,3,50.4,1759.2966666666666
g25_d15_unit_7004,25,0.15,False,astar_seeded,44,4,50.4,1540.7433333333333
g25_d15_unit_7004,25,0.15,False,astar_seeded,44,5,50.4,1314.8416666666667
g25_d15_unit_7004,25,0.15,False,astar_seeded,44,6,50.4,1243.13
g25_d15_unit_7004,25,0.15,False,astar_seeded,44,7,50.4,1449.2783333333332
g25_d15_unit_7004,25,0.15,False,astar_seeded,44,8,50.4,1341.0066666666667
g25_d15_unit_7004,25,0.15,False,astar_seeded,44,9,50.4,1364.8866666666665
g25_d15_unit_7004,25,0.15,False,astar_seeded,44,10,50.4,1370.8316666666665
g25_d15_unit_7004,25,0.15,False,astar_seeded,44,11,50.4,1320.5583333333334
g25_d15_unit_7004,25,0.15,False,astar_seeded,44,12,50.4,1142.1483333333333
g25_d15_unit_7004,25,0.15,False,astar_seeded,44,13,50.4,1429.6566666666665
g25_d15_unit_7004,25,0.15,False,astar_seeded,44,14,50.4,1382.995
g25_d15_unit_7004,25,0.15,False,astar_seeded,44,15,50.4,1405.1433333333334
g25_d15_unit_7004,25,0.15,False,astar_seeded,44,16,50.4,1312.9066666666665
g25_d15_unit_7004,25,0.15,False,astar_seeded,44,17,50.4,1248.155
g25_d15_unit_7004,25,0.15,False,astar_seeded,44,18,50.4,1274.3133333333333
g25_d15_unit_7004,25,0.15,False,astar_seeded,44,19,50.4,1297.0316666666665
g25_d15_unit_7004,25,0.15,False,astar_seeded,44,20,50.4,1236.0416666666667
g25_d15_unit_7004,25,0.15,False,astar_seeded,44,21,50.4,1243.2366666666667
g25_d15_unit_7004,25,0.15,False,astar_seeded,44,22,50.4,1309.7350000000001
g25_d15_unit_7004,25,0.15,False,astar_seeded,44,23,50.4,1536.9433333333334
g25_d15_unit_7004,25,0.15,False,astar_seeded,44,24,50.4,1471.5116666666665
g25_d15_unit_7004,25,0.15,False,astar_seeded,44,25,50.4,1336.2683333333334
g25_d15_unit_7004,25,0.15,False,astar_seeded,44,26,50.4,1361.1083333333333
g25_d15_unit_7004,25,0.15,False,astar_seeded,44,27,50.4,1489.9233333333332
g25_d15_unit_7004,25,0.15,False,astar_seeded,44,28,50.4,1537.7050000000002
g25_d15_unit_7004,25,0.15,False,astar_seeded,44,29,50.4,1470.2366666666667
g25_d15_unit_7004,25,0.15,False,astar_seeded,44,30,50.4,1365.305
g25_d15_unit_7004,25,0.15,False,astar_seeded,44,31,50.4,1430.825
g25_d15_unit_7004,25,0.15,False,astar_seeded,44,32,50.4,1460.9833333333333
g25_d15_unit_7004,25,0.15,False,astar_seeded,44,33,50.4,1419.13
g25_d15_unit_7004,25,0.15,False,astar_seeded,44,34,50.4,1247.4399999999998
g25_d15_unit_7004,25,0.15,False,astar_seeded,44,35,50.4,1477.9266666666667
g25_d15_unit_7004,25,0.15,False,astar_seeded,44,36,50.4,1542.7183333333335
g25_d15_unit_7004,25,0.15,False,astar_seeded,44,37,50.4,1366.8666666666666
g25_d15_unit_7004,25,0.15,False,astar_seeded,44,38,50.4,1325.2583333333334
g25_d15_unit_7004,25,0.15,False,astar_seeded,44,39,50.4,1227.6466666666668
g25_d15_unit_7004,25,0.15,False,astar_seeded,44,40,50.4,1082.2466666666667
g25_d15_unit_7004,25,0.15,False,astar_seeded,44,41,50.4,1264.1850000000002
g25_d15_unit_7004,25,0.15,False,astar_seeded,44,42,50.4,1142.45
g25_d15_unit_7004,25,0.15,False,astar_seeded,44,43,50.4,1147.4666666666667
g25_d15_unit_7004,25,0.15,False,astar_seeded,44,44,50.4,1180.8300000000002
g25_d15_unit_7004,25,0.15,False,astar_seeded,44,45,50.4,1086.4316666666666
g25_d15_unit_7004,25,0.15,False,astar_seeded,44,46,50.4,1214.965
g25_d15_unit_7004,25,0.15,False,astar_seeded,44,47,50.4,1111.5449999999998
g25_d15_unit_7004,25,0.15,False,astar_seeded,44,48,50.4,1036.605
g25_d15_unit_7004,25,0.15,False,astar_seeded,44,49,50.4,865.105
g25_d15_unit_7004,25,0.15,False,astar_seeded,44,50,50.4,894.645
g25_d15_unit_7004,25,0.15,False,astar_seeded,55,1,50.4,1897.0383333333334
g25_d15_unit_7004,25,0.15,False,astar_seeded,55,2,50.4,1740.3933333333334
g25_d15_unit_7004,25,0.15,False,astar_seeded,55,3,50.4,1548.2916666666667
g25_d15_unit_7004,25,0.15,False,astar_seeded,55,4,50.4,1438.1666666666667
g25_d15_unit_7004,25,0.15,False,astar_seeded,55,5,50.4,1215.6283333333333
g25_d15_unit_7004,25,0.15,False,astar_seeded,55,6,50.4,1115.2833333333333
g25_d15_unit_7004,25,0.15,False,astar_seeded,55,7,50.4,961.465
g25_d15_unit_7004,25,0.15,False,astar_seeded,55,8,50.4,992.6416666666667
g25_d15_unit_7004,25,0.15,False,astar_seeded,55,9,50.4,882.4416666666667
g25_d15_unit_7004,25,0.15,False,astar_seeded,55,10,50.4,715.4483333333334
g25_d15_unit_7004,25,0.15,False,astar_seeded,55,11,50.4,1019.4366666666666
g25_d15_unit_7004,25,0.15,False,astar_seeded,55,12,50.4,1002.5783333333333
g25_d15_unit_7004,25,0.15,False,astar_seeded,55,13,50.4,816.1416666666667
g25_d15_unit_7004,25,0.15,False,astar_seeded,55,14,50.4,837.6183333333333
g25_d15_unit_7004,25,0.15,False,astar_seeded,55,15,50.4,744.9816666666667
g25_d15_unit_7004,25,0.15,False,astar_seeded,55,16,50.4,632.3916666666667
g25_d15_unit_7004,25,0.15,False,astar_seeded,55,17,50.4,942.52
g25_d15_unit_7004,25,0.15,False,astar_seeded,55,18,50.4,790.7366666666666
g25_d15_unit_7004,25,0.15,False,astar_seeded,55,19,50.4,678.5266666666666
g25_d15_unit_7004,25,0.15,False,astar_seeded,55,20,50.4,847.1583333333333
g25_d15_unit_7004,25,0.15,False,astar_seeded,55,21,50.4,975.5483333333334
g25_d15_unit_7004,25,0.15,False,astar_seeded,55,22,50.4,1020.2133333333334
g25_d15_unit_7004,25,0.15,False,astar_seeded,55,23,50.4,1129.6716666666666
g25_d15_unit_7004,25,0.15,False,astar_seeded,55,24,50.4,717.2466666666667
g25_d15_unit_7004,25,0.15,False,astar_seeded,55,25,50.4,696.6966666666667
g25_d15_unit_7004,25,0.15,False,astar_seeded,55,26,50.4,1014.4833333333333
g25_d15_unit_7004,25,0.15,False,astar_seeded,55,27,50.4,897.9366666666666
g25_d15_unit_7004,25,0.15,False,astar_seeded,55,28,50.4,791.9466666666667
g25_d15_unit_7004,25,0.15,False,astar_seeded,55,29,50.4,654.395
g25_d15_unit_7004,25,0.15,False,astar_seeded,55,30,50.4,849.5983333333334
g25_d15_unit_7004,25,0.15,False,astar_seeded,55,31,50.4,877.9116666666666
g25_d15_unit_7004,25,0.15,False,astar_seeded,55,32,50.4,904.6683333333333
g25_d15_unit_7004,25,0.15,False,astar_seeded,55,33,50.4,1194.0933333333335
g25_d15_unit_7004,25,0.15,False,astar_seeded,55,34,50.4,1200.1616666666666
g25_d15_unit_7004,25,0.15,False,astar_seeded,55,35,50.4,1177.09
g25_d15_unit_7004,25,0.15,False,astar_seeded,55,36,50.4,1099.3149999999998
g25_d15_unit_7004,25,0.15,False,astar_seeded,55,37,50.4,945.84
g25_d15_unit_7004,25,0.15,False,astar_seeded,55,38,50.4,814.1533333333333
g25_d15_unit_7004,25,0.15,False,astar_seeded,55,39,50.4,909.425
g25_d15_unit_7004,25,0.15,False,astar_seeded,55,40,50.4,721.6216666666667
g25_d15_unit_7004,25,0.15,False,astar_seeded,55,41,50.4,701.7866666666666
g25_d15_unit_7004,25,0.15,False,astar_seeded,55,42,50.4,484.26666666666665
g25_d15_unit_7004,25,0.15,False,astar_seeded,55,43,50.4,755.4449999999999
g25_d15_unit_7004,25,0.15,False,astar_seeded,55,44,50.4,630.295
g25_d15_unit_7004,25,0.15,False,astar_seeded,55,45,50.4,789.8133333333334
g25_d15_unit_7004,25,0.15,False,astar_seeded,55,46,50.4,795.5183333333333
g25_d15_unit_7004,25,0.15,False,astar_seeded,55,47,50.4,792.6983333333334
g25_d15_unit_7004,25,0.15,False,astar_seeded,55,48,50.4,807.3050000000001
g25_d15_unit_7004,25,0.15,False,astar_seeded,55,49,50.4,915.3683333333333
g25_d15_unit_7004,25,0.15,False,astar_seeded,55,50,50.4,695.59
g25_d15_weighted_7005,25,0.15,True,random,11,1,1866.5,2291.5833333333335
g25_d15_weighted_7005,25,0.15,True,random,11,2,1866.5,2191.6
g25_d15_weighted_7005,25,0.15,True,random,11,3,1709.5,2113.2833333333333
g25_d15_weighted_7005,25,0.15,True,random,11,4,1709.5,2062.508333333333
g25_d15_weighted_7005,25,0.15,True,random,11,5,1709.5,1999.5666666666666
g25_d15_weighted_7005,25,0.15,True,random,11,6,1687.25,1960.9166666666667
g25_d15_weighted_7005,25,0.15,True,random,11,7,1612.0,1894.2916666666667
g25_d15_weighted_7005,25,0.15,True,random,11,8,453.7,1841.6816666666666
g25_d15_weighted_7005,25,0.15,True,random,11,9,453.7,1777.2066666666665
g25_d15_weighted_7005,25,0.15,True,random,11,10,444.4,1774.32
g25_d15_weighted_7005,25,0.15,True,random,11,11,437.35,1674.1816666666666
g25_d15_weighted_7005,25,0.15,True,random,11,12,437.35,1662.005
g25_d15_weighted_7005,25,0.15,True,random,11,13,437.35,1724.3
g25_d15_weighted_7005,25,0.15,True,random,11,14,437.35,1737.7333333333333
g25_d15_weighted_7005,25,0.15,True,random,11,15,437.35,1794.4166666666667
g25_d15_weighted_7005,25,0.15,True,random,11,16,437.35,1663.4333333333334
g25_d15_weighted_7005,25,0.15,True,random,11,17,437.35,1674.465
g25_d15_weighted_7005,25,0.15,True,random,11,18,437.35,1712.525
g25_d15_weighted_7005,25,0.15,True,random,11,19,437.35,1764.3833333333334
g25_d15_weighted_7005,25,0.15,True,random,11,20,437.35,1727.9
g25_d15_weighted_7005,25,0.15,True,random,11,21,437.35,1753.24
g25_d15_weighted_7005,25,0.15,True,random,11,22,437.35,1762.8083333333334
g25_d15_weighted_7005,25,0.15,True,random,11,23,437.35,1745.965
g25_d15_weighted_7005,25,0.15,True,random,11,24,437.35,1777.49
g25_d15_weighted_7005,25,0.15,True,random,11,25,437.35,1748.09
g25_d15_weighted_7005,25,0.15,True,random,11,26,437.35,1685.145
g25_d15_weighted_7005,25,0.15,True,random,11,27,437.35,1699.0866666666666
g25_d15_weighted_7005,25,0.15,True,random,11,28,437.35,1755.8899999999999
g25_d15_weighted_7005,25,0.15,True,random,11,29,437.35,1756.29
g25_d15_weighted_7005,25,0.15,True,random,11,30,437.35,1756.615
g25_d15_weighted_7005,25,0.15,True,random,11,31,437.35,1716.2283333333332
g25_d15_weighted_7005,25,0.15,True,random,11,32,437.35,1771.0733333333333
g25_d15_weighted_7005,25,0.15,True,random,11,33,437.35,1686.16
g25_d15_weighted_7005,25,0.15,True,random,11,34,437.35,1619.5633333333333
g25_d15_weighted_7005,25,0.15,True,random,11,35,437.35,1694.5083333333334
g25_d15_weighted_7005,25,0.15,True,random,11,36,437.35,1639.8416666666667
g25_d15_weighted_7005,25,0.15,True,random,11,37,437.35,1671.1
g25_d15_weighted_7005,25,0.15,True,random,11,38,437.35,1573.675
g25_d15_weighted_7005,25,0.15,True,random,11,39,437.35,1623.3899999999999
g25_d15_weighted_7005,25,0.15,True,random,11,40,437.35,1650.535
g25_d15_weighted_7005,25,0.15,True,random,11,41,437.35,1694.47
g25_d15_weighted_7005,25,0.15,True,random,11,42,437.35,1673.2
g25_d15_weighted_7005,25,0.15,True,random,11,43,427.1,1678.62
g25_d15_weighted_7005,25,0.15,True,random,11,44,427.1,1666.4016666666669
g25_d15_weighted_7005,25,0.15,True,random,11,45,427.1,1713.4216666666666
g25_d15_weighted_7005,25,0.15,True,random,11,46,427.1,1658.49
g25_d15_weighted_7005,25,0.15,True,random,11,47,427.1,1699.3066666666666
g25_d15_weighted_7005,25,0.15,True,random,11,48,427.1,1685.6816666666666
g25_d15_weighted_7005,25,0.15,True,random,11,49,416.95,1654.3583333333333
g25_d15_weighted_7005,25,0.15,True,random,11,50,407.45,1443.6833333333334
g25_d15_weighted_7005,25,0.15,True,random,22,1,1959.0,2300.5416666666665
g25_d15_weighted_7005,25,0.15,True,random,22,2,1959.0,2239.1
g25_d15_weighted_7005,25,0.15,True,random,22,3,1907.0,2212.8
g25_d15_weighted_7005,25,0.15,True,random,22,4,1907.0,2168.1833333333334
g25_d15_weighted_7005,25,0.15,True,random,22,5,1855.5,2067.925
g25_d15_weighted_7005,25,0.15,True,random,22,6,1848.25,2066.108333333333
g25_d15_weighted_7005,25,0.15,True,random,22,7,1848.25,2082.6833333333334
g25_d15_weighted_7005,25,0.15,True,random,22,8,1812.25,2042.3833333333334
g25_d15_weighted_7005,25,0.15,True,random,22,9,1812.25,2028.5666666666666
g25_d15_weighted_7005,25,0.15,True,random,22,10,1812.25,2003.0083333333334
g25_d15_weighted_7005,25,0.15,True,random,22,11,1803.25,2002.1083333333333
g25_d15_weighted_7005,25,0.15,True,random,22,12,1768.0,1994.7666666666667
g25_d15_weighted_7005,25,0.15,True,random,22,13,1764.5,1983.55
g25_d15_weighted_7005,25,0.15,True,random,22,14,1764.5,1985.9416666666666
g25_d15_weighted_7005,25,0.15,True,random,22,15,1709.5,1955.3083333333334
g25_d15_weighted_7005,25,0.15,True,random,22,16,1709.5,1920.1
g25_d15_weighted_7005,25,0.15,True,random,22,17,1693.5,1939.2666666666667
g25_d15_weighted_7005,25,0.15,True,random,22,18,1693.5,1962.6083333333333
g25_d15_weighted_7005,25,0.15,True,random,22,19,1637.0,1849.2
g25_d15_weighted_7005,25,0.15,True,random,22,20,1637.0,1873.0
g25_d15_weighted_7005,25,0.15,True,random,22,21,1637.0,1843.5333333333333
g25_d15_weighted_7005,25,0.15,True,random,22,22,1620.75,1856.4166666666667
g25_d15_weighted_7005,25,0.15,True,random,22,23,1620.75,1832.025
g25_d15_weighted_7005,25,0.15,True,random,22,24,1576.25,1784.025
g25_d15_weighted_7005,25,0.15,True,random,22,25,1576.25,1800.7166666666667
g25_d15_weighted_7005,25,0.15,True,random,22,26,1576.25,1833.0166666666667
g25_d15_weighted_7005,25,0.15,True,random,22,27,1576.25,1820.7583333333334
g25_d15_weighted_7005,25,0.15,True,random,22,28,1576.25,1819.6
g25_d15_weighted_7005,25,0.15,True,random,22,29,1576.25,1810.4166666666667
g25_d15_weighted_7005,25,0.15,True,random,22,30,1576.25,1794.0916666666667
g25_d15_weighted_7005,25,0.15,True,random,22,31,1576.25,1810.35
g25_d15_weighted_7005,25,0.15,True,random,22,32,1576.25,1807.6583333333333
g25_d15_weighted_7005,25,0.15,True,random,22,33,1576.25,1808.8916666666667
g25_d15_weighted_7005,25,0.15,True,random,22,34,1569.75,1800.0833333333333
g25_d15_weighted_7005,25,0.15,True,random,22,35,1569.75,1790.275
g25_d15_weighted_7005,25,0.15,True,random,22,36,1568.5,1826.1
g25_d15_weighted_7005,25,0.15,True,random,22,37,1540.25,1822.075
g25_d15_weighted_7005,25,0.15,True,random,22,38,1540.25,1827.525
g25_d15_weighted_7005,25,0.15,True,random,22,39,529.6,1710.8066666666666
g25_d15_weighted_7005,25,0.15,True,random,22,40,453.95,1620.1533333333332
g25_d15_weighted_7005,25,0.15,True,random,22,41,406.0,1459.3116666666667
g25_d15_weighted_7005,25,0.15,True,random,22,42,383.65,1542.4133333333334
g25_d15_weighted_7005,25,0.15,True,random,22,43,383.65,1342.2533333333333
g25_d15_weighted_7005,25,0.15,True,random,22,44,383.65,1287.7866666666666
g25_d15_weighted_7005,25,0.15,True,random,22,45,383.65,1418.8216666666667
g25_d15_weighted_7005,25,0.15,True,random,22,46,383.65,1416.4116666666666
g25_d15_weighted_7005,25,0.15,True,random,22,47,376.9,1514.0033333333333
g25_d15_weighted_7005,25,0.15,True,random,22,48,376.9,1276.4
g25_d15_weighted_7005,25,0.15,True,random,22,49,376.9,1283.005
g25_d15_weighted_7005,25,0.15,True,random,22,50,376.9,1420.875
g25_d15_weighted_7005,25,0.15,True,random,33,1,1914.75,2281.9
g25_d15_weighted_7005,25,0.15,True,random,33,2,1886.5,2236.425
g25_d15_weighted_7005,25,0.15,True,random,33,3,1885.25,2121.425
g25_d15_weighted_7005,25,0.15,True,random,33,4,1734.25,2061.9666666666667
g25_d15_weighted_7005,25,0.15,True,random,33,5,1734.25,2045.9583333333333
g25_d15_weighted_7005,25,0.15,True,random,33,6,1611.75,1960.125
g25_d15_weighted_7005,25,0.15,True,random,33,7,1594.5,1906.1666666666667
g25_d15_weighted_7005,25,0.15,True,random,33,8,1594.5,1856.9916666666666
g25_d15_weighted_7005,25,0.15,True,random,33,9,1594.5,1847.5166666666667
g25_d15_weighted_7005,25,0.15,True,random,33,10,518.65,1792.7883333333334
g25_d15_weighted_7005,25,0.15,True,random,33,11,518.65,1790.43
g25_d15_weighted_7005,25,0.15,True,random,33,12,518.65,1722.5866666666666
g25_d15_weighted_7005,25,0.15,True,random,33,13,518.65,1747.245
g25_d15_weighted_7005,25,0.15,True,random,33,14,518.65,1650.5366666666666
g25_d15_weighted_7005,25,0.15,True,random,33,15,518.65,1666.9316666666666
g25_d15_weighted_7005,25,0.15,True,random,33,16,518.65,1656.4716666666668
g25_d15_weighted_7005,25,0.15,True,random,33,17,518.65,1661.7783333333332
g25_d15_weighted_7005,25,0.15,True,random,33,18,518.65,1705.745
g25_d15_weighted_7005,25,0.15,True,random,33,19,518.65,1702.52
g25_d15_weighted_7005,25,0.15,True,random,33,20,518.65,1633.13
g25_d15_weighted_7005,25,0.15,True,random,33,21,516.4,1593.075
g25_d15_weighted_7005,25,0.15,True,random,33,22,509.6,1626.27
g25_d15_weighted_7005,25,0.15,True,random,33,23,466.55,1504.8983333333333
g25_d15_weighted_7005,25,0.15,True,random,33,24,466.55,1540.635
g25_d15_weighted_7005,25,0.15,True,random,33,25,466.55,1563.895
g25_d15_weighted_7005,25,0.15,True,random,33,26,466.55,1656.2466666666667
g25_d15_weighted_7005,25,0.15,True,random,33,27,466.55,1566.9833333333333
g25_d15_weighted_7005,25,0.15,True,random,33,28,466.55,1584.2350000000001
g25_d15_weighted_7005,25,0.15,True,random,33,29,383.45,1519.16
g25_d15_weighted_7005,25,0.15,True,random,33,30,383.45,1531.0233333333333
g25_d15_weighted_7005,25,0.15,True,random,33,31,373.7,1602.8100000000002
g25_d15_weighted_7005,25,0.15,True,random,33,32,373.7,1538.095
g25_d15_weighted_7005,25,0.15,True,random,33,33,373.7,1441.1399999999999
g25_d15_weighted_7005,25,0.15,True,random,33,34,373.7,1501.4316666666666
g25_d15_weighted_7005,25,0.15,True,random,33,35,344.25,1466.7933333333335
g25_d15_weighted_7005,25,0.15,True,random,33,36,341.9,1328.095
g25_d15_weighted_7005,25,0.15,True,random,33,37,341.9,1169.445
g25_d15_weighted_7005,25,0.15,True,random,33,38,337.75,1365.5183333333334
g25_d15_weighted_7005,25,0.15,True,random,33,39,337.75,1345.5083333333334
g25_d15_weighted_7005,25,0.15,True,random,33,40,337.75,1349.055
g25_d15_weighted_7005,25,0.15,True,random,33,41,337.75,1407.6916666666666
g25_d15_weighted_7005,25,0.15,True,random,33,42,337.75,1461.5966666666668
g25_d15_weighted_7005,25,0.15,True,random,33,43,337.75,1414.2633333333333
g25_d15_weighted_7005,25,0.15,True,random,33,44,337.75,1338.3100000000002
g25_d15_weighted_7005,25,0.15,True,random,33,45,337.75,1492.5
g25_d15_weighted_7005,25,0.15,True,random,33,46,337.75,1209.9766666666667
g25_d15_weighted_7005,25,0.15,True,random,33,47,337.75,1187.8366666666666
g25_d15_weighted_7005,25,0.15,True,random,33,48,337.75,1314.305
g25_d15_weighted_7005,25,0.15,True,random,33,49,337.75,1364.0616666666667
g25_d15_weighted_7005,25,0.15,True,random,33,50,337.75,1283.1633333333334
g25_d15_weighted_7005,25,0.15,True,random,44,1,2116.25,2282.983333333333
g25_d15_weighted_7005,25,0.15,True,random,44,2,2116.25,2243.483333333333
g25_d15_weighted_7005,25,0.15,True,random,44,3,2031.0,2207.1666666666665
g25_d15_weighted_7005,25,0.15,True,random,44,4,1906.5,2176.425
g25_d15_weighted_7005,25,0.15,True,random,44,5,1906.5,2131.8083333333334
g25_d15_weighted_7005,25,0.15,True,random,44,6,1904.75,2119.95
g25_d15_weighted_7005,25,0.15,True,random,44,7,1904.75,2093.725
g25_d15_weighted_7005,25,0.15,True,random,44,8,1854.75,2085.7833333333333
g25_d15_weighted_7005,25,0.15,True,random,44,9,1854.75,2091.991666666667
g25_d15_weighted_7005,25,0.15,True,random,44,10,1853.75,2061.7
g25_d15_weighted_7005,25,0.15,True,random,44,11,1846.75,2093.858333333333
g25_d15_weighted_7005,25,0.15,True,random,44,12,1794.25,2040.9666666666667
g25_d15_weighted_7005,25,0.15,True,random,44,13,1794.25,2003.0833333333333
g25_d15_weighted_7005,25,0.15,True,random,44,14,1794.25,2008.9
g25_d15_weighted_7005,25,0.15,True,random,44,15,1716.0,1952.6666666666667
g25_d15_weighted_7005,25,0.15,True,random,44,16,1613.25,1854.7
g25_d15_weighted_7005,25,0.15,True,random,44,17,1613.25,1876.3416666666667
g25_d15_weighted_7005,25,0.15,True,random,44,18,1613.25,1890.725
g25_d15_weighted_7005,25,0.15,True,random,44,19,1613.25,1885.1583333333333
g25_d15_weighted_7005,25,0.15,True,random,44,20,1613.25,1839.9083333333333
g25_d15_weighted_7005,25,0.15,True,random,44,21,1613.25,1819.25
g25_d15_weighted_7005,25,0.15,True,random,44,22,1609.0,1822.975
g25_d15_weighted_7005,25,0.15,True,random,44,23,1561.25,1807.6666666666667
g25_d15_weighted_7005,25,0.15,True,random,44,24,1561.25,1804.2833333333333
g25_d15_weighted_7005,25,0.15,True,random,44,25,1561.25,1760.05
g25_d15_weighted_7005,25,0.15,True,random,44,26,1561.25,1792.3166666666666
g25_d15_weighted_7005,25,0.15,True,random,44,27,1482.25,1755.5166666666667
g25_d15_weighted_7005,25,0.15,True,random,44,28,1482.25,1819.675
g25_d15_weighted_7005,25,0.15,True,random,44,29,1482.25,1788.2583333333334
g25_d15_weighted_7005,25,0.15,True,random,44,30,1482.25,1797.9083333333333
g25_d15_weighted_7005,25,0.15,True,random,44,31,1473.5,1712.3333333333333
g25_d15_weighted_7005,25,0.15,True,random,44,32,1473.5,1706.3166666666666
g25_d15_weighted_7005,25,0.15,True,random,44,33,1473.5,1766.2666666666667
g25_d15_weighted_7005,25,0.15,True,random,44,34,1473.5,1751.975
g25_d15_weighted_7005,25,0.15,True,random,44,35,1473.5,1760.5333333333333
g25_d15_weighted_7005,25,0.15,True,random,44,36,1463.25,1739.65
g25_d15_weighted_7005,25,0.15,True,random,44,37,1463.25,1703.95
g25_d15_weighted_7005,25,0.15,True,random,44,38,1436.5,1745.675
g25_d15_weighted_7005,25,0.15,True,random,44,39,1436.5,1730.3083333333334
g25_d15_weighted_7005,25,0.15,True,random,44,40,1436.5,1702.55
g25_d15_weighted_7005,25,0.15,True,random,44,41,1436.5,1710.65
g25_d15_weighted_7005,25,0.15,True,random,44,42,1436.5,1732.925
g25_d15_weighted_7005,25,0.15,True,random,44,43,1436.5,1753.0333333333333
g25_d15_weighted_7005,25,0.15,True,random,44,44,1436.5,1695.675
g25_d15_weighted_7005,25,0.15,True,random,44,45,1436.5,1757.6666666666667
g25_d15_weighted_7005,25,0.15,True,random,44,46,1433.25,1696.5916666666667
g25_d15_weighted_7005,25,0.15,True,random,44,47,1433.25,1698.2083333333333
g25_d15_weighted_7005,25,0.15,True,random,44,48,1433.25,1739.9666666666667
g25_d15_weighted_7005,25,0.15,True,random,44,49,1417.25,1715.4333333333334
g25_d15_weighted_7005,25,0.15,True,random,44,50,1417.25,1691.2166666666667
g25_d15_weighted_7005,25,0.15,True,random,55,1,1725.5,2261.7166666666667
g25_d15_weighted_7005,25,0.15,True,random,55,2,1725.5,2170.275
g25_d15_weighted_7005,25,0.15,True,random,55,3,1682.0,2001.2833333333333
g25_d15_weighted_7005,25,0.15,True,random,55,4,1597.25,1871.05
g25_d15_weighted_7005,25,0.15,True,random,55,5,1597.25,1838.625
g25_d15_weighted_7005,25,0.15,True,random,55,6,425.55,1735.32
g25_d15_weighted_7005,25,0.15,True,random,55,7,425.55,1608.9333333333334
g25_d15_weighted_7005,25,0.15,True,random,55,8,425.55,1601.5416666666667
g25_d15_weighted_7005,25,0.15,True,random,55,9,425.55,1409.5083333333334
g25_d15_weighted_7005,25,0.15,True,random,55,10,425.55,1414.7333333333333
g25_d15_weighted_7005,25,0.15,True,random,55,11,408.4,1313.5016666666668
g25_d15_weighted_7005,25,0.15,True,random,55,12,373.35,1315.54
g25_d15_weighted_7005,25,0.15,True,random,55,13,373.35,1044.0166666666667
g25_d15_weighted_7005,25,0.15,True,random,55,14,373.35,1373.405
g25_d15_weighted_7005,25,0.15,True,random,55,15,335.55,1153.1333333333334
g25_d15_weighted_7005,25,0.15,True,random,55,16,335.55,1234.5033333333333
g25_d15_weighted_7005,25,0.15,True,random,55,17,335.55,1120.0583333333334
g25_d15_weighted_7005,25,0.15,True,random,55,18,335.55,1318.7683333333334
g25_d15_weighted_7005,25,0.15,True,random,55,19,335.55,1300.4266666666667
g25_d15_weighted_7005,25,0.15,True,random,55,20,335.55,1367.5033333333333
g25_d15_weighted_7005,25,0.15,True,random,55,21,335.55,1111.4133333333334
g25_d15_weighted_7005,25,0.15,True,random,55,22,334.7,1180.2583333333334
g25_d15_weighted_7005,25,0.15,True,random,55,23,334.7,1113.34
g25_d15_weighted_7005,25,0.15,True,random,55,24,322.1,1070.5616666666667
g25_d15_weighted_7005,25,0.15,True,random,55,25,322.1,1370.6416666666667
g25_d15_weighted_7005,25,0.15,True,random,55,26,322.1,1196.7366666666667
g25_d15_weighted_7005,25,0.15,True,random,55,27,322.1,1135.7533333333333
g25_d15_weighted_7005,25,0.15,True,random,55,28,322.1,1261.8166666666666
g25_d15_weighted_7005,25,0.15,True,random,55,29,322.1,1371.02
g25_d15_weighted_7005,25,0.15,True,random,55,30,317.95,1220.7916666666667
g25_d15_weighted_7005,25,0.15,True,random,55,31,311.85,1383.2966666666666
g25_d15_weighted_7005,25,0.15,True,random,55,32,300.8,1266.82
g25_d15_weighted_7005,25,0.15,True,random,55,33,300.8,1326.7483333333332
g25_d15_weighted_7005,25,0.15,True,random,55,34,300.8,1445.1033333333332
g25_d15_weighted_7005,25,0.15,True,random,55,35,300.8,1537.0766666666668
g25_d15_weighted_7005,25,0.15,True,random,55,36,300.8,1492.8583333333333
g25_d15_weighted_7005,25,0.15,True,random,55,37,300.8,1498.4533333333334
g25_d15_weighted_7005,25,0.15,True,random,55,38,300.8,1211.6316666666667
g25_d15_weighted_7005,25,0.15,True,random,55,39,281.85,1216.7983333333332
g25_d15_weighted_7005,25,0.15,True,random,55,40,270.4,1349.05
g25_d15_weighted_7005,25,0.15,True,random,55,41,270.4,1276.3733333333332
g25_d15_weighted_7005,25,0.15,True,random,55,42,270.4,1385.8899999999999
g25_d15_weighted_7005,25,0.15,True,random,55,43,270.4,1521.9533333333334
g25_d15_weighted_7005,25,0.15,True,random,55,44,270.4,1472.3583333333333
g25_d15_weighted_7005,25,0.15,True,random,55,45,270.4,1404.9850000000001
g25_d15_weighted_7005,25,0.15,True,random,55,46,270.4,1427.7083333333333
g25_d15_weighted_7005,25,0.15,True,random,55,47,270.4,1405.3983333333333
g25_d15_weighted_7005,25,0.15,True,random,55,48,270.4,1253.1233333333332
g25_d15_weighted_7005,25,0.15,True,random,55,49,270.4,1512.8083333333334
g25_d15_weighted_7005,25,0.15,True,random,55,50,270.4,1378.54
g25_d15_weighted_7005,25,0.15,True,astar_seeded,11,1,120.4,2192.588333333333
g25_d15_weighted_7005,25,0.15,True,astar_seeded,11,2,120.4,1931.4733333333331
g25_d15_weighted_7005,25,0.15,True,astar_seeded,11,3,120.4,1852.1516666666669
g25_d15_weighted_7005,25,0.15,True,astar_seeded,11,4,120.4,1779.1483333333333
g25_d15_weighted_7005,25,0.15,True,astar_seeded,11,5,120.4,1716.54
g25_d15_weighted_7005,25,0.15,True,astar_seeded,11,6,120.4,1794.965
g25_d15_weighted_7005,25,0.15,True,astar_seeded,11,7,120.4,1603.2916666666667
g25_d15_weighted_7005,25,0.15,True,astar_seeded,11,8,120.4,1597.5966666666668
g25_d15_weighted_7005,25,0.15,True,astar_seeded,11,9,120.4,1593.8866666666665
g25_d15_weighted_7005,25,0.15,True,astar_seeded,11,10,120.4,1654.7166666666667
g25_d15_weighted_7005,25,0.15,True,astar_seeded,11,11,120.4,1760.4433333333334
g25_d15_weighted_7005,25,0.15,True,astar_seeded,11,12,120.4,1422.215
g25_d15_weighted_7005,25,0.15,True,astar_seeded,11,13,120.4,1558.3083333333334
g25_d15_weighted_7005,25,0.15,True,astar_seeded,11,14,120.4,1467.0583333333334
g25_d15_weighted_7005,25,0.15,True,astar_seeded,11,15,120.4,1340.7949999999998
g25_d15_weighted_7005,25,0.15,True,astar_seeded,11,16,120.4,1411.3816666666667
g25_d15_weighted_7005,25,0.15,True,astar_seeded,11,17,120.4,1543.7383333333335
g25_d15_weighted_7005,25,0.15,True,astar_seeded,11,18,120.4,1391.8866666666665
g25_d15_weighted_7005,25,0.15,True,astar_seeded,11,19,120.4,1209.2316666666666
g25_d15_weighted_7005,25,0.15,True,astar_seeded,11,20,120.4,1269.1683333333335
g25_d15_weighted_7005,25,0.15,True,astar_seeded,11,21,120.4,1484.4366666666667
g25_d15_weighted_7005,25,0.15,True,astar_seeded,11,22,120.4,1522.5733333333333
g25_d15_weighted_7005,25,0.15,True,astar_seeded,11,23,120.4,1475.6916666666666
g25_d15_weighted_7005,25,0.15,True,astar_seeded,11,24,120.4,1497.03
g25_d15_weighted_7005,25,0.15,True,astar_seeded,11,25,120.4,1342.1399999999999
g25_d15_weighted_7005,25,0.15,True,astar_seeded,11,26,120.4,1375.75
g25_d15_weighted_7005,25,0.15,True,astar_seeded,11,27,120.4,1444.1366666666665
g25_d15_weighted_7005,25,0.15,True,astar_seeded,11,28,120.4,1607.1033333333332
g25_d15_weighted_7005,25,0.15,True,astar_seeded,11,29,120.4,1490.1266666666668
g25_d15_weighted_7005,25,0.15,True,astar_seeded,11,30,120.4,1493.195
g25_d15_weighted_7005,25,0.15,True,astar_seeded,11,31,120.4,1315.13
g25_d15_weighted_7005,25,0.15,True,astar_seeded,11,32,120.4,1275.1516666666669
g25_d15_weighted_7005,25,0.15,True,astar_seeded,11,33,120.4,1296.9883333333335
g25_d15_weighted_7005,25,0.15,True,astar_seeded,11,34,120.4,1367.3216666666667
g25_d15_weighted_7005,25,0.15,True,astar_seeded,11,35,120.4,1540.0683333333334
g25_d15_weighted_7005,25,0.15,True,astar_seeded,11,36,120.4,1573.2416666666666
g25_d15_weighted_7005,25,0.15,True,astar_seeded,11,37,120.4,1164.8383333333334
g25_d15_weighted_7005,25,0.15,True,astar_seeded,11,38,120.4,1275.7883333333334
g25_d15_weighted_7005,25,0.15,True,astar_seeded,11,39,120.4,1274.7783333333332
g25_d15_weighted_7005,25,0.15,True,astar_seeded,11,40,120.4,1530.5166666666667
g25_d15_weighted_7005,25,0.15,True,astar_seeded,11,41,120.4,1306.8633333333335
g25_d15_weighted_7005,25,0.15,True,astar_seeded,11,42,120.4,1588.8966666666668
g25_d15_weighted_7005,25,0.15,True,astar_seeded,11,43,120.4,1614.0933333333335
g25_d15_weighted_7005,25,0.15,True,astar_seeded,11,44,120.4,1438.2883333333334
g25_d15_weighted_7005,25,0.15,True,astar_seeded,11,45,120.4,1570.1383333333333
g25_d15_weighted_7005,25,0.15,True,astar_seeded,11,46,120.4,1685.1833333333334
g25_d15_weighted_7005,25,0.15,True,astar_seeded,11,47,120.4,1476.1016666666667
g25_d15_weighted_7005,25,0.15,True,astar_seeded,11,48,120.4,1596.3016666666667
g25_d15_weighted_7005,25,0.15,True,astar_seeded,11,49,120.4,1669.6566666666665
g25_d15_weighted_7005,25,0.15,True,astar_seeded,11,50,120.4,1619.4166666666667
g25_d15_weighted_7005,25,0.15,True,astar_seeded,22,1,120.4,2208.105
g25_d15_weighted_7005,25,0.15,True,astar_seeded,22,2,120.4,2201.205
g25_d15_weighted_7005,25,0.15,True,astar_seeded,22,3,120.4,1901.3566666666666
g25_d15_weighted_7005,25,0.15,True,astar_seeded,22,4,120.4,1702.1583333333333
g25_d15_weighted_7005,25,0.15,True,astar_seeded,22,5,120.4,1754.5533333333333
g25_d15_weighted_7005,25,0.15,True,astar_seeded,22,6,120.4,1609.4
g25_d15_weighted_7005,25,0.15,True,astar_seeded,22,7,120.4,1719.1
g25_d15_weighted_7005,25,0.15,True,astar_seeded,22,8,120.4,1732.7083333333333
g25_d15_weighted_7005,25,0.15,True,astar_seeded,22,9,120.4,1720.2366666666667
g25_d15_weighted_7005,25,0.15,True,astar_seeded,22,10,120.4,1811.8066666666666
g25_d15_weighted_7005,25,0.15,True,astar_seeded,22,11,120.4,1934.5183333333334
g25_d15_weighted_7005,25,0.15,True,astar_seeded,22,12,120.4,1849.7266666666667
g25_d15_weighted_7005,25,0.15,True,astar_seeded,22,13,120.4,1810.1733333333332
g25_d15_weighted_7005,25,0.15,True,astar_seeded,22,14,120.4,1811.5800000000002
g25_d15_weighted_7005,25,0.15,True,astar_seeded,22,15,120.4,1784.1633333333334
g25_d15_weighted_7005,25,0.15,True,astar_seeded,22,16,120.4,1714.6216666666667
g25_d15_weighted_7005,25,0.15,True,astar_seeded,22,17,120.4,1741.0683333333334
g25_d15_weighted_7005,25,0.15,True,astar_seeded,22,18,120.4,1698.46
g25_d15_weighted_7005,25,0.15,True,astar_seeded,22,19,120.4,1737.0516666666667
g25_d15_weighted_7005,25,0.15,True,astar_seeded,22,20,120.4,1738.7183333333335
g25_d15_weighted_7005,25,0.15,True,astar_seeded,22,21,120.4,1612.13
g25_d15_weighted_7005,25,0.15,True,astar_seeded,22,22,120.4,1695.6233333333332
g25_d15_weighted_7005,25,0.15,True,astar_seeded,22,23,120.4,1678.4866666666667
g25_d15_weighted_7005,25,0.15,True,astar_seeded,22,24,120.4,1540.7266666666667
g25_d15_weighted_7005,25,0.15,True,astar_seeded,22,25,120.4,1857.4266666666667
g25_d15_weighted_7005,25,0.15,True,astar_seeded,22,26,120.4,1874.6016666666667
g25_d15_weighted_7005,25,0.15,True,astar_seeded,22,27,120.4,1782.29
g25_d15_weighted_7005,25,0.15,True,astar_seeded,22,28,120.4,1830.6433333333334
g25_d15_weighted_7005,25,0.15,True,astar_seeded,22,29,120.4,1705.4483333333333
g25_d15_weighted_7005,25,0.15,True,astar_seeded,22,30,120.4,1664.715
g25_d15_weighted_7005,25,0.15,True,astar_seeded,22,31,120.4,1602.835
g25_d15_weighted_7005,25,0.15,True,astar_seeded,22,32,120.4,1763.5016666666668
g25_d15_weighted_7005,25,0.15,True,astar_seeded,22,33,120.4,1723.625
g25_d15_weighted_7005,25,0.15,True,astar_seeded,22,34,120.4,1683.8583333333333
g25_d15_weighted_7005,25,0.15,True,astar_seeded,22,35,120.4,1633.52
g25_d15_weighted_7005,25,0.15,True,astar_seeded,22,36,120.4,1626.0783333333334
g25_d15_weighted_7005,25,0.15,True,astar_seeded,22,37,120.4,1760.885
g25_d15_weighted_7005,25,0.15,True,astar_seeded,22,38,120.4,1695.3366666666666
g25_d15_weighted_7005,25,0.15,True,astar_seeded,22,39,120.4,1721.7566666666667
g25_d15_weighted_7005,25,0.15,True,astar_seeded,22,40,120.4,1675.1233333333332
g25_d15_weighted_7005,25,0.15,True,astar_seeded,22,41,120.4,1710.7766666666669
g25_d15_weighted_7005,25,0.15,True,astar_seeded,22,42,120.4,1679.615
g25_d15_weighted_7005,25,0.15,True,astar_seeded,22,43,120.4,1587.3116666666667
g25_d15_weighted_7005,25,0.15,True,astar_seeded,22,44,120.4,1611.4199999999998
g25_d15_weighted_7005,25,0.15,True,astar_seeded,22,45,120.4,1695.415
g25_d15_weighted_7005,25,0.15,True,astar_seeded,22,46,120.4,1511.2783333333332
g25_d15_weighted_7005,25,0.15,True,astar_seeded,22,47,120.4,1502.1816666666666
g25_d15_weighted_7005,25,0.15,True,astar_seeded,22,48,120.4,1582.96
g25_d15_weighted_7005,25,0.15,True,astar_seeded,22,49,120.4,1514.16
g25_d15_weighted_7005,25,0.15,True,astar_seeded,22,50,120.4,1573.46
g25_d15_weighted_7005,25,0.15,True,astar_seeded,33,1,120.4,2114.1583333333333
g25_d15_weighted_7005,25,0.15,True,astar_seeded,33,2,120.4,1939.29
g25_d15_weighted_7005,25,0.15,True,astar_seeded,33,3,120.4,1738.0183333333334
g25_d15_weighted_7005,25,0.15,True,astar_seeded,33,4,120.4,1706.3149999999998
g25_d15_weighted_7005,25,0.15,True,astar_seeded,33,5,120.4,1653.9983333333332
g25_d15_weighted_7005,25,0.15,True,astar_seeded,33,6,120.4,1724.6416666666667
g25_d15_weighted_7005,25,0.15,True,astar_seeded,33,7,120.4,1541.65
g25_d15_weighted_7005,25,0.15,True,astar_seeded,33,8,120.4,1658.8633333333335
g25_d15_weighted_7005,25,0.15,True,astar_seeded,33,9,120.4,1591.6399999999999
g25_d15_weighted_7005,25,0.15,True,astar_seeded,33,10,120.4,1562.2383333333335
g25_d15_weighted_7005,25,0.15,True,astar_seeded,33,11,120.4,1559.8566666666666
g25_d15_weighted_7005,25,0.15,True,astar_seeded,33,12,120.4,1681.0766666666668
g25_d15_weighted_7005,25,0.15,True,astar_seeded,33,13,120.4,1759.585
g25_d15_weighted_7005,25,0.15,True,astar_seeded,33,14,120.4,1681.2
g25_d15_weighted_7005,25,0.15,True,astar_seeded,33,15,120.4,1365.8816666666667
g25_d15_weighted_7005,25,0.15,True,astar_seeded,33,16,120.4,1563.385
g25_d15_weighted_7005,25,0.15,True,astar_seeded,33,17,120.4,1565.7283333333332
g25_d15_weighted_7005,25,0.15,True,astar_seeded,33,18,120.4,1542.1833333333334
g25_d15_weighted_7005,25,0.15,True,astar_seeded,33,19,120.4,1581.6933333333334
g25_d15_weighted_7005,25,0.15,True,astar_seeded,33,20,120.4,1418.195
g25_d15_weighted_7005,25,0.15,True,astar_seeded,33,21,120.4,1543.8983333333333
g25_d15_weighted_7005,25,0.15,True,astar_seeded,33,22,120.4,1467.465
g25_d15_weighted_7005,25,0.15,True,astar_seeded,33,23,120.4,1496.9016666666669
g25_d15_weighted_7005,25,0.15,True,astar_seeded,33,24,120.4,1497.3116666666667
g25_d15_weighted_7005,25,0.15,True,astar_seeded,33,25,120.4,1466.6433333333334
g25_d15_weighted_7005,25,0.15,True,astar_seeded,33,26,120.4,1466.945
g25_d15_weighted_7005,25,0.15,True,astar_seeded,33,27,120.4,1682.4316666666666
g25_d15_weighted_7005,25,0.15,True,astar_seeded,33,28,120.4,1594.2516666666668
g25_d15_weighted_7005,25,0.15,True,astar_seeded,33,29,120.4,1577.2216666666668
g25_d15_weighted_7005,25,0.15,True,astar_seeded,33,30,120.4,1550.3600000000001
g25_d15_weighted_7005,25,0.15,True,astar_seeded,33,31,120.4,1441.405
g25_d15_weighted_7005,25,0.15,True,astar_seeded,33,32,120.4,1452.0216666666668
g25_d15_weighted_7005,25,0.15,True,astar_seeded,33,33,120.4,1380.195
g25_d15_weighted_7005,25,0.15,True,astar_seeded,33,34,120.4,1453.8083333333334
g25_d15_weighted_7005,25,0.15,True,astar_seeded,33,35,120.4,1481.0116666666665
g25_d15_weighted_7005,25,0.15,True,astar_seeded,33,36,120.4,1404.805
g25_d15_weighted_7005,25,0.15,True,astar_seeded,33,37,120.4,1590.1783333333333
g25_d15_weighted_7005,25,0.15,True,astar_seeded,33,38,120.4,1411.3600000000001
g25_d15_weighted_7005,25,0.15,True,astar_seeded,33,39,120.4,1563.9333333333334
g25_d15_weighted_7005,25,0.15,True,astar_seeded,33,40,120.4,1316.9350000000002
g25_d15_weighted_7005,25,0.15,True,astar_seeded,33,41,120.4,1436.5866666666666
g25_d15_weighted_7005,25,0.15,True,astar_seeded,33,42,120.4,1478.2333333333333
g25_d15_weighted_7005,25,0.15,True,astar_seeded,33,43,120.4,1629.9066666666665
g25_d15_weighted_7005,25,0.15,True,astar_seeded,33,44,120.4,1721.5766666666668
g25_d15_weighted_7005,25,0.15,True,astar_seeded,33,45,120.4,1429.6633333333334
g25_d15_weighted_7005,25,0.15,True,astar_seeded,33,46,120.4,1488.1816666666666
g25_d15_weighted_7005,25,0.15,True,astar_seeded,33,47,120.4,1352.555
g25_d15_weighted_7005,25,0.15,True,astar_seeded,33,48,120.4,1390.7416666666666
g25_d15_weighted_7005,25,0.15,True,astar_seeded,33,49,120.4,1393.8933333333334
g25_d15_weighted_7005,25,0.15,True,astar_seeded,33,50,120.4,1375.8733333333332
g25_d15_weighted_7005,25,0.15,True,astar_seeded,44,1,120.4,2090.8183333333336
g25_d15_weighted_7005,25,0.15,True,astar_seeded,44,2,120.4,1909.1283333333333
g25_d15_weighted_7005,25,0.15,True,astar_seeded,44,3,120.4,1827.1316666666667
g25_d15_weighted_7005,25,0.15,True,astar_seeded,44,4,120.4,1714.8616666666667
g25_d15_weighted_7005,25,0.15,True,astar_seeded,44,5,120.4,1619.4083333333333
g25_d15_weighted_7005,25,0.15,True,astar_seeded,44,6,120.4,1605.48
g25_d15_weighted_7005,25,0.15,True,astar_seeded,44,7,120.4,1859.1683333333335
g25_d15_weighted_7005,25,0.15,True,astar_seeded,44,8,120.4,1755.3233333333333
g25_d15_weighted_7005,25,0.15,True,astar_seeded,44,9,120.4,1773.5483333333332
g25_d15_weighted_7005,25,0.15,True,astar_seeded,44,10,120.4,1685.6983333333333
g25_d15_weighted_7005,25,0.15,True,astar_seeded,44,11,120.4,1651.9616666666666
g25_d15_weighted_7005,25,0.15,True,astar_seeded,44,12,120.4,1539.9666666666667
g25_d15_weighted_7005,25,0.15,True,astar_seeded,44,13,120.4,1428.2050000000002
g25_d15_weighted_7005,25,0.15,True,astar_seeded,44,14,120.4,1611.8583333333333
g25_d15_weighted_7005,25,0.15,True,astar_seeded,44,15,120.4,1641.9916666666666
g25_d15_weighted_7005,25,0.15,True,astar_seeded,44,16,120.4,1778.9816666666666
g25_d15_weighted_7005,25,0.15,True,astar_seeded,44,17,120.4,1767.5366666666666
g25_d15_weighted_7005,25,0.15,True,astar_seeded,44,18,120.4,1699.825
g25_d15_weighted_7005,25,0.15,True,astar_seeded,44,19,120.4,1766.77
g25_d15_weighted_7005,25,0.15,True,astar_seeded,44,20,120.4,1694.7833333333333
g25_d15_weighted_7005,25,0.15,True,astar_seeded,44,21,120.4,1763.9283333333333
g25_d15_weighted_7005,25,0.15,True,astar_seeded,44,22,120.4,1848.6399999999999
g25_d15_weighted_7005,25,0.15,True,astar_seeded,44,23,120.4,1718.6166666666666
g25_d15_weighted_7005,25,0.15,True,astar_seeded,44,24,120.4,1791.445
g25_d15_weighted_7005,25,0.15,True,astar_seeded,44,25,120.4,1742.1783333333333
g25_d15_weighted_7005,25,0.15,True,astar_seeded,44,26,120.4,1655.9133333333334
g25_d15_weighted_7005,25,0.15,True,astar_seeded,44,27,120.4,1768.27
g25_d15_weighted_7005,25,0.15,True,astar_seeded,44,28,120.4,1662.6083333333333
g25_d15_weighted_7005,25,0.15,True,astar_seeded,44,29,120.4,1557.1516666666669
g25_d15_weighted_7005,25,0.15,True,astar_seeded,44,30,120.4,1769.5083333333334
g25_d15_weighted_7005,25,0.15,True,astar_seeded,44,31,120.4,1771.4816666666666
g25_d15_weighted_7005,25,0.15,True,astar_seeded,44,32,120.4,1759.0066666666667
g25_d15_weighted_7005,25,0.15,True,astar_seeded,44,33,120.4,1820.0766666666668
g25_d15_weighted_7005,25,0.15,True,astar_seeded,44,34,120.4,1715.6166666666666
g25_d15_weighted_7005,25,0.15,True,astar_seeded,44,35,120.4,1836.7183333333335
g25_d15_weighted_7005,25,0.15,True,astar_seeded,44,36,120.4,1722.93
g25_d15_weighted_7005,25,0.15,True,astar_seeded,44,37,120.4,1657.43
g25_d15_weighted_7005,25,0.15,True,astar_seeded,44,38,120.4,1682.8366666666666
g25_d15_weighted_7005,25,0.15,True,astar_seeded,44,39,120.4,1728.4533333333334
g25_d15_weighted_7005,25,0.15,True,astar_seeded,44,40,120.4,1789.035
g25_d15_weighted_7005,25,0.15,True,astar_seeded,44,41,120.4,1784.5600000000002
g25_d15_weighted_7005,25,0.15,True,astar_seeded,44,42,120.4,1769.6516666666669
g25_d15_weighted_7005,25,0.15,True,astar_seeded,44,43,120.4,1753.5183333333334
g25_d15_weighted_7005,25,0.15,True,astar_seeded,44,44,120.4,1744.415
g25_d15_weighted_7005,25,0.15,True,astar_seeded,44,45,120.4,1801.2733333333333
g25_d15_weighted_7005,25,0.15,True,astar_seeded,44,46,120.4,1725.165
g25_d15_weighted_7005,25,0.15,True,astar_seeded,44,47,120.4,1673.0533333333333
g25_d15_weighted_7005,25,0.15,True,astar_seeded,44,48,120.4,1692.9566666666665
g25_d15_weighted_7005,25,0.15,True,astar_seeded,44,49,120.4,1532.725
g25_d15_weighted_7005,25,0.15,True,astar_seeded,44,50,120.4,1213.9933333333333
g25_d15_weighted_7005,25,0.15,True,astar_seeded,55,1,120.4,2158.505
g25_d15_weighted_7005,25,0.15,True,astar_seeded,55,2,120.4,2072.3633333333332
g25_d15_weighted_7005,25,0.15,True,astar_seeded,55,3,120.4,1871.5183333333334
g25_d15_weighted_7005,25,0.15,True,astar_seeded,55,4,120.4,1769.8516666666667
g25_d15_weighted_7005,25,0.15,True,astar_seeded,55,5,120.4,1634.5383333333334
g25_d15_weighted_7005,25,0.15,True,astar_seeded,55,6,120.4,1571.1116666666667
g25_d15_weighted_7005,25,0.15,True,astar_seeded,55,7,120.4,1330.945
g25_d15_weighted_7005,25,0.15,True,astar_seeded,55,8,120.4,1453.8816666666667
g25_d15_weighted_7005,25,0.15,True,astar_seeded,55,9,120.4,1315.0266666666669
g25_d15_weighted_7005,25,0.15,True,astar_seeded,55,10,120.4,1482.8883333333333
g25_d15_weighted_7005,25,0.15,True,astar_seeded,55,11,120.4,1242.6866666666667
g25_d15_weighted_7005,25,0.15,True,astar_seeded,55,12,120.4,1384.6066666666666
g25_d15_weighted_7005,25,0.15,True,astar_seeded,55,13,120.4,1319.5983333333331
g25_d15_weighted_7005,25,0.15,True,astar_seeded,55,14,120.4,1175.5416666666667
g25_d15_weighted_7005,25,0.15,True,astar_seeded,55,15,120.4,1116.775
g25_d15_weighted_7005,25,0.15,True,astar_seeded,55,16,120.4,1049.915
g25_d15_weighted_7005,25,0.15,True,astar_seeded,55,17,120.4,1405.8600000000001
g25_d15_weighted_7005,25,0.15,True,astar_seeded,55,18,120.4,1151.275
g25_d15_weighted_7005,25,0.15,True,astar_seeded,55,19,120.4,1388.8183333333334
g25_d15_weighted_7005,25,0.15,True,astar_seeded,55,20,120.4,1276.0766666666668
g25_d15_weighted_7005,25,0.15,True,astar_seeded,55,21,120.4,1191.6683333333335
g25_d15_weighted_7005,25,0.15,True,astar_seeded,55,22,120.4,1293.3600000000001
g25_d15_weighted_7005,25,0.15,True,astar_seeded,55,23,120.4,1441.2633333333333
g25_d15_weighted_7005,25,0.15,True,astar_seeded,55,24,120.4,1146.05
g25_d15_weighted_7005,25,0.15,True,astar_seeded,55,25,120.4,1401.1316666666667
g25_d15_weighted_7005,25,0.15,True,astar_seeded,55,26,120.4,1446.9066666666665
g25_d15_weighted_7005,25,0.15,True,astar_seeded,55,27,120.4,1526.5449999999998
g25_d15_weighted_7005,25,0.15,True,astar_seeded,55,28,120.4,1310.0783333333334
g25_d15_weighted_7005,25,0.15,True,astar_seeded,55,29,120.4,1118.8933333333334
g25_d15_weighted_7005,25,0.15,True,astar_seeded,55,30,120.4,1293.895
g25_d15_weighted_7005,25,0.15,True,astar_seeded,55,31,120.4,1489.225
g25_d15_weighted_7005,25,0.15,True,astar_seeded,55,32,120.4,1454.0
g25_d15_weighted_7005,25,0.15,True,astar_seeded,55,33,120.4,1528.2016666666668
g25_d15_weighted_7005,25,0.15,True,astar_seeded,55,34,120.4,1554.805
g25_d15_weighted_7005,25,0.15,True,astar_seeded,55,35,120.4,1593.7350000000001
g25_d15_weighted_7005,25,0.15,True,astar_seeded,55,36,120.4,1797.3100000000002
g25_d15_weighted_7005,25,0.15,True,astar_seeded,55,37,120.4,1454.6366666666665
g25_d15_weighted_7005,25,0.15,True,astar_seeded,55,38,120.4,1544.7366666666667
g25_d15_weighted_7005,25,0.15,True,astar_seeded,55,39,120.4,1585.6216666666667
g25_d15_weighted_7005,25,0.15,True,astar_seeded,55,40,120.4,1299.0066666666667
g25_d15_weighted_7005,25,0.15,True,astar_seeded,55,41,120.4,1517.5666666666666
g25_d15_weighted_7005,25,0.15,True,astar_seeded,55,42,120.4,1325.055
g25_d15_weighted_7005,25,0.15,True,astar_seeded,55,43,120.4,1314.6016666666667
g25_d15_weighted_7005,25,0.15,True,astar_seeded,55,44,120.4,1361.2766666666669
g25_d15_weighted_7005,25,0.15,True,astar_seeded,55,45,120.4,1647.1183333333333
g25_d15_weighted_7005,25,0.15,True,astar_seeded,55,46,120.4,1621.18
g25_d15_weighted_7005,25,0.15,True,astar_seeded,55,47,120.4,1650.995
g25_d15_weighted_7005,25,0.15,True,astar_seeded,55,48,120.4,1719.7283333333332
g25_d15_weighted_7005,25,0.15,True,astar_seeded,55,49,120.4,1678.3666666666666
g25_d15_weighted_7005,25,0.15,True,astar_seeded,55,50,120.4,1441.1716666666666
g25_d25_unit_7006,25,0.25,False,random,11,1,1727.5,2037.7083333333333
g25_d25_unit_7006,25,0.25,False,random,11,2,1666.0,1929.9833333333333
g25_d25_unit_7006,25,0.25,False,random,11,3,1666.0,1881.9
g25_d25_unit_7006,25,0.25,False,random,11,4,1666.0,1822.1583333333333
g25_d25_unit_7006,25,0.25,False,random,11,5,1573.25,1745.1166666666666
g25_d25_unit_7006,25,0.25,False,random,11,6,1568.25,1744.1166666666666
g25_d25_unit_7006,25,0.25,False,random,11,7,1568.25,1743.4916666666666
g25_d25_unit_7006,25,0.25,False,random,11,8,1549.0,1700.9083333333333
g25_d25_unit_7006,25,0.25,False,random,11,9,1529.75,1687.375
g25_d25_unit_7006,25,0.25,False,random,11,10,1426.0,1665.4
g25_d25_unit_7006,25,0.25,False,random,11,11,1424.75,1633.0833333333333
g25_d25_unit_7006,25,0.25,False,random,11,12,1340.75,1590.125
g25_d25_unit_7006,25,0.25,False,random,11,13,1340.75,1561.4166666666667
g25_d25_unit_7006,25,0.25,False,random,11,14,1340.75,1569.6
g25_d25_unit_7006,25,0.25,False,random,11,15,1340.75,1549.0
g25_d25_unit_7006,25,0.25,False,random,11,16,1340.75,1538.45
g25_d25_unit_7006,25,0.25,False,random,11,17,1340.75,1532.275
g25_d25_unit_7006,25,0.25,False,random,11,18,1340.75,1539.0833333333333
g25_d25_unit_7006,25,0.25,False,random,11,19,1340.75,1588.3583333333333
g25_d25_unit_7006,25,0.25,False,random,11,20,1305.25,1545.9416666666666
g25_d25_unit_7006,25,0.25,False,random,11,21,1305.25,1492.0166666666667
g25_d25_unit_7006,25,0.25,False,random,11,22,1305.25,1488.7833333333333
g25_d25_unit_7006,25,0.25,False,random,11,23,1293.0,1487.5416666666667
g25_d25_unit_7006,25,0.25,False,random,11,24,1293.0,1458.2833333333333
g25_d25_unit_7006,25,0.25,False,random,11,25,1293.0,1478.6916666666666
g25_d25_unit_7006,25,0.25,False,random,11,26,1220.5,1453.775
g25_d25_unit_7006,25,0.25,False,random,11,27,1218.0,1456.6083333333333
g25_d25_unit_7006,25,0.25,False,random,11,28,1216.0,1467.225
g25_d25_unit_7006,25,0.25,False,random,11,29,1216.0,1523.175
g25_d25_unit_7006,25,0.25,False,random,11,30,1216.0,1480.3583333333333
g25_d25_unit_7006,25,0.25,False,random,11,31,1216.0,1518.9416666666666
g25_d25_unit_7006,25,0.25,False,random,11,32,1216.0,1533.2333333333333
g25_d25_unit_7006,25,0.25,False,random,11,33,1216.0,1483.6833333333334
g25_d25_unit_7006,25,0.25,False,random,11,34,1216.0,1508.3333333333333
g25_d25_unit_7006,25,0.25,False,random,11,35,1216.0,1489.9833333333333
g25_d25_unit_7006,25,0.25,False,random,11,36,1216.0,1509.025
g25_d25_unit_7006,25,0.25,False,random,11,37,1216.0,1526.1583333333333
g25_d25_unit_7006,25,0.25,False,random,11,38,1216.0,1506.6416666666667
g25_d25_unit_7006,25,0.25,False,random,11,39,1216.0,1499.8916666666667
g25_d25_unit_7006,25,0.25,False,random,11,40,1216.0,1533.7666666666667
g25_d25_unit_7006,25,0.25,False,random,11,41,1216.0,1551.8833333333334
g25_d25_unit_7006,25,0.25,False,random,11,42,1216.0,1543.775
g25_d25_unit_7006,25,0.25,False,random,11,43,1216.0,1536.9
g25_d25_unit_7006,25,0.25,False,random,11,44,1216.0,1540.175
g25_d25_unit_7006,25,0.25,False,random,11,45,1216.0,1554.3
g25_d25_unit_7006,25,0.25,False,random,11,46,1216.0,1577.4916666666666
g25_d25_unit_7006,25,0.25,False,random,11,47,1216.0,1541.3333333333333
g25_d25_unit_7006,25,0.25,False,random,11,48,1216.0,1518.0333333333333
g25_d25_unit_7006,25,0.25,False,random,11,49,199.05,1471.5683333333334
g25_d25_unit_7006,25,0.25,False,random,11,50,199.05,1470.1016666666667
g25_d25_unit_7006,25,0.25,False,random,22,1,1769.5,2010.5916666666667
g25_d25_unit_7006,25,0.25,False,random,22,2,1584.75,1946.7833333333333
g25_d25_unit_7006,25,0.25,False,random,22,3,1584.75,1868.4083333333333
g25_d25_unit_7006,25,0.25,False,random,22,4,1524.75,1793.9833333333333
g25_d25_unit_7006,25,0.25,False,random,22,5,1524.75,1744.375
g25_d25_unit_7006,25,0.25,False,random,22,6,1522.25,1739.7083333333333
g25_d25_unit_7006,25,0.25,False,random,22,7,1464.5,1727.9583333333333
g25_d25_unit_7006,25,0.25,False,random,22,8,1464.5,1662.4416666666666
g25_d25_unit_7006,25,0.25,False,random,22,9,1381.75,1681.75
g25_d25_unit_7006,25,0.25,False,random,22,10,1381.75,1635.5166666666667
g25_d25_unit_7006,25,0.25,False,random,22,11,1381.75,1622.475
g25_d25_unit_7006,25,0.25,False,random,22,12,1360.0,1597.225
g25_d25_unit_7006,25,0.25,False,random,22,13,1360.0,1656.1333333333334
g25_d25_unit_7006,25,0.25,False,random,22,14,1360.0,1644.275
g25_d25_unit_7006,25,0.25,False,random,22,15,1360.0,1610.2
g25_d25_unit_7006,25,0.25,False,random,22,16,1337.5,1586.2916666666667
g25_d25_unit_7006,25,0.25,False,random,22,17,1337.5,1556.5583333333334
g25_d25_unit_7006,25,0.25,False,random,22,18,1336.25,1556.8916666666667
g25_d25_unit_7006,25,0.25,False,random,22,19,1336.25,1553.9666666666667
g25_d25_unit_7006,25,0.25,False,random,22,20,1336.25,1542.7333333333333
g25_d25_unit_7006,25,0.25,False,random,22,21,1336.25,1543.0666666666666
g25_d25_unit_7006,25,0.25,False,random,22,22,1336.25,1567.3083333333334
g25_d25_unit_7006,25,0.25,False,random,22,23,1336.25,1550.3083333333334
g25_d25_unit_7006,25,0.25,False,random,22,24,1336.25,1574.1666666666667
g25_d25_unit_7006,25,0.25,False,random,22,25,1336.25,1584.5666666666666
g25_d25_unit_7006,25,0.25,False,random,22,26,1336.25,1561.6583333333333
g25_d25_unit_7006,25,0.25,False,random,22,27,1336.25,1546.7
g25_d25_unit_7006,25,0.25,False,random,22,28,1336.25,1586.4083333333333
g25_d25_unit_7006,25,0.25,False,random,22,29,1336.25,1570.2416666666666
g25_d25_unit_7006,25,0.25,False,random,22,30,1265.0,1535.625
g25_d25_unit_7006,25,0.25,False,random,22,31,1265.0,1547.5833333333333
g25_d25_unit_7006,25,0.25,False,random,22,32,1265.0,1520.9916666666666
g25_d25_unit_7006,25,0.25,False,random,22,33,1264.75,1536.4083333333333
g25_d25_unit_7006,25,0.25,False,random,22,34,1264.75,1544.3416666666667
g25_d25_unit_7006,25,0.25,False,random,22,35,1263.0,1511.95
g25_d25_unit_7006,25,0.25,False,random,22,36,1263.0,1520.5
g25_d25_unit_7006,25,0.25,False,random,22,37,1260.75,1495.5916666666667
g25_d25_unit_7006,25,0.25,False,random,22,38,1260.75,1545.2833333333333
g25_d25_unit_7006,25,0.25,False,random,22,39,1260.0,1503.0333333333333
g25_d25_unit_7006,25,0.25,False,random,22,40,1260.0,1569.7333333333333
g25_d25_unit_7006,25,0.25,False,random,22,41,1256.5,1552.975
g25_d25_unit_7006,25,0.25,False,random,22,42,1256.5,1559.6583333333333
g25_d25_unit_7006,25,0.25,False,random,22,43,1256.5,1493.3916666666667
g25_d25_unit_7006,25,0.25,False,random,22,44,1256.5,1532.0416666666667
g25_d25_unit_7006,25,0.25,False,random,22,45,1256.5,1531.4666666666667
g25_d25_unit_7006,25,0.25,False,random,22,46,1256.25,1535.9166666666667
g25_d25_unit_7006,25,0.25,False,random,22,47,1256.25,1537.5
g25_d25_unit_7006,25,0.25,False,random,22,48,1256.25,1536.0583333333334
g25_d25_unit_7006,25,0.25,False,random,22,49,1238.75,1515.5083333333334
g25_d25_unit_7006,25,0.25,False,random,22,50,1238.75,1546.925
g25_d25_unit_7006,25,0.25,False,random,33,1,1825.5,2002.3416666666667
g25_d25_unit_7006,25,0.25,False,random,33,2,1825.5,1943.2583333333334
g25_d25_unit_7006,25,0.25,False,random,33,3,1567.5,1853.7333333333333
g25_d25_unit_7006,25,0.25,False,random,33,4,1567.5,1785.3833333333334
g25_d25_unit_7006,25,0.25,False,random,33,5,1529.75,1754.1916666666666
g25_d25_unit_7006,25,0.25,False,random,33,6,1490.5,1766.9083333333333
g25_d25_unit_7006,25,0.25,False,random,33,7,1490.5,1749.5416666666667
g25_d25_unit_7006,25,0.25,False,random,33,8,1487.25,1737.65
g25_d25_unit_7006,25,0.25,False,random,33,9,1446.75,1732.975
g25_d25_unit_7006,25,0.25,False,random,33,10,1446.75,1666.9333333333334
g25_d25_unit_7006,25,0.25,False,random,33,11,1446.75,1675.775
g25_d25_unit_7006,25,0.25,False,random,33,12,1446.75,1666.675
g25_d25_unit_7006,25,0.25,False,random,33,13,1446.75,1680.75
g25_d25_unit_7006,25,0.25,False,random,33,14,1386.5,1633.125
g25_d25_unit_7006,25,0.25,False,random,33,15,1386.5,1643.5666666666666
g25_d25_unit_7006,25,0.25,False,random,33,16,1386.5,1631.0416666666667
g25_d25_unit_7006,25,0.25,False,random,33,17,1386.5,1623.55
g25_d25_unit_7006,25,0.25,False,random,33,18,1386.5,1569.525
g25_d25_unit_7006,25,0.25,False,random,33,19,1342.25,1574.7916666666667
g25_d25_unit_7006,25,0.25,False,random,33,20,1342.25,1558.9666666666667
g25_d25_unit_7006,25,0.25,False,random,33,21,1342.25,1538.4916666666666
g25_d25_unit_7006,25,0.25,False,random,33,22,1341.0,1565.9166666666667
g25_d25_unit_7006,25,0.25,False,random,33,23,1341.0,1527.6833333333334
g25_d25_unit_7006,25,0.25,False,random,33,24,1337.0,1515.9583333333333
g25_d25_unit_7006,25,0.25,False,random,33,25,1337.0,1507.925
g25_d25_unit_7006,25,0.25,False,random,33,26,1337.0,1544.1833333333334
g25_d25_unit_7006,25,0.25,False,random,33,27,1301.0,1500.9
g25_d25_unit_7006,25,0.25,False,random,33,28,1301.0,1553.175
g25_d25_unit_7006,25,0.25,False,random,33,29,1301.0,1529.125
g25_d25_unit_7006,25,0.25,False,random,33,30,1301.0,1516.025
g25_d25_unit_7006,25,0.25,False,random,33,31,1301.0,1587.875
g25_d25_unit_7006,25,0.25,False,random,33,32,1298.25,1617.6916666666666
g25_d25_unit_7006,25,0.25,False,random,33,33,1298.25,1610.0833333333333
g25_d25_unit_7006,25,0.25,False,random,33,34,1294.5,1531.9
g25_d25_unit_7006,25,0.25,False,random,33,35,1294.5,1596.8833333333334
g25_d25_unit_7006,25,0.25,False,random,33,36,1294.5,1615.1166666666666
g25_d25_unit_7006,25,0.25,False,random,33,37,1294.5,1541.25
g25_d25_unit_7006,25,0.25,False,random,33,38,1294.5,1557.9
g25_d25_unit_7006,25,0.25,False,random,33,39,1294.5,1486.525
g25_d25_unit_7006,25,0.25,False,random,33,40,1294.5,1529.1166666666666
g25_d25_unit_7006,25,0.25,False,random,33,41,1294.5,1524.3416666666667
g25_d25_unit_7006,25,0.25,False,random,33,42,1294.5,1586.0333333333333
g25_d25_unit_7006,25,0.25,False,random,33,43,1294.5,1610.7583333333334
g25_d25_unit_7006,25,0.25,False,random,33,44,1294.5,1570.6833333333334
g25_d25_unit_7006,25,0.25,False,random,33,45,1294.5,1534.0
g25_d25_unit_7006,25,0.25,False,random,33,46,1263.0,1551.0
g25_d25_unit_7006,25,0.25,False,random,33,47,1263.0,1539.1333333333334
g25_d25_unit_7006,25,0.25,False,random,33,48,1259.0,1522.3833333333334
g25_d25_unit_7006,25,0.25,False,random,33,49,1259.0,1539.875
g25_d25_unit_7006,25,0.25,False,random,33,50,1259.0,1537.7416666666666
g25_d25_unit_7006,25,0.25,False,random,44,1,1810.25,2001.25
g25_d25_unit_7006,25,0.25,False,random,44,2,1743.25,1947.0833333333333
g25_d25_unit_7006,25,0.25,False,random,44,3,1672.75,1887.0166666666667
g25_d25_unit_7006,25,0.25,False,random,44,4,1632.0,1855.6833333333334
g25_d25_unit_7006,25,0.25,False,random,44,5,1532.5,1747.2416666666666
g25_d25_unit_7006,25,0.25,False,random,44,6,1530.75,1725.9
g25_d25_unit_7006,25,0.25,False,random,44,7,1530.75,1689.5583333333334
g25_d25_unit_7006,25,0.25,False,random,44,8,1323.0,1695.5416666666667
g25_d25_unit_7006,25,0.25,False,random,44,9,1323.0,1694.825
g25_d25_unit_7006,25,0.25,False,random,44,10,1323.0,1681.1333333333334
g25_d25_unit_7006,25,0.25,False,random,44,11,1323.0,1682.925
g25_d25_unit_7006,25,0.25,False,random,44,12,1323.0,1637.7
g25_d25_unit_7006,25,0.25,False,random,44,13,1323.0,1673.325
g25_d25_unit_7006,25,0.25,False,random,44,14,1323.0,1665.1083333333333
g25_d25_unit_7006,25,0.25,False,random,44,15,1323.0,1661.8416666666667
g25_d25_unit_7006,25,0.25,False,random,44,16,1323.0,1660.525
g25_d25_unit_7006,25,0.25,False,random,44,17,1304.5,1634.025
g25_d25_unit_7006,25,0.25,False,random,44,18,1304.5,1599.3083333333334
g25_d25_unit_7006,25,0.25,False,random,44,19,1304.5,1637.0333333333333
g25_d25_unit_7006,25,0.25,False,random,44,20,1304.5,1601.8916666666667
g25_d25_unit_7006,25,0.25,False,random,44,21,1304.5,1612.8666666666666
g25_d25_unit_7006,25,0.25,False,random,44,22,1304.25,1560.55
g25_d25_unit_7006,25,0.25,False,random,44,23,1304.25,1595.4416666666666
g25_d25_unit_7006,25,0.25,False,random,44,24,1304.25,1557.5666666666666
g25_d25_unit_7006,25,0.25,False,random,44,25,1303.0,1531.8166666666666
g25_d25_unit_7006,25,0.25,False,random,44,26,1302.25,1611.875
g25_d25_unit_7006,25,0.25,False,random,44,27,1302.25,1568.9666666666667
g25_d25_unit_7006,25,0.25,False,random,44,28,1302.25,1620.4
g25_d25_unit_7006,25,0.25,False,random,44,29,1302.25,1531.8083333333334
g25_d25_unit_7006,25,0.25,False,random,44,30,1258.5,1538.675
g25_d25_unit_7006,25,0.25,False,random,44,31,1258.25,1546.85
g25_d25_unit_7006,25,0.25,False,random,44,32,1257.5,1590.6583333333333
g25_d25_unit_7006,25,0.25,False,random,44,33,1257.0,1560.9916666666666
g25_d25_unit_7006,25,0.25,False,random,44,34,1257.0,1557.5083333333334
g25_d25_unit_7006,25,0.25,False,random,44,35,1257.0,1574.575
g25_d25_unit_7006,25,0.25,False,random,44,36,1254.5,1545.1
g25_d25_unit_7006,25,0.25,False,random,44,37,1254.5,1578.3666666666666
g25_d25_unit_7006,25,0.25,False,random,44,38,1254.5,1515.3583333333333
g25_d25_unit_7006,25,0.25,False,random,44,39,1252.5,1499.5916666666667
g25_d25_unit_7006,25,0.25,False,random,44,40,1252.5,1562.1666666666667
g25_d25_unit_7006,25,0.25,False,random,44,41,1252.5,1587.5
g25_d25_unit_7006,25,0.25,False,random,44,42,1252.5,1529.8333333333333
g25_d25_unit_7006,25,0.25,False,random,44,43,1252.5,1569.3166666666666
g25_d25_unit_7006,25,0.25,False,random,44,44,1252.5,1411.075
g25_d25_unit_7006,25,0.25,False,random,44,45,1252.5,1483.1083333333333
g25_d25_unit_7006,25,0.25,False,random,44,46,1252.5,1512.475
g25_d25_unit_7006,25,0.25,False,random,44,47,1252.5,1502.3833333333334
g25_d25_unit_7006,25,0.25,False,random,44,48,1252.5,1498.6
g25_d25_unit_7006,25,0.25,False,random,44,49,1252.5,1521.7916666666667
g25_d25_unit_7006,25,0.25,False,random,44,50,1250.25,1469.0583333333334
g25_d25_unit_7006,25,0.25,False,random,55,1,1653.75,2030.475
g25_d25_unit_7006,25,0.25,False,random,55,2,1586.75,1881.75
g25_d25_unit_7006,25,0.25,False,random,55,3,1571.0,1820.25
g25_d25_unit_7006,25,0.25,False,random,55,4,1368.25,1771.6416666666667
g25_d25_unit_7006,25,0.25,False,random,55,5,1368.25,1750.6416666666667
g25_d25_unit_7006,25,0.25,False,random,55,6,1367.75,1679.2416666666666
g25_d25_unit_7006,25,0.25,False,random,55,7,1349.75,1691.325
g25_d25_unit_7006,25,0.25,False,random,55,8,1345.0,1623.9583333333333
g25_d25_unit_7006,25,0.25,False,random,55,9,1345.0,1644.75
g25_d25_unit_7006,25,0.25,False,random,55,10,1304.75,1554.0416666666667
g25_d25_unit_7006,25,0.25,False,random,55,11,1304.75,1614.3
g25_d25_unit_7006,25,0.25,False,random,55,12,1304.75,1548.9916666666666
g25_d25_unit_7006,25,0.25,False,random,55,13,1303.5,1526.1583333333333
g25_d25_unit_7006,25,0.25,False,random,55,14,1303.5,1527.4166666666667
g25_d25_unit_7006,25,0.25,False,random,55,15,1299.5,1549.8583333333333
g25_d25_unit_7006,25,0.25,False,random,55,16,1299.5,1546.0
g25_d25_unit_7006,25,0.25,False,random,55,17,1299.5,1582.2666666666667
g25_d25_unit_7006,25,0.25,False,random,55,18,1299.5,1566.0333333333333
g25_d25_unit_7006,25,0.25,False,random,55,19,1299.5,1504.5666666666666
g25_d25_unit_7006,25,0.25,False,random,55,20,1299.5,1498.4666666666667
g25_d25_unit_7006,25,0.25,False,random,55,21,1299.5,1530.1166666666666
g25_d25_unit_7006,25,0.25,False,random,55,22,1299.5,1566.2416666666666
g25_d25_unit_7006,25,0.25,False,random,55,23,1299.5,1560.55
g25_d25_unit_7006,25,0.25,False,random,55,24,1298.75,1489.3333333333333
g25_d25_unit_7006,25,0.25,False,random,55,25,1298.75,1532.35
g25_d25_unit_7006,25,0.25,False,random,55,26,1298.75,1552.7333333333333
g25_d25_unit_7006,25,0.25,False,random,55,27,1298.75,1554.8083333333334
g25_d25_unit_7006,25,0.25,False,random,55,28,1298.75,1486.5333333333333
g25_d25_unit_7006,25,0.25,False,random,55,29,1261.25,1572.3416666666667
g25_d25_unit_7006,25,0.25,False,random,55,30,1261.25,1571.475
g25_d25_unit_7006,25,0.25,False,random,55,31,194.7,1511.8066666666666
g25_d25_unit_7006,25,0.25,False,random,55,32,194.7,1448.3066666666666
g25_d25_unit_7006,25,0.25,False,random,55,33,194.7,1477.6399999999999
g25_d25_unit_7006,25,0.25,False,random,55,34,194.7,1557.965
g25_d25_unit_7006,25,0.25,False,random,55,35,194.7,1562.165
g25_d25_unit_7006,25,0.25,False,random,55,36,194.7,1484.4483333333333
g25_d25_unit_7006,25,0.25,False,random,55,37,194.7,1420.1483333333333
g25_d25_unit_7006,25,0.25,False,random,55,38,194.7,1476.6233333333332
g25_d25_unit_7006,25,0.25,False,random,55,39,193.65,1408.9116666666666
g25_d25_unit_7006,25,0.25,False,random,55,40,193.65,1372.4199999999998
g25_d25_unit_7006,25,0.25,False,random,55,41,193.65,1348.165
g25_d25_unit_7006,25,0.25,False,random,55,42,185.1,1314.32
g25_d25_unit_7006,25,0.25,False,random,55,43,185.1,1445.9833333333333
g25_d25_unit_7006,25,0.25,False,random,55,44,185.1,1378.4516666666668
g25_d25_unit_7006,25,0.25,False,random,55,45,150.6,1350.2033333333334
g25_d25_unit_7006,25,0.25,False,random,55,46,150.6,1375.6183333333333
g25_d25_unit_7006,25,0.25,False,random,55,47,150.6,1376.05
g25_d25_unit_7006,25,0.25,False,random,55,48,150.6,1296.26
g25_d25_unit_7006,25,0.25,False,random,55,49,150.6,1430.4333333333334
g25_d25_unit_7006,25,0.25,False,random,55,50,150.6,1391.82
g25_d25_unit_7006,25,0.25,False,astar_seeded,11,1,50.4,1927.1466666666668
g25_d25_unit_7006,25,0.25,False,astar_seeded,11,2,50.4,1703.4316666666666
g25_d25_unit_7006,25,0.25,False,astar_seeded,11,3,50.4,1648.9316666666666
g25_d25_unit_7006,25,0.25,False,astar_seeded,11,4,50.4,1565.2233333333331
g25_d25_unit_7006,25,0.25,False,astar_seeded,11,5,50.4,1526.5866666666666
g25_d25_unit_7006,25,0.25,False,astar_seeded,11,6,50.4,1493.995
g25_d25_unit_7006,25,0.25,False,astar_seeded,11,7,50.4,1449.775
g25_d25_unit_7006,25,0.25,False,astar_seeded,11,8,50.4,1369.4433333333334
g25_d25_unit_7006,25,0.25,False,astar_seeded,11,9,50.4,1626.29
g25_d25_unit_7006,25,0.25,False,astar_seeded,11,10,50.4,1615.415
g25_d25_unit_7006,25,0.25,False,astar_seeded,11,11,50.4,1630.8483333333331
g25_d25_unit_7006,25,0.25,False,astar_seeded,11,12,50.4,1491.175
g25_d25_unit_7006,25,0.25,False,astar_seeded,11,13,50.4,1617.6816666666666
g25_d25_unit_7006,25,0.25,False,astar_seeded,11,14,50.4,1533.8916666666667
g25_d25_unit_7006,25,0.25,False,astar_seeded,11,15,50.4,1635.7316666666666
g25_d25_unit_7006,25,0.25,False,astar_seeded,11,16,50.4,1503.925
g25_d25_unit_7006,25,0.25,False,astar_seeded,11,17,50.4,1541.1783333333333
g25_d25_unit_7006,25,0.25,False,astar_seeded,11,18,50.4,1636.2516666666668
g25_d25_unit_7006,25,0.25,False,astar_seeded,11,19,50.4,1612.96
g25_d25_unit_7006,25,0.25,False,astar_seeded,11,20,50.4,1607.84
g25_d25_unit_7006,25,0.25,False,astar_seeded,11,21,50.4,1686.1183333333333
g25_d25_unit_7006,25,0.25,False,astar_seeded,11,22,50.4,1571.9783333333332
g25_d25_unit_7006,25,0.25,False,astar_seeded,11,23,50.4,1449.9466666666667
g25_d25_unit_7006,25,0.25,False,astar_seeded,11,24,50.4,1452.95
g25_d25_unit_7006,25,0.25,False,astar_seeded,11,25,50.4,1649.5483333333332
g25_d25_unit_7006,25,0.25,False,astar_seeded,11,26,50.4,1463.6
g25_d25_unit_7006,25,0.25,False,astar_seeded,11,27,50.4,1611.6616666666666
g25_d25_unit_7006,25,0.25,False,astar_seeded,11,28,50.4,1571.1333333333334
g25_d25_unit_7006,25,0.25,False,astar_seeded,11,29,50.4,1571.1116666666667
g25_d25_unit_7006,25,0.25,False,astar_seeded,11,30,50.4,1605.365
g25_d25_unit_7006,25,0.25,False,astar_seeded,11,31,50.4,1593.4066666666665
g25_d25_unit_7006,25,0.25,False,astar_seeded,11,32,50.4,1506.4083333333333
g25_d25_unit_7006,25,0.25,False,astar_seeded,11,33,50.4,1454.7333333333333
g25_d25_unit_7006,25,0.25,False,astar_seeded,11,34,50.4,1451.525
g25_d25_unit_7006,25,0.25,False,astar_seeded,11,35,50.4,1631.6399999999999
g25_d25_unit_7006,25,0.25,False,astar_seeded,11,36,50.4,1651.76
g25_d25_unit_7006,25,0.25,False,astar_seeded,11,37,50.4,1496.025
g25_d25_unit_7006,25,0.25,False,astar_seeded,11,38,50.4,1433.1699999999998
g25_d25_unit_7006,25,0.25,False,astar_seeded,11,39,50.4,1543.1866666666667
g25_d25_unit_7006,25,0.25,False,astar_seeded,11,40,50.4,1574.6850000000002
g25_d25_unit_7006,25,0.25,False,astar_seeded,11,41,50.4,1588.3566666666666
g25_d25_unit_7006,25,0.25,False,astar_seeded,11,42,50.4,1580.8066666666666
g25_d25_unit_7006,25,0.25,False,astar_seeded,11,43,50.4,1607.8183333333334
g25_d25_unit_7006,25,0.25,False,astar_seeded,11,44,50.4,1508.1533333333332
g25_d25_unit_7006,25,0.25,False,astar_seeded,11,45,50.4,1357.05
g25_d25_unit_7006,25,0.25,False,astar_seeded,11,46,50.4,1512.6316666666667
g25_d25_unit_7006,25,0.25,False,astar_seeded,11,47,50.4,1483.995
g25_d25_unit_7006,25,0.25,False,astar_seeded,11,48,50.4,1615.7483333333332
g25_d25_unit_7006,25,0.25,False,astar_seeded,11,49,50.4,1657.4683333333335
g25_d25_unit_7006,25,0.25,False,astar_seeded,11,50,50.4,1605.54
g25_d25_unit_7006,25,0.25,False,astar_seeded,22,1,50.4,1925.98
g25_d25_unit_7006,25,0.25,False,astar_seeded,22,2,50.4,1861.8133333333333
g25_d25_unit_7006,25,0.25,False,astar_seeded,22,3,50.4,1600.8
g25_d25_unit_7006,25,0.25,False,astar_seeded,22,4,50.4,1658.9066666666665
g25_d25_unit_7006,25,0.25,False,astar_seeded,22,5,50.4,1576.5449999999998
g25_d25_unit_7006,25,0.25,False,astar_seeded,22,6,50.4,1495.98
g25_d25_unit_7006,25,0.25,False,astar_seeded,22,7,50.4,1473.725
g25_d25_unit_7006,25,0.25,False,astar_seeded,22,8,50.4,1507.525
g25_d25_unit_7006,25,0.25,False,astar_seeded,22,9,50.4,1506.57
g25_d25_unit_7006,25,0.25,False,astar_seeded,22,10,50.4,1635.8883333333333
g25_d25_unit_7006,25,0.25,False,astar_seeded,22,11,50.4,1747.4766666666667
g25_d25_unit_7006,25,0.25,False,astar_seeded,22,12,50.4,1700.6933333333334
g25_d25_unit_7006,25,0.25,False,astar_seeded,22,13,50.4,1604.0649999999998
g25_d25_unit_7006,25,0.25,False,astar_seeded,22,14,50.4,1560.6133333333335
g25_d25_unit_7006,25,0.25,False,astar_seeded,22,15,50.4,1511.51
g25_d25_unit_7006,25,0.25,False,astar_seeded,22,16,50.4,1453.2066666666665
g25_d25_unit_7006,25,0.25,False,astar_seeded,22,17,50.4,1579.2649999999999
g25_d25_unit_7006,25,0.25,False,astar_seeded,22,18,50.4,1605.8433333333335
g25_d25_unit_7006,25,0.25,False,astar_seeded,22,19,50.4,1685.2016666666668
g25_d25_unit_7006,25,0.25,False,astar_seeded,22,20,50.4,1622.5149999999999
g25_d25_unit_7006,25,0.25,False,astar_seeded,22,21,50.4,1510.2716666666668
g25_d25_unit_7006,25,0.25,False,astar_seeded,22,22,50.4,1657.1433333333334
g25_d25_unit_7006,25,0.25,False,astar_seeded,22,23,50.4,1593.915
g25_d25_unit_7006,25,0.25,False,astar_seeded,22,24,50.4,1542.845
g25_d25_unit_7006,25,0.25,False,astar_seeded,22,25,50.4,1666.8433333333335
g25_d25_unit_7006,25,0.25,False,astar_seeded,22,26,50.4,1615.3100000000002
g25_d25_unit_7006,25,0.25,False,astar_seeded,22,27,50.4,1574.4566666666665
g25_d25_unit_7006,25,0.25,False,astar_seeded,22,28,50.4,1677.4183333333335
g25_d25_unit_7006,25,0.25,False,astar_seeded,22,29,50.4,1561.6733333333332
g25_d25_unit_7006,25,0.25,False,astar_seeded,22,30,50.4,1564.075
g25_d25_unit_7006,25,0.25,False,astar_seeded,22,31,50.4,1596.8016666666667
g25_d25_unit_7006,25,0.25,False,astar_seeded,22,32,50.4,1584.605
g25_d25_unit_7006,25,0.25,False,astar_seeded,22,33,50.4,1567.2483333333332
g25_d25_unit_7006,25,0.25,False,astar_seeded,22,34,50.4,1553.5983333333331
g25_d25_unit_7006,25,0.25,False,astar_seeded,22,35,50.4,1498.2866666666666
g25_d25_unit_7006,25,0.25,False,astar_seeded,22,36,50.4,1558.1066666666666
g25_d25_unit_7006,25,0.25,False,astar_seeded,22,37,50.4,1597.2766666666669
g25_d25_unit_7006,25,0.25,False,astar_seeded,22,38,50.4,1561.1116666666667
g25_d25_unit_7006,25,0.25,False,astar_seeded,22,39,50.4,1615.9850000000001
g25_d25_unit_7006,25,0.25,False,astar_seeded,22,40,50.4,1495.8133333333333
g25_d25_unit_7006,25,0.25,False,astar_seeded,22,41,50.4,1664.9516666666668
g25_d25_unit_7006,25,0.25,False,astar_seeded,22,42,50.4,1466.4783333333332
g25_d25_unit_7006,25,0.25,False,astar_seeded,22,43,50.4,1518.79
g25_d25_unit_7006,25,0.25,False,astar_seeded,22,44,50.4,1461.9116666666666
g25_d25_unit_7006,25,0.25,False,astar_seeded,22,45,50.4,1498.9866666666667
g25_d25_unit_7006,25,0.25,False,astar_seeded,22,46,50.4,1480.3283333333334
g25_d25_unit_7006,25,0.25,False,astar_seeded,22,47,50.4,1584.9433333333334
g25_d25_unit_7006,25,0.25,False,astar_seeded,22,48,50.4,1424.5616666666667
g25_d25_unit_7006,25,0.25,False,astar_seeded,22,49,50.4,1426.725
g25_d25_unit_7006,25,0.25,False,astar_seeded,22,50,50.4,1615.41
g25_d25_unit_7006,25,0.25,False,astar_seeded,33,1,50.4,1903.0216666666668
g25_d25_unit_7006,25,0.25,False,astar_seeded,33,2,50.4,1810.355
g25_d25_unit_7006,25,0.25,False,astar_seeded,33,3,50.4,1665.3766666666668
g25_d25_unit_7006,25,0.25,False,astar_seeded,33,4,50.4,1581.7433333333333
g25_d25_unit_7006,25,0.25,False,astar_seeded,33,5,50.4,1507.3100000000002
g25_d25_unit_7006,25,0.25,False,astar_seeded,33,6,50.4,1477.0416666666667
g25_d25_unit_7006,25,0.25,False,astar_seeded,33,7,50.4,1406.6116666666667
g25_d25_unit_7006,25,0.25,False,astar_seeded,33,8,50.4,1387.5883333333334
g25_d25_unit_7006,25,0.25,False,astar_seeded,33,9,50.4,1466.9583333333333
g25_d25_unit_7006,25,0.25,False,astar_seeded,33,10,50.4,1408.07
g25_d25_unit_7006,25,0.25,False,astar_seeded,33,11,50.4,1412.3
g25_d25_unit_7006,25,0.25,False,astar_seeded,33,12,50.4,1566.835
g25_d25_unit_7006,25,0.25,False,astar_seeded,33,13,50.4,1583.8516666666667
g25_d25_unit_7006,25,0.25,False,astar_seeded,33,14,50.4,1602.7183333333335
g25_d25_unit_7006,25,0.25,False,astar_seeded,33,15,50.4,1439.8283333333334
g25_d25_unit_7006,25,0.25,False,astar_seeded,33,16,50.4,1526.915
g25_d25_unit_7006,25,0.25,False,astar_seeded,33,17,50.4,1557.9766666666667
g25_d25_unit_7006,25,0.25,False,astar_seeded,33,18,50.4,1526.0733333333333
g25_d25_unit_7006,25,0.25,False,astar_seeded,33,19,50.4,1514.6850000000002
g25_d25_unit_7006,25,0.25,False,astar_seeded,33,20,50.4,1368.755
g25_d25_unit_7006,25,0.25,False,astar_seeded,33,21,50.4,1349.1433333333334
g25_d25_unit_7006,25,0.25,False,astar_seeded,33,22,50.4,1282.175
g25_d25_unit_7006,25,0.25,False,astar_seeded,33,23,50.4,1328.1166666666666
g25_d25_unit_7006,25,0.25,False,astar_seeded,33,24,50.4,1431.5883333333334
g25_d25_unit_7006,25,0.25,False,astar_seeded,33,25,50.4,1332.93
g25_d25_unit_7006,25,0.25,False,astar_seeded,33,26,50.4,1514.0983333333331
g25_d25_unit_7006,25,0.25,False,astar_seeded,33,27,50.4,1503.0233333333333
g25_d25_unit_7006,25,0.25,False,astar_seeded,33,28,50.4,1506.9066666666665
g25_d25_unit_7006,25,0.25,False,astar_seeded,33,29,50.4,1376.3166666666666
g25_d25_unit_7006,25,0.25,False,astar_seeded,33,30,50.4,1382.8983333333333
g25_d25_unit_7006,25,0.25,False,astar_seeded,33,31,50.4,1485.9816666666666
g25_d25_unit_7006,25,0.25,False,astar_seeded,33,32,50.4,1454.6783333333333
g25_d25_unit_7006,25,0.25,False,astar_seeded,33,33,50.4,1453.0
g25_d25_unit_7006,25,0.25,False,astar_seeded,33,34,50.4,1338.4850000000001
g25_d25_unit_7006,25,0.25,False,astar_seeded,33,35,50.4,1475.195
g25_d25_unit_7006,25,0.25,False,astar_seeded,33,36,50.4,1428.3766666666668
g25_d25_unit_7006,25,0.25,False,astar_seeded,33,37,50.4,1488.3149999999998
g25_d25_unit_7006,25,0.25,False,astar_seeded,33,38,50.4,1500.9233333333332
g25_d25_unit_7006,25,0.25,False,astar_seeded,33,39,50.4,1422.43
g25_d25_unit_7006,25,0.25,False,astar_seeded,33,40,50.4,1346.8116666666667
g25_d25_unit_7006,25,0.25,False,astar_seeded,33,41,50.4,1294.9466666666667
g25_d25_unit_7006,25,0.25,False,astar_seeded,33,42,50.4,1434.55
g25_d25_unit_7006,25,0.25,False,astar_seeded,33,43,50.4,1420.525
g25_d25_unit_7006,25,0.25,False,astar_seeded,33,44,50.4,1527.7433333333333
g25_d25_unit_7006,25,0.25,False,astar_seeded,33,45,50.4,1325.74
g25_d25_unit_7006,25,0.25,False,astar_seeded,33,46,50.4,1464.5183333333334
g25_d25_unit_7006,25,0.25,False,astar_seeded,33,47,50.4,1308.9433333333334
g25_d25_unit_7006,25,0.25,False,astar_seeded,33,48,50.4,1373.9866666666667
g25_d25_unit_7006,25,0.25,False,astar_seeded,33,49,50.4,1368.0366666666666
g25_d25_unit_7006,25,0.25,False,astar_seeded,33,50,50.4,1222.5733333333333
g25_d25_unit_7006,25,0.25,False,astar_seeded,44,1,50.4,1915.5883333333334
g25_d25_unit_7006,25,0.25,False,astar_seeded,44,2,50.4,1765.2766666666669
g25_d25_unit_7006,25,0.25,False,astar_seeded,44,3,50.4,1704.7683333333334
g25_d25_unit_7006,25,0.25,False,astar_seeded,44,4,50.4,1582.9233333333332
g25_d25_unit_7006,25,0.25,False,astar_seeded,44,5,50.4,1439.35
g25_d25_unit_7006,25,0.25,False,astar_seeded,44,6,50.4,1427.4216666666666
g25_d25_unit_7006,25,0.25,False,astar_seeded,44,7,50.4,1633.21
g25_d25_unit_7006,25,0.25,False,astar_seeded,44,8,50.4,1544.6483333333333
g25_d25_unit_7006,25,0.25,False,astar_seeded,44,9,50.4,1598.59
g25_d25_unit_7006,25,0.25,False,astar_seeded,44,10,50.4,1553.0149999999999
g25_d25_unit_7006,25,0.25,False,astar_seeded,44,11,50.4,1572.7283333333332
g25_d25_unit_7006,25,0.25,False,astar_seeded,44,12,50.4,1475.3833333333334
g25_d25_unit_7006,25,0.25,False,astar_seeded,44,13,50.4,1482.605
g25_d25_unit_7006,25,0.25,False,astar_seeded,44,14,50.4,1481.8783333333333
g25_d25_unit_7006,25,0.25,False,astar_seeded,44,15,50.4,1511.6616666666666
g25_d25_unit_7006,25,0.25,False,astar_seeded,44,16,50.4,1404.5583333333334
g25_d25_unit_7006,25,0.25,False,astar_seeded,44,17,50.4,1522.6366666666665
g25_d25_unit_7006,25,0.25,False,astar_seeded,44,18,50.4,1518.35
g25_d25_unit_7006,25,0.25,False,astar_seeded,44,19,50.4,1591.3283333333334
g25_d25_unit_7006,25,0.25,False,astar_seeded,44,20,50.4,1453.1333333333334
g25_d25_unit_7006,25,0.25,False,astar_seeded,44,21,50.4,1494.7816666666665
g25_d25_unit_7006,25,0.25,False,astar_seeded,44,22,50.4,1457.0783333333334
g25_d25_unit_7006,25,0.25,False,astar_seeded,44,23,50.4,1532.095
g25_d25_unit_7006,25,0.25,False,astar_seeded,44,24,50.4,1508.3533333333332
g25_d25_unit_7006,25,0.25,False,astar_seeded,44,25,50.4,1632.5533333333333
g25_d25_unit_7006,25,0.25,False,astar_seeded,44,26,50.4,1551.7233333333331
g25_d25_unit_7006,25,0.25,False,astar_seeded,44,27,50.4,1718.3933333333334
g25_d25_unit_7006,25,0.25,False,astar_seeded,44,28,50.4,1631.2766666666669
g25_d25_unit_7006,25,0.25,False,astar_seeded,44,29,50.4,1610.7316666666666
g25_d25_unit_7006,25,0.25,False,astar_seeded,44,30,50.4,1651.4033333333332
g25_d25_unit_7006,25,0.25,False,astar_seeded,44,31,50.4,1654.0933333333335
g25_d25_unit_7006,25,0.25,False,astar_seeded,44,32,50.4,1606.1483333333333
g25_d25_unit_7006,25,0.25,False,astar_seeded,44,33,50.4,1595.9266666666667
g25_d25_unit_7006,25,0.25,False,astar_seeded,44,34,50.4,1536.885
g25_d25_unit_7006,25,0.25,False,astar_seeded,44,35,50.4,1555.8300000000002
g25_d25_unit_7006,25,0.25,False,astar_seeded,44,36,50.4,1688.0516666666667
g25_d25_unit_7006,25,0.25,False,astar_seeded,44,37,50.4,1552.5333333333333
g25_d25_unit_7006,25,0.25,False,astar_seeded,44,38,50.4,1643.7433333333333
g25_d25_unit_7006,25,0.25,False,astar_seeded,44,39,50.4,1634.4399999999998
g25_d25_unit_7006,25,0.25,False,astar_seeded,44,40,50.4,1533.1866666666667
g25_d25_unit_7006,25,0.25,False,astar_seeded,44,41,50.4,1479.3716666666667
g25_d25_unit_7006,25,0.25,False,astar_seeded,44,42,50.4,1555.7483333333332
g25_d25_unit_7006,25,0.25,False,astar_seeded,44,43,50.4,1643.2733333333333
g25_d25_unit_7006,25,0.25,False,astar_seeded,44,44,50.4,1670.71
g25_d25_unit_7006,25,0.25,False,astar_seeded,44,45,50.4,1645.9350000000002
g25_d25_unit_7006,25,0.25,False,astar_seeded,44,46,50.4,1542.0316666666665
g25_d25_unit_7006,25,0.25,False,astar_seeded,44,47,50.4,1563.34
g25_d25_unit_7006,25,0.25,False,astar_seeded,44,48,50.4,1544.415
g25_d25_unit_7006,25,0.25,False,astar_seeded,44,49,50.4,1450.3
g25_d25_unit_7006,25,0.25,False,astar_seeded,44,50,50.4,1292.8066666666666
g25_d25_unit_7006,25,0.25,False,astar_seeded,55,1,50.4,1946.9550000000002
g25_d25_unit_7006,25,0.25,False,astar_seeded,55,2,50.4,1842.7966666666666
g25_d25_unit_7006,25,0.25,False,astar_seeded,55,3,50.4,1685.605
g25_d25_unit_7006,25,0.25,False,astar_seeded,55,4,50.4,1689.78
g25_d25_unit_7006,25,0.25,False,astar_seeded,55,5,50.4,1634.8133333333333
g25_d25_unit_7006,25,0.25,False,astar_seeded,55,6,50.4,1573.3883333333333
g25_d25_unit_7006,25,0.25,False,astar_seeded,55,7,50.4,1507.5683333333334
g25_d25_unit_7006,25,0.25,False,astar_seeded,55,8,50.4,1445.5383333333334
g25_d25_unit_7006,25,0.25,False,astar_seeded,55,9,50.4,1486.7566666666667
g25_d25_unit_7006,25,0.25,False,astar_seeded,55,10,50.4,1271.1883333333333
g25_d25_unit_7006,25,0.25,False,astar_seeded,55,11,50.4,1457.0616666666667
g25_d25_unit_7006,25,0.25,False,astar_seeded,55,12,50.4,1501.695
g25_d25_unit_7006,25,0.25,False,astar_seeded,55,13,50.4,1506.8233333333333
g25_d25_unit_7006,25,0.25,False,astar_seeded,55,14,50.4,1425.2266666666667
g25_d25_unit_7006,25,0.25,False,astar_seeded,55,15,50.4,1323.8766666666668
g25_d25_unit_7006,25,0.25,False,astar_seeded,55,16,50.4,1453.2033333333334
g25_d25_unit_7006,25,0.25,False,astar_seeded,55,17,50.4,1470.6466666666668
g25_d25_unit_7006,25,0.25,False,astar_seeded,55,18,50.4,1325.7933333333335
g25_d25_unit_7006,25,0.25,False,astar_seeded,55,19,50.4,1362.715
g25_d25_unit_7006,25,0.25,False,astar_seeded,55,20,50.4,1325.3300000000002
g25_d25_unit_7006,25,0.25,False,astar_seeded,55,21,50.4,1356.1066666666666
g25_d25_unit_7006,25,0.25,False,astar_seeded,55,22,50.4,1312.3316666666665
g25_d25_unit_7006,25,0.25,False,astar_seeded,55,23,50.4,1481.4616666666666
g25_d25_unit_7006,25,0.25,False,astar_seeded,55,24,50.4,1373.7916666666667
g25_d25_unit_7006,25,0.25,False,astar_seeded,55,25,50.4,1376.4333333333334
g25_d25_unit_7006,25,0.25,False,astar_seeded,55,26,50.4,1467.3366666666666
g25_d25_unit_7006,25,0.25,False,astar_seeded,55,27,50.4,1458.1783333333333
g25_d25_unit_7006,25,0.25,False,astar_seeded,55,28,50.4,1404.9133333333334
g25_d25_unit_7006,25,0.25,False,astar_seeded,55,29,50.4,1317.8383333333334
g25_d25_unit_7006,25,0.25,False,astar_seeded,55,30,50.4,1480.2733333333333
g25_d25_unit_7006,25,0.25,False,astar_seeded,55,31,50.4,1433.87
g25_d25_unit_7006,25,0.25,False,astar_seeded,55,32,50.4,1373.8916666666667
g25_d25_unit_7006,25,0.25,False,astar_seeded,55,33,50.4,1527.695
g25_d25_unit_7006,25,0.25,False,astar_seeded,55,34,50.4,1583.6100000000001
g25_d25_unit_7006,25,0.25,False,astar_seeded,55,35,50.4,1561.1066666666666
g25_d25_unit_7006,25,0.25,False,astar_seeded,55,36,50.4,1485.9133333333334
g25_d25_unit_7006,25,0.25,False,astar_seeded,55,37,50.4,1335.9399999999998
g25_d25_unit_7006,25,0.25,False,astar_seeded,55,38,50.4,1394.4983333333332
g25_d25_unit_7006,25,0.25,False,astar_seeded,55,39,50.4,1453.885
g25_d25_unit_7006,25,0.25,False,astar_seeded,55,40,50.4,1431.7383333333335
g25_d25_unit_7006,25,0.25,False,astar_seeded,55,41,50.4,1442.4983333333332
g25_d25_unit_7006,25,0.25,False,astar_seeded,55,42,50.4,1383.0449999999998
g25_d25_unit_7006,25,0.25,False,astar_seeded,55,43,50.4,1403.505
g25_d25_unit_7006,25,0.25,False,astar_seeded,55,44,50.4,1270.4633333333334
g25_d25_unit_7006,25,0.25,False,astar_seeded,55,45,50.4,1461.3033333333333
g25_d25_unit_7006,25,0.25,False,astar_seeded,55,46,50.4,1463.2633333333333
g25_d25_unit_7006,25,0.25,False,astar_seeded,55,47,50.4,1514.5983333333331
g25_d25_unit_7006,25,0.25,False,astar_seeded,55,48,50.4,1521.6683333333335
g25_d25_unit_7006,25,0.25,False,astar_seeded,55,49,50.4,1503.5449999999998
g25_d25_unit_7006,25,0.25,False,astar_seeded,55,50,50.4,1541.3016666666667
g25_d25_weighted_7007,25,0.25,True,random,11,1,1943.5,2355.075
g25_d25_weighted_7007,25,0.25,True,random,11,2,1943.5,2267.3416666666667
g25_d25_weighted_7007,25,0.25,True,random,11,3,1943.5,2220.675
g25_d25_weighted_7007,25,0.25,True,random,11,4,1891.25,2132.6666666666665
g25_d25_weighted_7007,25,0.25,True,random,11,5,1783.25,2043.5333333333333
g25_d25_weighted_7007,25,0.25,True,random,11,6,1783.25,2010.8666666666666
g25_d25_weighted_7007,25,0.25,True,random,11,7,1662.5,2009.9083333333333
g25_d25_weighted_7007,25,0.25,True,random,11,8,1662.5,1994.25
g25_d25_weighted_7007,25,0.25,True,random,11,9,1604.0,1957.875
g25_d25_weighted_7007,25,0.25,True,random,11,10,1604.0,1972.85
g25_d25_weighted_7007,25,0.25,True,random,11,11,1604.0,1942.725
g25_d25_weighted_7007,25,0.25,True,random,11,12,1604.0,1924.6083333333333
g25_d25_weighted_7007,25,0.25,True,random,11,13,1582.0,1860.45
g25_d25_weighted_7007,25,0.25,True,random,11,14,1582.0,1911.4333333333334
g25_d25_weighted_7007,25,0.25,True,random,11,15,1552.5,1921.0
g25_d25_weighted_7007,25,0.25,True,random,11,16,1552.5,1890.0416666666667
g25_d25_weighted_7007,25,0.25,True,random,11,17,1552.5,1839.7166666666667
g25_d25_weighted_7007,25,0.25,True,random,11,18,1552.5,1895.7416666666666
g25_d25_weighted_7007,25,0.25,True,random,11,19,511.55,1815.4850000000001
g25_d25_weighted_7007,25,0.25,True,random,11,20,511.55,1833.9016666666669
g25_d25_weighted_7007,25,0.25,True,random,11,21,511.55,1793.1433333333334
g25_d25_weighted_7007,25,0.25,True,random,11,22,511.55,1760.5933333333335
g25_d25_weighted_7007,25,0.25,True,random,11,23,511.55,1753.6216666666667
g25_d25_weighted_7007,25,0.25,True,random,11,24,511.55,1760.0633333333333
g25_d25_weighted_7007,25,0.25,True,random,11,25,511.55,1737.7050000000002
g25_d25_weighted_7007,25,0.25,True,random,11,26,511.55,1677.15
g25_d25_weighted_7007,25,0.25,True,random,11,27,511.55,1763.7466666666667
g25_d25_weighted_7007,25,0.25,True,random,11,28,511.55,1764.5133333333333
g25_d25_weighted_7007,25,0.25,True,random,11,29,511.55,1754.0383333333334
g25_d25_weighted_7007,25,0.25,True,random,11,30,511.55,1668.9883333333335
g25_d25_weighted_7007,25,0.25,True,random,11,31,511.55,1699.4533333333334
g25_d25_weighted_7007,25,0.25,True,random,11,32,511.55,1640.0800000000002
g25_d25_weighted_7007,25,0.25,True,random,11,33,511.55,1622.0416666666667
g25_d25_weighted_7007,25,0.25,True,random,11,34,485.4,1642.3733333333332
g25_d25_weighted_7007,25,0.25,True,random,11,35,484.15,1657.5116666666665
g25_d25_weighted_7007,25,0.25,True,random,11,36,462.4,1398.1816666666666
g25_d25_weighted_7007,25,0.25,True,random,11,37,462.4,1587.95
g25_d25_weighted_7007,25,0.25,True,random,11,38,443.35,1546.1816666666666
g25_d25_weighted_7007,25,0.25,True,random,11,39,405.05,1534.46
g25_d25_weighted_7007,25,0.25,True,random,11,40,405.05,1445.255
g25_d25_weighted_7007,25,0.25,True,random,11,41,405.05,1488.7483333333332
g25_d25_weighted_7007,25,0.25,True,random,11,42,405.05,1496.4583333333333
g25_d25_weighted_7007,25,0.25,True,random,11,43,405.05,1542.6633333333334
g25_d25_weighted_7007,25,0.25,True,random,11,44,405.05,1551.85
g25_d25_weighted_7007,25,0.25,True,random,11,45,405.05,1529.1516666666669
g25_d25_weighted_7007,25,0.25,True,random,11,46,389.2,1432.5166666666667
g25_d25_weighted_7007,25,0.25,True,random,11,47,389.2,1527.57
g25_d25_weighted_7007,25,0.25,True,random,11,48,389.2,1424.8816666666667
g25_d25_weighted_7007,25,0.25,True,random,11,49,370.1,1421.635
g25_d25_weighted_7007,25,0.25,True,random,11,50,370.1,1545.8433333333335
g25_d25_weighted_7007,25,0.25,True,random,22,1,2039.75,2314.625
g25_d25_weighted_7007,25,0.25,True,random,22,2,2039.75,2267.6666666666665
g25_d25_weighted_7007,25,0.25,True,random,22,3,2011.25,2222.875
g25_d25_weighted_7007,25,0.25,True,random,22,4,1987.75,2173.141666666667
g25_d25_weighted_7007,25,0.25,True,random,22,5,1987.75,2170.225
g25_d25_weighted_7007,25,0.25,True,random,22,6,1884.5,2123.05
g25_d25_weighted_7007,25,0.25,True,random,22,7,1829.5,2072.175
g25_d25_weighted_7007,25,0.25,True,random,22,8,1670.0,2064.5
g25_d25_weighted_7007,25,0.25,True,random,22,9,1670.0,2047.3583333333333
g25_d25_weighted_7007,25,0.25,True,random,22,10,1670.0,2008.8416666666667
g25_d25_weighted_7007,25,0.25,True,random,22,11,1666.75,1978.5333333333333
g25_d25_weighted_7007,25,0.25,True,random,22,12,1666.75,1973.4416666666666
g25_d25_weighted_7007,25,0.25,True,random,22,13,1666.75,1964.0083333333334
g25_d25_weighted_7007,25,0.25,True,random,22,14,1666.75,1947.1916666666666
g25_d25_weighted_7007,25,0.25,True,random,22,15,1666.75,1962.65
g25_d25_weighted_7007,25,0.25,True,random,22,16,1666.75,1909.3333333333333
g25_d25_weighted_7007,25,0.25,True,random,22,17,1666.75,1918.8666666666666
g25_d25_weighted_7007,25,0.25,True,random,22,18,1666.75,1946.9166666666667
g25_d25_weighted_7007,25,0.25,True,random,22,19,1666.75,1945.75
g25_d25_weighted_7007,25,0.25,True,random,22,20,1666.75,1922.8833333333334
g25_d25_weighted_7007,25,0.25,True,random,22,21,1666.75,1942.25
g25_d25_weighted_7007,25,0.25,True,random,22,22,1666.75,1935.7
g25_d25_weighted_7007,25,0.25,True,random,22,23,1610.75,1928.9
g25_d25_weighted_7007,25,0.25,True,random,22,24,1610.75,1913.8166666666666
g25_d25_weighted_7007,25,0.25,True,random,22,25,1610.75,1881.6333333333334
g25_d25_weighted_7007,25,0.25,True,random,22,26,1610.0,1862.9
g25_d25_weighted_7007,25,0.25,True,random,22,27,1603.5,1905.7583333333334
g25_d25_weighted_7007,25,0.25,True,random,22,28,1603.5,1871.0333333333333
g25_d25_weighted_7007,25,0.25,True,random,22,29,1603.5,1896.025
g25_d25_weighted_7007,25,0.25,True,random,22,30,1590.75,1865.0166666666667
g25_d25_weighted_7007,25,0.25,True,random,22,31,1590.75,1801.625
g25_d25_weighted_7007,25,0.25,True,random,22,32,1565.75,1819.825
g25_d25_weighted_7007,25,0.25,True,random,22,33,1565.75,1860.3833333333334
g25_d25_weighted_7007,25,0.25,True,random,22,34,1565.75,1864.7833333333333
g25_d25_weighted_7007,25,0.25,True,random,22,35,1565.75,1819.475
g25_d25_weighted_7007,25,0.25,True,random,22,36,1565.75,1860.5916666666667
g25_d25_weighted_7007,25,0.25,True,random,22,37,1565.75,1840.975
g25_d25_weighted_7007,25,0.25,True,random,22,38,1565.75,1870.3666666666666
g25_d25_weighted_7007,25,0.25,True,random,22,39,1565.75,1868.175
g25_d25_weighted_7007,25,0.25,True,random,22,40,1565.75,1877.9333333333334
g25_d25_weighted_7007,25,0.25,True,random,22,41,1565.75,1821.0
g25_d25_weighted_7007,25,0.25,True,random,22,42,1565.75,1873.1666666666667
g25_d25_weighted_7007,25,0.25,True,random,22,43,1565.75,1803.4833333333333
g25_d25_weighted_7007,25,0.25,True,random,22,44,1563.0,1862.6666666666667
g25_d25_weighted_7007,25,0.25,True,random,22,45,1560.25,1814.45
g25_d25_weighted_7007,25,0.25,True,random,22,46,1560.25,1847.1166666666666
g25_d25_weighted_7007,25,0.25,True,random,22,47,1560.25,1843.8666666666666
g25_d25_weighted_7007,25,0.25,True,random,22,48,1560.25,1910.1333333333334
g25_d25_weighted_7007,25,0.25,True,random,22,49,1560.25,1867.3083333333334
g25_d25_weighted_7007,25,0.25,True,random,22,50,1560.25,1834.2083333333333
g25_d25_weighted_7007,25,0.25,True,random,33,1,1902.5,2279.741666666667
g25_d25_weighted_7007,25,0.25,True,random,33,2,1902.5,2209.016666666667
g25_d25_weighted_7007,25,0.25,True,random,33,3,1831.5,2123.6916666666666
g25_d25_weighted_7007,25,0.25,True,random,33,4,1818.75,2088.3416666666667
g25_d25_weighted_7007,25,0.25,True,random,33,5,1818.75,2070.6916666666666
g25_d25_weighted_7007,25,0.25,True,random,33,6,1662.75,2010.8666666666666
g25_d25_weighted_7007,25,0.25,True,random,33,7,1662.75,1936.275
g25_d25_weighted_7007,25,0.25,True,random,33,8,1662.75,1962.3416666666667
g25_d25_weighted_7007,25,0.25,True,random,33,9,1647.0,1935.8916666666667
g25_d25_weighted_7007,25,0.25,True,random,33,10,1647.0,1910.0083333333334
g25_d25_weighted_7007,25,0.25,True,random,33,11,1647.0,1886.15
g25_d25_weighted_7007,25,0.25,True,random,33,12,1634.0,1866.0333333333333
g25_d25_weighted_7007,25,0.25,True,random,33,13,1634.0,1914.925
g25_d25_weighted_7007,25,0.25,True,random,33,14,1552.0,1903.45
g25_d25_weighted_7007,25,0.25,True,random,33,15,1552.0,1895.3666666666666
g25_d25_weighted_7007,25,0.25,True,random,33,16,1552.0,1870.1
g25_d25_weighted_7007,25,0.25,True,random,33,17,1518.25,1840.0
g25_d25_weighted_7007,25,0.25,True,random,33,18,1494.5,1870.6583333333333
g25_d25_weighted_7007,25,0.25,True,random,33,19,1494.5,1873.2666666666667
g25_d25_weighted_7007,25,0.25,True,random,33,20,1494.5,1874.4166666666667
g25_d25_weighted_7007,25,0.25,True,random,33,21,1494.5,1840.0916666666667
g25_d25_weighted_7007,25,0.25,True,random,33,22,1494.5,1807.2083333333333
g25_d25_weighted_7007,25,0.25,True,random,33,23,1494.5,1839.55
g25_d25_weighted_7007,25,0.25,True,random,33,24,440.3,1787.26
g25_d25_weighted_7007,25,0.25,True,random,33,25,440.3,1831.2933333333335
g25_d25_weighted_7007,25,0.25,True,random,33,26,440.3,1858.46
g25_d25_weighted_7007,25,0.25,True,random,33,27,440.3,1819.2183333333335
g25_d25_weighted_7007,25,0.25,True,random,33,28,440.3,1839.1683333333335
g25_d25_weighted_7007,25,0.25,True,random,33,29,440.3,1821.4516666666668
g25_d25_weighted_7007,25,0.25,True,random,33,30,440.3,1789.01
g25_d25_weighted_7007,25,0.25,True,random,33,31,440.3,1782.6066666666666
g25_d25_weighted_7007,25,0.25,True,random,33,32,440.3,1762.9066666666665
g25_d25_weighted_7007,25,0.25,True,random,33,33,440.3,1775.615
g25_d25_weighted_7007,25,0.25,True,random,33,34,440.3,1695.9716666666668
g25_d25_weighted_7007,25,0.25,True,random,33,35,440.3,1676.9466666666667
g25_d25_weighted_7007,25,0.25,True,random,33,36,440.3,1711.555
g25_d25_weighted_7007,25,0.25,True,random,33,37,440.3,1754.1166666666666
g25_d25_weighted_7007,25,0.25,True,random,33,38,440.3,1683.6333333333334
g25_d25_weighted_7007,25,0.25,True,random,33,39,413.1,1545.875
g25_d25_weighted_7007,25,0.25,True,random,33,40,413.1,1635.5283333333332
g25_d25_weighted_7007,25,0.25,True,random,33,41,413.1,1669.6833333333334
g25_d25_weighted_7007,25,0.25,True,random,33,42,413.1,1739.615
g25_d25_weighted_7007,25,0.25,True,random,33,43,413.1,1738.0649999999998
g25_d25_weighted_7007,25,0.25,True,random,33,44,413.1,1765.1816666666666
g25_d25_weighted_7007,25,0.25,True,random,33,45,413.1,1780.0816666666665
g25_d25_weighted_7007,25,0.25,True,random,33,46,413.1,1768.3483333333331
g25_d25_weighted_7007,25,0.25,True,random,33,47,413.1,1695.0733333333333
g25_d25_weighted_7007,25,0.25,True,random,33,48,413.1,1715.5566666666666
g25_d25_weighted_7007,25,0.25,True,random,33,49,413.1,1759.79
g25_d25_weighted_7007,25,0.25,True,random,33,50,413.1,1773.4983333333332
g25_d25_weighted_7007,25,0.25,True,random,44,1,2134.5,2320.675
g25_d25_weighted_7007,25,0.25,True,random,44,2,2009.5,2249.0583333333334
g25_d25_weighted_7007,25,0.25,True,random,44,3,1930.25,2162.4333333333334
g25_d25_weighted_7007,25,0.25,True,random,44,4,1929.75,2156.3333333333335
g25_d25_weighted_7007,25,0.25,True,random,44,5,1880.5,2101.6
g25_d25_weighted_7007,25,0.25,True,random,44,6,1842.25,2034.125
g25_d25_weighted_7007,25,0.25,True,random,44,7,1798.5,2020.0666666666666
g25_d25_weighted_7007,25,0.25,True,random,44,8,1798.5,2025.125
g25_d25_weighted_7007,25,0.25,True,random,44,9,1798.5,2002.3416666666667
g25_d25_weighted_7007,25,0.25,True,random,44,10,1766.75,1934.7666666666667
g25_d25_weighted_7007,25,0.25,True,random,44,11,1766.75,1931.125
g25_d25_weighted_7007,25,0.25,True,random,44,12,1753.0,1942.7083333333333
g25_d25_weighted_7007,25,0.25,True,random,44,13,1732.5,1884.2166666666667
g25_d25_weighted_7007,25,0.25,True,random,44,14,1730.5,1899.2083333333333
g25_d25_weighted_7007,25,0.25,True,random,44,15,1730.5,1894.5833333333333
g25_d25_weighted_7007,25,0.25,True,random,44,16,1730.5,1891.3583333333333
g25_d25_weighted_7007,25,0.25,True,random,44,17,1653.25,1897.3916666666667
g25_d25_weighted_7007,25,0.25,True,random,44,18,1653.25,1902.5583333333334
g25_d25_weighted_7007,25,0.25,True,random,44,19,1549.25,1912.7916666666667
g25_d25_weighted_7007,25,0.25,True,random,44,20,1549.25,1862.0166666666667
g25_d25_weighted_7007,25,0.25,True,random,44,21,1549.25,1804.3416666666667
g25_d25_weighted_7007,25,0.25,True,random,44,22,1549.25,1803.6083333333333
g25_d25_weighted_7007,25,0.25,True,random,44,23,1549.25,1775.8583333333333
g25_d25_weighted_7007,25,0.25,True,random,44,24,1544.5,1761.0333333333333
g25_d25_weighted_7007,25,0.25,True,random,44,25,477.1,1653.3583333333333
g25_d25_weighted_7007,25,0.25,True,random,44,26,463.1,1585.0883333333334
g25_d25_weighted_7007,25,0.25,True,random,44,27,462.75,1528.2783333333332
g25_d25_weighted_7007,25,0.25,True,random,44,28,441.75,1517.7833333333333
g25_d25_weighted_7007,25,0.25,True,random,44,29,413.2,1302.1100000000001
g25_d25_weighted_7007,25,0.25,True,random,44,30,413.2,1474.3933333333334
g25_d25_weighted_7007,25,0.25,True,random,44,31,401.6,1456.635
g25_d25_weighted_7007,25,0.25,True,random,44,32,401.6,1467.51
g25_d25_weighted_7007,25,0.25,True,random,44,33,401.6,1467.075
g25_d25_weighted_7007,25,0.25,True,random,44,34,401.6,1512.5866666666666
g25_d25_weighted_7007,25,0.25,True,random,44,35,401.6,1507.78
g25_d25_weighted_7007,25,0.25,True,random,44,36,393.8,1470.825
g25_d25_weighted_7007,25,0.25,True,random,44,37,376.25,1498.9466666666667
g25_d25_weighted_7007,25,0.25,True,random,44,38,376.25,1519.9533333333334
g25_d25_weighted_7007,25,0.25,True,random,44,39,376.25,1571.0916666666667
g25_d25_weighted_7007,25,0.25,True,random,44,40,376.25,1632.4816666666666
g25_d25_weighted_7007,25,0.25,True,random,44,41,376.25,1525.6
g25_d25_weighted_7007,25,0.25,True,random,44,42,376.25,1573.8149999999998
g25_d25_weighted_7007,25,0.25,True,random,44,43,376.25,1617.0783333333334
g25_d25_weighted_7007,25,0.25,True,random,44,44,370.05,1442.5383333333334
g25_d25_weighted_7007,25,0.25,True,random,44,45,351.35,1497.9416666666666
g25_d25_weighted_7007,25,0.25,True,random,44,46,351.35,1220.7466666666667
g25_d25_weighted_7007,25,0.25,True,random,44,47,351.35,1388.2166666666667
g25_d25_weighted_7007,25,0.25,True,random,44,48,351.35,1326.8766666666668
g25_d25_weighted_7007,25,0.25,True,random,44,49,351.35,1243.8166666666666
g25_d25_weighted_7007,25,0.25,True,random,44,50,339.35,1264.74
g25_d25_weighted_7007,25,0.25,True,random,55,1,1943.75,2309.366666666667
g25_d25_weighted_7007,25,0.25,True,random,55,2,1770.0,2192.758333333333
g25_d25_weighted_7007,25,0.25,True,random,55,3,1742.75,2052.4666666666667
g25_d25_weighted_7007,25,0.25,True,random,55,4,1710.0,2024.275
g25_d25_weighted_7007,25,0.25,True,random,55,5,1685.75,1984.8583333333333
g25_d25_weighted_7007,25,0.25,True,random,55,6,1685.75,1938.2666666666667
g25_d25_weighted_7007,25,0.25,True,random,55,7,1681.25,1908.4916666666666
g25_d25_weighted_7007,25,0.25,True,random,55,8,1681.25,1838.3666666666666
g25_d25_weighted_7007,25,0.25,True,random,55,9,1560.75,1824.0916666666667
g25_d25_weighted_7007,25,0.25,True,random,55,10,1560.75,1774.7916666666667
g25_d25_weighted_7007,25,0.25,True,random,55,11,1560.75,1785.025
g25_d25_weighted_7007,25,0.25,True,random,55,12,1560.75,1809.0
g25_d25_weighted_7007,25,0.25,True,random,55,13,1560.75,1800.8916666666667
g25_d25_weighted_7007,25,0.25,True,random,55,14,1560.75,1814.3083333333334
g25_d25_weighted_7007,25,0.25,True,random,55,15,1560.75,1782.0166666666667
g25_d25_weighted_7007,25,0.25,True,random,55,16,1560.75,1766.1666666666667
g25_d25_weighted_7007,25,0.25,True,random,55,17,1532.0,1782.7583333333334
g25_d25_weighted_7007,25,0.25,True,random,55,18,1526.5,1766.9916666666666
g25_d25_weighted_7007,25,0.25,True,random,55,19,1526.5,1789.3916666666667
g25_d25_weighted_7007,25,0.25,True,random,55,20,1514.0,1795.3416666666667
g25_d25_weighted_7007,25,0.25,True,random,55,21,1514.0,1767.9166666666667
g25_d25_weighted_7007,25,0.25,True,random,55,22,1514.0,1768.3916666666667
g25_d25_weighted_7007,25,0.25,True,random,55,23,1514.0,1755.95
g25_d25_weighted_7007,25,0.25,True,random,55,24,1514.0,1815.1333333333334
g25_d25_weighted_7007,25,0.25,True,random,55,25,1514.0,1786.1416666666667
g25_d25_weighted_7007,25,0.25,True,random,55,26,451.85,1717.4366666666667
g25_d25_weighted_7007,25,0.25,True,random,55,27,442.0,1693.6866666666667
g25_d25_weighted_7007,25,0.25,True,random,55,28,442.0,1723.9033333333332
g25_d25_weighted_7007,25,0.25,True,random,55,29,442.0,1726.02
g25_d25_weighted_7007,25,0.25,True,random,55,30,442.0,1666.3983333333333
g25_d25_weighted_7007,25,0.25,True,random,55,31,442.0,1660.285
g25_d25_weighted_7007,25,0.25,True,random,55,32,428.8,1635.38
g25_d25_weighted_7007,25,0.25,True,random,55,33,419.05,1634.4116666666666
g25_d25_weighted_7007,25,0.25,True,random,55,34,419.05,1669.7783333333332
g25_d25_weighted_7007,25,0.25,True,random,55,35,418.75,1635.2033333333334
g25_d25_weighted_7007,25,0.25,True,random,55,36,418.75,1603.6183333333333
g25_d25_weighted_7007,25,0.25,True,random,55,37,418.75,1567.0633333333333
g25_d25_weighted_7007,25,0.25,True,random,55,38,418.75,1692.8683333333333
g25_d25_weighted_7007,25,0.25,True,random,55,39,418.75,1510.3383333333334
g25_d25_weighted_7007,25,0.25,True,random,55,40,405.65,1463.7016666666668
g25_d25_weighted_7007,25,0.25,True,random,55,41,405.65,1509.9366666666667
g25_d25_weighted_7007,25,0.25,True,random,55,42,405.65,1607.8883333333333
g25_d25_weighted_7007,25,0.25,True,random,55,43,405.65,1661.3633333333335
g25_d25_weighted_7007,25,0.25,True,random,55,44,405.65,1624.1316666666667
g25_d25_weighted_7007,25,0.25,True,random,55,45,405.65,1637.865
g25_d25_weighted_7007,25,0.25,True,random,55,46,398.25,1559.215
g25_d25_weighted_7007,25,0.25,True,random,55,47,398.25,1615.9266666666667
g25_d25_weighted_7007,25,0.25,True,random,55,48,398.25,1596.8433333333335
g25_d25_weighted_7007,25,0.25,True,random,55,49,398.25,1668.305
g25_d25_weighted_7007,25,0.25,True,random,55,50,398.25,1679.4883333333335
g25_d25_weighted_7007,25,0.25,True,astar_seeded,11,1,119.0,2245.3166666666666
g25_d25_weighted_7007,25,0.25,True,astar_seeded,11,2,119.0,2062.391666666667
g25_d25_weighted_7007,25,0.25,True,astar_seeded,11,3,119.0,1945.3083333333334
g25_d25_weighted_7007,25,0.25,True,astar_seeded,11,4,119.0,1897.5083333333334
g25_d25_weighted_7007,25,0.25,True,astar_seeded,11,5,119.0,1826.4116666666666
g25_d25_weighted_7007,25,0.25,True,astar_seeded,11,6,119.0,1865.3366666666666
g25_d25_weighted_7007,25,0.25,True,astar_seeded,11,7,119.0,1737.7616666666665
g25_d25_weighted_7007,25,0.25,True,astar_seeded,11,8,119.0,1698.075
g25_d25_weighted_7007,25,0.25,True,astar_seeded,11,9,119.0,1776.8
g25_d25_weighted_7007,25,0.25,True,astar_seeded,11,10,119.0,1690.0783333333334
g25_d25_weighted_7007,25,0.25,True,astar_seeded,11,11,119.0,1783.4583333333333
g25_d25_weighted_7007,25,0.25,True,astar_seeded,11,12,119.0,1813.8333333333333
g25_d25_weighted_7007,25,0.25,True,astar_seeded,11,13,119.0,1717.9
g25_d25_weighted_7007,25,0.25,True,astar_seeded,11,14,119.0,1667.8933333333334
g25_d25_weighted_7007,25,0.25,True,astar_seeded,11,15,119.0,1724.775
g25_d25_weighted_7007,25,0.25,True,astar_seeded,11,16,119.0,1750.0116666666665
g25_d25_weighted_7007,25,0.25,True,astar_seeded,11,17,119.0,1805.4083333333333
g25_d25_weighted_7007,25,0.25,True,astar_seeded,11,18,119.0,1672.625
g25_d25_weighted_7007,25,0.25,True,astar_seeded,11,19,119.0,1657.5333333333333
g25_d25_weighted_7007,25,0.25,True,astar_seeded,11,20,119.0,1728.625
g25_d25_weighted_7007,25,0.25,True,astar_seeded,11,21,119.0,1715.4833333333333
g25_d25_weighted_7007,25,0.25,True,astar_seeded,11,22,119.0,1857.085
g25_d25_weighted_7007,25,0.25,True,astar_seeded,11,23,119.0,1846.4916666666666
g25_d25_weighted_7007,25,0.25,True,astar_seeded,11,24,119.0,1691.2083333333333
g25_d25_weighted_7007,25,0.25,True,astar_seeded,11,25,119.0,1626.7916666666667
g25_d25_weighted_7007,25,0.25,True,astar_seeded,11,26,119.0,1598.1783333333333
g25_d25_weighted_7007,25,0.25,True,astar_seeded,11,27,119.0,1737.3166666666666
g25_d25_weighted_7007,25,0.25,True,astar_seeded,11,28,119.0,1839.1333333333334
g25_d25_weighted_7007,25,0.25,True,astar_seeded,11,29,119.0,1638.1416666666667
g25_d25_weighted_7007,25,0.25,True,astar_seeded,11,30,119.0,1618.3916666666667
g25_d25_weighted_7007,25,0.25,True,astar_seeded,11,31,119.0,1818.15
g25_d25_weighted_7007,25,0.25,True,astar_seeded,11,32,119.0,1769.4333333333334
g25_d25_weighted_7007,25,0.25,True,astar_seeded,11,33,119.0,1705.1333333333334
g25_d25_weighted_7007,25,0.25,True,astar_seeded,11,34,119.0,1743.7
g25_d25_weighted_7007,25,0.25,True,astar_seeded,11,35,119.0,1720.0166666666667
g25_d25_weighted_7007,25,0.25,True,astar_seeded,11,36,119.0,1757.4083333333333
g25_d25_weighted_7007,25,0.25,True,astar_seeded,11,37,119.0,1698.7033333333334
g25_d25_weighted_7007,25,0.25,True,astar_seeded,11,38,119.0,1681.8233333333333
g25_d25_weighted_7007,25,0.25,True,astar_seeded,11,39,119.0,1692.5483333333332
g25_d25_weighted_7007,25,0.25,True,astar_seeded,11,40,119.0,1602.0433333333335
g25_d25_weighted_7007,25,0.25,True,astar_seeded,11,41,119.0,1512.6
g25_d25_weighted_7007,25,0.25,True,astar_seeded,11,42,119.0,1753.5
g25_d25_weighted_7007,25,0.25,True,astar_seeded,11,43,119.0,1646.3433333333335
g25_d25_weighted_7007,25,0.25,True,astar_seeded,11,44,119.0,1794.075
g25_d25_weighted_7007,25,0.25,True,astar_seeded,11,45,119.0,1825.5916666666667
g25_d25_weighted_7007,25,0.25,True,astar_seeded,11,46,119.0,1852.0666666666666
g25_d25_weighted_7007,25,0.25,True,astar_seeded,11,47,119.0,1803.4916666666666
g25_d25_weighted_7007,25,0.25,True,astar_seeded,11,48,119.0,1786.6
g25_d25_weighted_7007,25,0.25,True,astar_seeded,11,49,119.0,1741.225
g25_d25_weighted_7007,25,0.25,True,astar_seeded,11,50,119.0,1730.8333333333333
g25_d25_weighted_7007,25,0.25,True,astar_seeded,22,1,119.0,2193.233333333333
g25_d25_weighted_7007,25,0.25,True,astar_seeded,22,2,119.0,2093.758333333333
g25_d25_weighted_7007,25,0.25,True,astar_seeded,22,3,119.0,2016.4333333333334
g25_d25_weighted_7007,25,0.25,True,astar_seeded,22,4,119.0,1959.7083333333333
g25_d25_weighted_7007,25,0.25,True,astar_seeded,22,5,119.0,1904.0416666666667
g25_d25_weighted_7007,25,0.25,True,astar_seeded,22,6,119.0,1873.1583333333333
g25_d25_weighted_7007,25,0.25,True,astar_seeded,22,7,119.0,1833.245
g25_d25_weighted_7007,25,0.25,True,astar_seeded,22,8,119.0,1781.7949999999998
g25_d25_weighted_7007,25,0.25,True,astar_seeded,22,9,119.0,1783.1283333333333
g25_d25_weighted_7007,25,0.25,True,astar_seeded,22,10,119.0,1831.2183333333335
g25_d25_weighted_7007,25,0.25,True,astar_seeded,22,11,119.0,1797.225
g25_d25_weighted_7007,25,0.25,True,astar_seeded,22,12,119.0,1856.65
g25_d25_weighted_7007,25,0.25,True,astar_seeded,22,13,119.0,1783.8166666666666
g25_d25_weighted_7007,25,0.25,True,astar_seeded,22,14,119.0,1844.5
g25_d25_weighted_7007,25,0.25,True,astar_seeded,22,15,119.0,1830.8166666666666
g25_d25_weighted_7007,25,0.25,True,astar_seeded,22,16,119.0,1769.5083333333334
g25_d25_weighted_7007,25,0.25,True,astar_seeded,22,17,119.0,1847.725
g25_d25_weighted_7007,25,0.25,True,astar_seeded,22,18,119.0,1824.4166666666667
g25_d25_weighted_7007,25,0.25,True,astar_seeded,22,19,119.0,1828.9166666666667
g25_d25_weighted_7007,25,0.25,True,astar_seeded,22,20,119.0,1749.5583333333334
g25_d25_weighted_7007,25,0.25,True,astar_seeded,22,21,119.0,1763.165
g25_d25_weighted_7007,25,0.25,True,astar_seeded,22,22,119.0,1719.8066666666666
g25_d25_weighted_7007,25,0.25,True,astar_seeded,22,23,119.0,1810.025
g25_d25_weighted_7007,25,0.25,True,astar_seeded,22,24,119.0,1805.0883333333334
g25_d25_weighted_7007,25,0.25,True,astar_seeded,22,25,119.0,1782.6166666666666
g25_d25_weighted_7007,25,0.25,True,astar_seeded,22,26,119.0,1814.875
g25_d25_weighted_7007,25,0.25,True,astar_seeded,22,27,119.0,1820.775
g25_d25_weighted_7007,25,0.25,True,astar_seeded,22,28,119.0,1812.75
g25_d25_weighted_7007,25,0.25,True,astar_seeded,22,29,119.0,1735.3133333333333
g25_d25_weighted_7007,25,0.25,True,astar_seeded,22,30,119.0,1771.3683333333333
g25_d25_weighted_7007,25,0.25,True,astar_seeded,22,31,119.0,1767.3583333333333
g25_d25_weighted_7007,25,0.25,True,astar_seeded,22,32,119.0,1755.3966666666668
g25_d25_weighted_7007,25,0.25,True,astar_seeded,22,33,119.0,1851.425
g25_d25_weighted_7007,25,0.25,True,astar_seeded,22,34,119.0,1768.9166666666667
g25_d25_weighted_7007,25,0.25,True,astar_seeded,22,35,119.0,1700.1666666666667
g25_d25_weighted_7007,25,0.25,True,astar_seeded,22,36,119.0,1822.8766666666668
g25_d25_weighted_7007,25,0.25,True,astar_seeded,22,37,119.0,1700.2316666666666
g25_d25_weighted_7007,25,0.25,True,astar_seeded,22,38,119.0,1706.2466666666667
g25_d25_weighted_7007,25,0.25,True,astar_seeded,22,39,119.0,1792.1833333333334
g25_d25_weighted_7007,25,0.25,True,astar_seeded,22,40,119.0,1770.0416666666667
g25_d25_weighted_7007,25,0.25,True,astar_seeded,22,41,119.0,1808.0583333333334
g25_d25_weighted_7007,25,0.25,True,astar_seeded,22,42,119.0,1668.7666666666667
g25_d25_weighted_7007,25,0.25,True,astar_seeded,22,43,119.0,1612.3083333333334
g25_d25_weighted_7007,25,0.25,True,astar_seeded,22,44,119.0,1629.115
g25_d25_weighted_7007,25,0.25,True,astar_seeded,22,45,119.0,1735.6666666666667
g25_d25_weighted_7007,25,0.25,True,astar_seeded,22,46,119.0,1814.45
g25_d25_weighted_7007,25,0.25,True,astar_seeded,22,47,119.0,1771.7966666666666
g25_d25_weighted_7007,25,0.25,True,astar_seeded,22,48,119.0,1693.4083333333333
g25_d25_weighted_7007,25,0.25,True,astar_seeded,22,49,119.0,1811.85
g25_d25_weighted_7007,25,0.25,True,astar_seeded,22,50,119.0,1786.8416666666667
g25_d25_weighted_7007,25,0.25,True,astar_seeded,33,1,119.0,2151.2
g25_d25_weighted_7007,25,0.25,True,astar_seeded,33,2,119.0,2010.325
g25_d25_weighted_7007,25,0.25,True,astar_seeded,33,3,119.0,1854.75
g25_d25_weighted_7007,25,0.25,True,astar_seeded,33,4,119.0,1687.625
g25_d25_weighted_7007,25,0.25,True,astar_seeded,33,5,119.0,1711.41
g25_d25_weighted_7007,25,0.25,True,astar_seeded,33,6,119.0,1878.75
g25_d25_weighted_7007,25,0.25,True,astar_seeded,33,7,119.0,1808.8016666666667
g25_d25_weighted_7007,25,0.25,True,astar_seeded,33,8,119.0,1670.5449999999998
g25_d25_weighted_7007,25,0.25,True,astar_seeded,33,9,119.0,1785.4016666666669
g25_d25_weighted_7007,25,0.25,True,astar_seeded,33,10,119.0,1713.8483333333331
g25_d25_weighted_7007,25,0.25,True,astar_seeded,33,11,119.0,1805.875
g25_d25_weighted_7007,25,0.25,True,astar_seeded,33,12,119.0,1723.425
g25_d25_weighted_7007,25,0.25,True,astar_seeded,33,13,119.0,1652.9166666666667
g25_d25_weighted_7007,25,0.25,True,astar_seeded,33,14,119.0,1723.3100000000002
g25_d25_weighted_7007,25,0.25,True,astar_seeded,33,15,119.0,1596.3566666666666
g25_d25_weighted_7007,25,0.25,True,astar_seeded,33,16,119.0,1737.2783333333332
g25_d25_weighted_7007,25,0.25,True,astar_seeded,33,17,119.0,1822.7833333333333
g25_d25_weighted_7007,25,0.25,True,astar_seeded,33,18,119.0,1731.9316666666666
g25_d25_weighted_7007,25,0.25,True,astar_seeded,33,19,119.0,1816.175
g25_d25_weighted_7007,25,0.25,True,astar_seeded,33,20,119.0,1533.1683333333335
g25_d25_weighted_7007,25,0.25,True,astar_seeded,33,21,119.0,1693.6899999999998
g25_d25_weighted_7007,25,0.25,True,astar_seeded,33,22,119.0,1722.6100000000001
g25_d25_weighted_7007,25,0.25,True,astar_seeded,33,23,119.0,1751.4033333333332
g25_d25_weighted_7007,25,0.25,True,astar_seeded,33,24,119.0,1763.1566666666665
g25_d25_weighted_7007,25,0.25,True,astar_seeded,33,25,119.0,1560.7649999999999
g25_d25_weighted_7007,25,0.25,True,astar_seeded,33,26,119.0,1680.84
g25_d25_weighted_7007,25,0.25,True,astar_seeded,33,27,119.0,1756.1
g25_d25_weighted_7007,25,0.25,True,astar_seeded,33,28,119.0,1817.7416666666666
g25_d25_weighted_7007,25,0.25,True,astar_seeded,33,29,119.0,1599.0016666666668
g25_d25_weighted_7007,25,0.25,True,astar_seeded,33,30,119.0,1645.25
g25_d25_weighted_7007,25,0.25,True,astar_seeded,33,31,119.0,1769.3833333333334
g25_d25_weighted_7007,25,0.25,True,astar_seeded,33,32,119.0,1715.8416666666667
g25_d25_weighted_7007,25,0.25,True,astar_seeded,33,33,119.0,1597.8766666666668
g25_d25_weighted_7007,25,0.25,True,astar_seeded,33,34,119.0,1524.29
g25_d25_weighted_7007,25,0.25,True,astar_seeded,33,35,119.0,1754.355
g25_d25_weighted_7007,25,0.25,True,astar_seeded,33,36,119.0,1707.835
g25_d25_weighted_7007,25,0.25,True,astar_seeded,33,37,119.0,1813.225
g25_d25_weighted_7007,25,0.25,True,astar_seeded,33,38,119.0,1731.2166666666667
g25_d25_weighted_7007,25,0.25,True,astar_seeded,33,39,119.0,1600.0116666666665
g25_d25_weighted_7007,25,0.25,True,astar_seeded,33,40,119.0,1744.7416666666666
g25_d25_weighted_7007,25,0.25,True,astar_seeded,33,41,119.0,1736.3666666666666
g25_d25_weighted_7007,25,0.25,True,astar_seeded,33,42,119.0,1688.1899999999998
g25_d25_weighted_7007,25,0.25,True,astar_seeded,33,43,119.0,1773.3333333333333
g25_d25_weighted_7007,25,0.25,True,astar_seeded,33,44,119.0,1807.4666666666667
g25_d25_weighted_7007,25,0.25,True,astar_seeded,33,45,119.0,1640.46
g25_d25_weighted_7007,25,0.25,True,astar_seeded,33,46,119.0,1805.9
g25_d25_weighted_7007,25,0.25,True,astar_seeded,33,47,119.0,1739.6166666666666
g25_d25_weighted_7007,25,0.25,True,astar_seeded,33,48,119.0,1643.0416666666667
g25_d25_weighted_7007,25,0.25,True,astar_seeded,33,49,119.0,1616.885
g25_d25_weighted_7007,25,0.25,True,astar_seeded,33,50,119.0,1581.21
g25_d25_weighted_7007,25,0.25,True,astar_seeded,44,1,119.0,2203.8083333333334
g25_d25_weighted_7007,25,0.25,True,astar_seeded,44,2,119.0,2067.0333333333333
g25_d25_weighted_7007,25,0.25,True,astar_seeded,44,3,119.0,1975.0083333333334
g25_d25_weighted_7007,25,0.25,True,astar_seeded,44,4,119.0,1954.7333333333333
g25_d25_weighted_7007,25,0.25,True,astar_seeded,44,5,119.0,1901.875
g25_d25_weighted_7007,25,0.25,True,astar_seeded,44,6,119.0,1879.1916666666666
g25_d25_weighted_7007,25,0.25,True,astar_seeded,44,7,119.0,1851.0666666666666
g25_d25_weighted_7007,25,0.25,True,astar_seeded,44,8,119.0,1879.675
g25_d25_weighted_7007,25,0.25,True,astar_seeded,44,9,119.0,1889.4833333333333
g25_d25_weighted_7007,25,0.25,True,astar_seeded,44,10,119.0,1841.9416666666666
g25_d25_weighted_7007,25,0.25,True,astar_seeded,44,11,119.0,1822.895
g25_d25_weighted_7007,25,0.25,True,astar_seeded,44,12,119.0,1647.0800000000002
g25_d25_weighted_7007,25,0.25,True,astar_seeded,44,13,119.0,1630.38
g25_d25_weighted_7007,25,0.25,True,astar_seeded,44,14,119.0,1661.005
g25_d25_weighted_7007,25,0.25,True,astar_seeded,44,15,119.0,1643.9666666666667
g25_d25_weighted_7007,25,0.25,True,astar_seeded,44,16,119.0,1616.2883333333334
g25_d25_weighted_7007,25,0.25,True,astar_seeded,44,17,119.0,1585.5533333333333
g25_d25_weighted_7007,25,0.25,True,astar_seeded,44,18,119.0,1499.3766666666668
g25_d25_weighted_7007,25,0.25,True,astar_seeded,44,19,119.0,1683.7166666666667
g25_d25_weighted_7007,25,0.25,True,astar_seeded,44,20,119.0,1616.2033333333334
g25_d25_weighted_7007,25,0.25,True,astar_seeded,44,21,119.0,1739.91
g25_d25_weighted_7007,25,0.25,True,astar_seeded,44,22,119.0,1770.1083333333333
g25_d25_weighted_7007,25,0.25,True,astar_seeded,44,23,119.0,1871.3
g25_d25_weighted_7007,25,0.25,True,astar_seeded,44,24,119.0,1709.225
g25_d25_weighted_7007,25,0.25,True,astar_seeded,44,25,119.0,1740.6166666666666
g25_d25_weighted_7007,25,0.25,True,astar_seeded,44,26,119.0,1638.5083333333334
g25_d25_weighted_7007,25,0.25,True,astar_seeded,44,27,119.0,1639.8766666666668
g25_d25_weighted_7007,25,0.25,True,astar_seeded,44,28,119.0,1729.8149999999998
g25_d25_weighted_7007,25,0.25,True,astar_seeded,44,29,119.0,1721.275
g25_d25_weighted_7007,25,0.25,True,astar_seeded,44,30,119.0,1671.2016666666668
g25_d25_weighted_7007,25,0.25,True,astar_seeded,44,31,119.0,1776.3666666666666
g25_d25_weighted_7007,25,0.25,True,astar_seeded,44,32,119.0,1741.4216666666666
g25_d25_weighted_7007,25,0.25,True,astar_seeded,44,33,119.0,1861.8466666666668
g25_d25_weighted_7007,25,0.25,True,astar_seeded,44,34,119.0,1741.345
g25_d25_weighted_7007,25,0.25,True,astar_seeded,44,35,119.0,1813.15
g25_d25_weighted_7007,25,0.25,True,astar_seeded,44,36,119.0,1840.8916666666667
g25_d25_weighted_7007,25,0.25,True,astar_seeded,44,37,119.0,1781.9083333333333
g25_d25_weighted_7007,25,0.25,True,astar_seeded,44,38,119.0,1758.8383333333334
g25_d25_weighted_7007,25,0.25,True,astar_seeded,44,39,119.0,1795.2083333333333
g25_d25_weighted_7007,25,0.25,True,astar_seeded,44,40,119.0,1783.8
g25_d25_weighted_7007,25,0.25,True,astar_seeded,44,41,119.0,1702.2916666666667
g25_d25_weighted_7007,25,0.25,True,astar_seeded,44,42,119.0,1601.6033333333332
g25_d25_weighted_7007,25,0.25,True,astar_seeded,44,43,119.0,1684.0866666666666
g25_d25_weighted_7007,25,0.25,True,astar_seeded,44,44,119.0,1757.3733333333332
g25_d25_weighted_7007,25,0.25,True,astar_seeded,44,45,119.0,1793.9166666666667
g25_d25_weighted_7007,25,0.25,True,astar_seeded,44,46,119.0,1674.0483333333332
g25_d25_weighted_7007,25,0.25,True,astar_seeded,44,47,119.0,1691.905
g25_d25_weighted_7007,25,0.25,True,astar_seeded,44,48,119.0,1660.5616666666667
g25_d25_weighted_7007,25,0.25,True,astar_seeded,44,49,119.0,1589.505
g25_d25_weighted_7007,25,0.25,True,astar_seeded,44,50,119.0,1539.29
g25_d25_weighted_7007,25,0.25,True,astar_seeded,55,1,119.0,2199.491666666667
g25_d25_weighted_7007,25,0.25,True,astar_seeded,55,2,119.0,2004.05
g25_d25_weighted_7007,25,0.25,True,astar_seeded,55,3,119.0,1899.7833333333333
g25_d25_weighted_7007,25,0.25,True,astar_seeded,55,4,119.0,1788.175
g25_d25_weighted_7007,25,0.25,True,astar_seeded,55,5,119.0,1841.6083333333333
g25_d25_weighted_7007,25,0.25,True,astar_seeded,55,6,119.0,1775.0583333333334
g25_d25_weighted_7007,25,0.25,True,astar_seeded,55,7,119.0,1748.475
g25_d25_weighted_7007,25,0.25,True,astar_seeded,55,8,119.0,1636.1716666666666
g25_d25_weighted_7007,25,0.25,True,astar_seeded,55,9,119.0,1600.0716666666667
g25_d25_weighted_7007,25,0.25,True,astar_seeded,55,10,119.0,1450.0316666666665
g25_d25_weighted_7007,25,0.25,True,astar_seeded,55,11,119.0,1636.5683333333334
g25_d25_weighted_7007,25,0.25,True,astar_seeded,55,12,119.0,1670.15
g25_d25_weighted_7007,25,0.25,True,astar_seeded,55,13,119.0,1659.275
g25_d25_weighted_7007,25,0.25,True,astar_seeded,55,14,119.0,1584.695
g25_d25_weighted_7007,25,0.25,True,astar_seeded,55,15,119.0,1579.4983333333332
g25_d25_weighted_7007,25,0.25,True,astar_seeded,55,16,119.0,1718.225
g25_d25_weighted_7007,25,0.25,True,astar_seeded,55,17,119.0,1723.475
g25_d25_weighted_7007,25,0.25,True,astar_seeded,55,18,119.0,1584.45
g25_d25_weighted_7007,25,0.25,True,astar_seeded,55,19,119.0,1504.7949999999998
g25_d25_weighted_7007,25,0.25,True,astar_seeded,55,20,119.0,1549.2616666666665
g25_d25_weighted_7007,25,0.25,True,astar_seeded,55,21,119.0,1590.0800000000002
g25_d25_weighted_7007,25,0.25,True,astar_seeded,55,22,119.0,1680.6
g25_d25_weighted_7007,25,0.25,True,astar_seeded,55,23,119.0,1705.45
g25_d25_weighted_7007,25,0.25,True,astar_seeded,55,24,119.0,1674.6083333333333
g25_d25_weighted_7007,25,0.25,True,astar_seeded,55,25,119.0,1740.3416666666667
g25_d25_weighted_7007,25,0.25,True,astar_seeded,55,26,119.0,1770.7
g25_d25_weighted_7007,25,0.25,True,astar_seeded,55,27,119.0,1748.1083333333333
g25_d25_weighted_7007,25,0.25,True,astar_seeded,55,28,119.0,1734.725
g25_d25_weighted_7007,25,0.25,True,astar_seeded,55,29,119.0,1675.7116666666666
g25_d25_weighted_7007,25,0.25,True,astar_seeded,55,30,119.0,1726.6083333333333
g25_d25_weighted_7007,25,0.25,True,astar_seeded,55,31,119.0,1739.4583333333333
g25_d25_weighted_7007,25,0.25,True,astar_seeded,55,32,119.0,1665.925
g25_d25_weighted_7007,25,0.25,True,astar_seeded,55,33,119.0,1618.5783333333334
g25_d25_weighted_7007,25,0.25,True,astar_seeded,55,34,119.0,1646.05
g25_d25_weighted_7007,25,0.25,True,astar_seeded,55,35,119.0,1705.5600000000002
g25_d25_weighted_7007,25,0.25,True,astar_seeded,55,36,119.0,1746.7183333333335
g25_d25_weighted_7007,25,0.25,True,astar_seeded,55,37,119.0,1492.1399999999999
g25_d25_weighted_7007,25,0.25,True,astar_seeded,55,38,119.0,1514.925
g25_d25_weighted_7007,25,0.25,True,astar_seeded,55,39,119.0,1490.9733333333331
g25_d25_weighted_7007,25,0.25,True,astar_seeded,55,40,119.0,1517.8966666666668
g25_d25_weighted_7007,25,0.25,True,astar_seeded,55,41,119.0,1550.7
g25_d25_weighted_7007,25,0.25,True,astar_seeded,55,42,119.0,1611.2083333333333
g25_d25_weighted_7007,25,0.25,True,astar_seeded,55,43,119.0,1667.725
g25_d25_weighted_7007,25,0.25,True,astar_seeded,55,44,119.0,1574.9583333333333
g25_d25_weighted_7007,25,0.25,True,astar_seeded,55,45,119.0,1578.5333333333333
g25_d25_weighted_7007,25,0.25,True,astar_seeded,55,46,119.0,1660.715
g25_d25_weighted_7007,25,0.25,True,astar_seeded,55,47,119.0,1567.02
g25_d25_weighted_7007,25,0.25,True,astar_seeded,55,48,119.0,1586.6783333333333
g25_d25_weighted_7007,25,0.25,True,astar_seeded,55,49,119.0,1608.8
g25_d25_weighted_7007,25,0.25,True,astar_seeded,55,50,119.0,1789.3333333333333
g35_d15_unit_7008,35,0.15,False,random,11,1,1989.25,2437.4333333333334
g35_d15_unit_7008,35,0.15,False,random,11,2,1874.25,2319.483333333333
g35_d15_unit_7008,35,0.15,False,random,11,3,1684.25,2111.9
g35_d15_unit_7008,35,0.15,False,random,11,4,1680.0,1980.7083333333333
g35_d15_unit_7008,35,0.15,False,random,11,5,1608.25,1977.7416666666666
g35_d15_unit_7008,35,0.15,False,random,11,6,1525.5,1919.5583333333334
g35_d15_unit_7008,35,0.15,False,random,11,7,1525.5,1906.4
g35_d15_unit_7008,35,0.15,False,random,11,8,1399.5,1815.8166666666666
g35_d15_unit_7008,35,0.15,False,random,11,9,1399.5,1835.0666666666666
g35_d15_unit_7008,35,0.15,False,random,11,10,1399.5,1734.5416666666667
g35_d15_unit_7008,35,0.15,False,random,11,11,1379.0,1704.8916666666667
g35_d15_unit_7008,35,0.15,False,random,11,12,1379.0,1664.7166666666667
g35_d15_unit_7008,35,0.15,False,random,11,13,1319.75,1646.0916666666667
g35_d15_unit_7008,35,0.15,False,random,11,14,1319.75,1625.9
g35_d15_unit_7008,35,0.15,False,random,11,15,1319.75,1607.0083333333334
g35_d15_unit_7008,35,0.15,False,random,11,16,281.4,1531.8216666666667
g35_d15_unit_7008,35,0.15,False,random,11,17,281.4,1540.505
g35_d15_unit_7008,35,0.15,False,random,11,18,271.65,1452.3666666666666
g35_d15_unit_7008,35,0.15,False,random,11,19,271.65,1525.285
g35_d15_unit_7008,35,0.15,False,random,11,20,222.75,1448.2516666666668
g35_d15_unit_7008,35,0.15,False,random,11,21,222.75,1464.1216666666667
g35_d15_unit_7008,35,0.15,False,random,11,22,222.75,1424.2066666666665
g35_d15_unit_7008,35,0.15,False,random,11,23,220.65,1447.5449999999998
g35_d15_unit_7008,35,0.15,False,random,11,24,220.65,1427.4850000000001
g35_d15_unit_7008,35,0.15,False,random,11,25,219.15,1385.7533333333333
g35_d15_unit_7008,35,0.15,False,random,11,26,219.15,1458.8116666666667
g35_d15_unit_7008,35,0.15,False,random,11,27,219.15,1427.5816666666665
g35_d15_unit_7008,35,0.15,False,random,11,28,219.15,1432.355
g35_d15_unit_7008,35,0.15,False,random,11,29,200.25,1375.1416666666667
g35_d15_unit_7008,35,0.15,False,random,11,30,200.25,1402.5366666666666
g35_d15_unit_7008,35,0.15,False,random,11,31,200.25,1417.8683333333333
g35_d15_unit_7008,35,0.15,False,random,11,32,200.25,1429.6683333333335
g35_d15_unit_7008,35,0.15,False,random,11,33,199.2,1390.4366666666667
g35_d15_unit_7008,35,0.15,False,random,11,34,199.2,1216.38
g35_d15_unit_7008,35,0.15,False,random,11,35,197.85,1469.3916666666667
g35_d15_unit_7008,35,0.15,False,random,11,36,184.5,1239.5783333333334
g35_d15_unit_7008,35,0.15,False,random,11,37,184.5,1264.8616666666667
g35_d15_unit_7008,35,0.15,False,random,11,38,184.5,1369.1283333333333
g35_d15_unit_7008,35,0.15,False,random,11,39,184.5,1279.3733333333332
g35_d15_unit_7008,35,0.15,False,random,11,40,184.5,1378.8816666666667
g35_d15_unit_7008,35,0.15,False,random,11,41,168.15,1206.5716666666667
g35_d15_unit_7008,35,0.15,False,random,11,42,168.15,1360.9016666666669
g35_d15_unit_7008,35,0.15,False,random,11,43,168.15,1417.2766666666669
g35_d15_unit_7008,35,0.15,False,random,11,44,168.15,1392.9833333333333
g35_d15_unit_7008,35,0.15,False,random,11,45,168.15,1271.425
g35_d15_unit_7008,35,0.15,False,random,11,46,168.15,1110.4399999999998
g35_d15_unit_7008,35,0.15,False,random,11,47,168.15,1275.29
g35_d15_unit_7008,35,0.15,False,random,11,48,168.15,1104.0883333333334
g35_d15_unit_7008,35,0.15,False,random,11,49,168.15,1242.075
g35_d15_unit_7008,35,0.15,False,random,11,50,168.15,1098.8566666666666
g35_d15_unit_7008,35,0.15,False,random,22,1,2105.0,2460.1
g35_d15_unit_7008,35,0.15,False,random,22,2,1916.5,2319.391666666667
g35_d15_unit_7008,35,0.15,False,random,22,3,1916.5,2224.0916666666667
g35_d15_unit_7008,35,0.15,False,random,22,4,1771.5,2103.266666666667
g35_d15_unit_7008,35,0.15,False,random,22,5,1771.5,2113.8166666666666
g35_d15_unit_7008,35,0.15,False,random,22,6,1676.5,2095.55
g35_d15_unit_7008,35,0.15,False,random,22,7,1676.5,2044.075
g35_d15_unit_7008,35,0.15,False,random,22,8,1676.5,2029.2666666666667
g35_d15_unit_7008,35,0.15,False,random,22,9,1676.5,2005.9416666666666
g35_d15_unit_7008,35,0.15,False,random,22,10,1563.75,1932.4083333333333
g35_d15_unit_7008,35,0.15,False,random,22,11,1501.75,1896.0333333333333
g35_d15_unit_7008,35,0.15,False,random,22,12,1501.75,1879.7666666666667
g35_d15_unit_7008,35,0.15,False,random,22,13,1461.0,1766.1666666666667
g35_d15_unit_7008,35,0.15,False,random,22,14,1337.5,1673.8916666666667
g35_d15_unit_7008,35,0.15,False,random,22,15,1337.5,1662.4083333333333
g35_d15_unit_7008,35,0.15,False,random,22,16,1337.5,1645.275
g35_d15_unit_7008,35,0.15,False,random,22,17,1337.5,1649.9583333333333
g35_d15_unit_7008,35,0.15,False,random,22,18,1315.0,1600.3333333333333
g35_d15_unit_7008,35,0.15,False,random,22,19,1315.0,1640.4333333333334
g35_d15_unit_7008,35,0.15,False,random,22,20,275.55,1597.7183333333335
g35_d15_unit_7008,35,0.15,False,random,22,21,275.55,1519.1566666666665
g35_d15_unit_7008,35,0.15,False,random,22,22,275.55,1516.6699999999998
g35_d15_unit_7008,35,0.15,False,random,22,23,275.55,1502.9133333333334
g35_d15_unit_7008,35,0.15,False,random,22,24,275.55,1492.6333333333334
g35_d15_unit_7008,35,0.15,False,random,22,25,275.55,1464.97
g35_d15_unit_7008,35,0.15,False,random,22,26,275.55,1478.745
g35_d15_unit_7008,35,0.15,False,random,22,27,269.4,1464.925
g35_d15_unit_7008,35,0.15,False,random,22,28,268.95,1460.73
g35_d15_unit_7008,35,0.15,False,random,22,29,268.95,1457.4366666666667
g35_d15_unit_7008,35,0.15,False,random,22,30,268.95,1505.5783333333334
g35_d15_unit_7008,35,0.15,False,random,22,31,268.95,1540.53
g35_d15_unit_7008,35,0.15,False,random,22,32,268.95,1530.6699999999998
g35_d15_unit_7008,35,0.15,False,random,22,33,268.95,1510.6399999999999
g35_d15_unit_7008,35,0.15,False,random,22,34,268.95,1499.3116666666667
g35_d15_unit_7008,35,0.15,False,random,22,35,268.95,1396.9833333333333
g35_d15_unit_7008,35,0.15,False,random,22,36,263.1,1457.8483333333331
g35_d15_unit_7008,35,0.15,False,random,22,37,263.1,1424.5416666666667
g35_d15_unit_7008,35,0.15,False,random,22,38,260.85,1381.87
g35_d15_unit_7008,35,0.15,False,random,22,39,260.85,1365.02
g35_d15_unit_7008,35,0.15,False,random,22,40,259.35,1289.5649999999998
g35_d15_unit_7008,35,0.15,False,random,22,41,259.35,1403.15
g35_d15_unit_7008,35,0.15,False,random,22,42,227.85,1324.5449999999998
g35_d15_unit_7008,35,0.15,False,random,22,43,227.85,1407.55
g35_d15_unit_7008,35,0.15,False,random,22,44,227.85,1478.745
g35_d15_unit_7008,35,0.15,False,random,22,45,227.85,1450.4766666666667
g35_d15_unit_7008,35,0.15,False,random,22,46,227.85,1474.7233333333331
g35_d15_unit_7008,35,0.15,False,random,22,47,227.85,1450.2116666666666
g35_d15_unit_7008,35,0.15,False,random,22,48,227.85,1474.005
g35_d15_unit_7008,35,0.15,False,random,22,49,227.85,1489.8383333333334
g35_d15_unit_7008,35,0.15,False,random,22,50,227.85,1358.6283333333333
g35_d15_unit_7008,35,0.15,False,random,33,1,2003.5,2418.641666666667
g35_d15_unit_7008,35,0.15,False,random,33,2,1888.5,2254.3083333333334
g35_d15_unit_7008,35,0.15,False,random,33,3,1884.0,2156.025
g35_d15_unit_7008,35,0.15,False,random,33,4,1729.5,2053.85
g35_d15_unit_7008,35,0.15,False,random,33,5,1729.5,2042.1416666666667
g35_d15_unit_7008,35,0.15,False,random,33,6,1729.25,1985.925
g35_d15_unit_7008,35,0.15,False,random,33,7,1688.5,1945.4583333333333
g35_d15_unit_7008,35,0.15,False,random,33,8,1542.75,1960.6916666666666
g35_d15_unit_7008,35,0.15,False,random,33,9,1542.75,1854.575
g35_d15_unit_7008,35,0.15,False,random,33,10,1542.75,1844.4583333333333
g35_d15_unit_7008,35,0.15,False,random,33,11,1537.0,1756.0
g35_d15_unit_7008,35,0.15,False,random,33,12,1537.0,1879.825
g35_d15_unit_7008,35,0.15,False,random,33,13,1537.0,1910.6666666666667
g35_d15_unit_7008,35,0.15,False,random,33,14,1537.0,1881.5583333333334
g35_d15_unit_7008,35,0.15,False,random,33,15,1537.0,1842.0916666666667
g35_d15_unit_7008,35,0.15,False,random,33,16,1537.0,1820.125
g35_d15_unit_7008,35,0.15,False,random,33,17,1537.0,1830.75
g35_d15_unit_7008,35,0.15,False,random,33,18,1537.0,1847.0333333333333
g35_d15_unit_7008,35,0.15,False,random,33,19,1537.0,1800.1666666666667
g35_d15_unit_7008,35,0.15,False,random,33,20,1507.75,1748.85
g35_d15_unit_7008,35,0.15,False,random,33,21,1507.75,1733.8416666666667
g35_d15_unit_7008,35,0.15,False,random,33,22,1500.75,1782.7916666666667
g35_d15_unit_7008,35,0.15,False,random,33,23,1500.75,1777.9833333333333
g35_d15_unit_7008,35,0.15,False,random,33,24,1500.75,1747.9
g35_d15_unit_7008,35,0.15,False,random,33,25,1500.75,1755.125
g35_d15_unit_7008,35,0.15,False,random,33,26,1500.75,1760.725
g35_d15_unit_7008,35,0.15,False,random,33,27,1429.0,1730.5916666666667
g35_d15_unit_7008,35,0.15,False,random,33,28,1429.0,1689.9416666666666
g35_d15_unit_7008,35,0.15,False,random,33,29,1363.5,1718.3333333333333
g35_d15_unit_7008,35,0.15,False,random,33,30,1363.5,1704.675
g35_d15_unit_7008,35,0.15,False,random,33,31,1363.5,1701.8416666666667
g35_d15_unit_7008,35,0.15,False,random,33,32,1363.5,1727.3416666666667
g35_d15_unit_7008,35,0.15,False,random,33,33,1363.5,1704.8666666666666
g35_d15_unit_7008,35,0.15,False,random,33,34,1363.5,1693.1
g35_d15_unit_7008,35,0.15,False,random,33,35,1363.5,1708.5083333333334
g35_d15_unit_7008,35,0.15,False,random,33,36,1363.5,1741.05
g35_d15_unit_7008,35,0.15,False,random,33,37,1363.5,1674.4916666666666
g35_d15_unit_7008,35,0.15,False,random,33,38,1363.5,1663.275
g35_d15_unit_7008,35,0.15,False,random,33,39,1363.5,1703.4
g35_d15_unit_7008,35,0.15,False,random,33,40,1363.5,1677.5833333333333
g35_d15_unit_7008,35,0.15,False,random,33,41,1363.5,1682.9583333333333
g35_d15_unit_7008,35,0.15,False,random,33,42,1363.5,1725.575
g35_d15_unit_7008,35,0.15,False,random,33,43,1363.5,1748.7916666666667
g35_d15_unit_7008,35,0.15,False,random,33,44,1363.5,1782.925
g35_d15_unit_7008,35,0.15,False,random,33,45,1363.5,1688.5083333333334
g35_d15_unit_7008,35,0.15,False,random,33,46,1297.75,1694.9916666666666
g35_d15_unit_7008,35,0.15,False,random,33,47,1297.75,1653.4416666666666
g35_d15_unit_7008,35,0.15,False,random,33,48,1297.75,1639.525
g35_d15_unit_7008,35,0.15,False,random,33,49,1297.75,1650.3
g35_d15_unit_7008,35,0.15,False,random,33,50,1297.75,1698.3166666666666
g35_d15_unit_7008,35,0.15,False,random,44,1,2077.75,2443.0916666666667
g35_d15_unit_7008,35,0.15,False,random,44,2,2024.5,2367.55
g35_d15_unit_7008,35,0.15,False,random,44,3,1965.0,2267.758333333333
g35_d15_unit_7008,35,0.15,False,random,44,4,1752.5,2188.6666666666665
g35_d15_unit_7008,35,0.15,False,random,44,5,1750.25,2097.85
g35_d15_unit_7008,35,0.15,False,random,44,6,1590.25,2015.9833333333333
g35_d15_unit_7008,35,0.15,False,random,44,7,1590.25,1912.9333333333334
g35_d15_unit_7008,35,0.15,False,random,44,8,1590.25,1863.8583333333333
g35_d15_unit_7008,35,0.15,False,random,44,9,1550.5,1834.3333333333333
g35_d15_unit_7008,35,0.15,False,random,44,10,1533.25,1825.8583333333333
g35_d15_unit_7008,35,0.15,False,random,44,11,1525.5,1828.1333333333334
g35_d15_unit_7008,35,0.15,False,random,44,12,1507.25,1768.3
g35_d15_unit_7008,35,0.15,False,random,44,13,1507.25,1759.7
g35_d15_unit_7008,35,0.15,False,random,44,14,1477.75,1753.7833333333333
g35_d15_unit_7008,35,0.15,False,random,44,15,1477.75,1726.0166666666667
g35_d15_unit_7008,35,0.15,False,random,44,16,1477.75,1745.9916666666666
g35_d15_unit_7008,35,0.15,False,random,44,17,1477.75,1719.7916666666667
g35_d15_unit_7008,35,0.15,False,random,44,18,1477.75,1715.6916666666666
g35_d15_unit_7008,35,0.15,False,random,44,19,1477.75,1744.0916666666667
g35_d15_unit_7008,35,0.15,False,random,44,20,1477.75,1759.1333333333334
g35_d15_unit_7008,35,0.15,False,random,44,21,1477.75,1753.075
g35_d15_unit_7008,35,0.15,False,random,44,22,1416.75,1754.6583333333333
g35_d15_unit_7008,35,0.15,False,random,44,23,1416.75,1678.95
g35_d15_unit_7008,35,0.15,False,random,44,24,1416.75,1717.4416666666666
g35_d15_unit_7008,35,0.15,False,random,44,25,1416.75,1741.025
g35_d15_unit_7008,35,0.15,False,random,44,26,1416.75,1722.5666666666666
g35_d15_unit_7008,35,0.15,False,random,44,27,1416.75,1714.2916666666667
g35_d15_unit_7008,35,0.15,False,random,44,28,1416.75,1736.3833333333334
g35_d15_unit_7008,35,0.15,False,random,44,29,1416.75,1719.0333333333333
g35_d15_unit_7008,35,0.15,False,random,44,30,271.05,1721.1016666666667
g35_d15_unit_7008,35,0.15,False,random,44,31,271.05,1665.7183333333335
g35_d15_unit_7008,35,0.15,False,random,44,32,271.05,1613.6766666666667
g35_d15_unit_7008,35,0.15,False,random,44,33,266.1,1538.7133333333334
g35_d15_unit_7008,35,0.15,False,random,44,34,266.1,1555.3216666666667
g35_d15_unit_7008,35,0.15,False,random,44,35,266.1,1527.7716666666668
g35_d15_unit_7008,35,0.15,False,random,44,36,266.1,1493.355
g35_d15_unit_7008,35,0.15,False,random,44,37,266.1,1554.1966666666667
g35_d15_unit_7008,35,0.15,False,random,44,38,266.1,1540.8733333333332
g35_d15_unit_7008,35,0.15,False,random,44,39,266.1,1574.48
g35_d15_unit_7008,35,0.15,False,random,44,40,266.1,1500.6850000000002
g35_d15_unit_7008,35,0.15,False,random,44,41,266.1,1490.2466666666667
g35_d15_unit_7008,35,0.15,False,random,44,42,256.2,1509.82
g35_d15_unit_7008,35,0.15,False,random,44,43,256.2,1494.9933333333333
g35_d15_unit_7008,35,0.15,False,random,44,44,256.2,1401.2633333333333
g35_d15_unit_7008,35,0.15,False,random,44,45,256.2,1534.4383333333333
g35_d15_unit_7008,35,0.15,False,random,44,46,256.2,1522.3516666666667
g35_d15_unit_7008,35,0.15,False,random,44,47,256.2,1495.8616666666667
g35_d15_unit_7008,35,0.15,False,random,44,48,256.2,1509.3933333333334
g35_d15_unit_7008,35,0.15,False,random,44,49,256.2,1481.9783333333332
g35_d15_unit_7008,35,0.15,False,random,44,50,256.2,1454.37
g35_d15_unit_7008,35,0.15,False,random,55,1,1919.25,2455.741666666667
g35_d15_unit_7008,35,0.15,False,random,55,2,1891.5,2301.4166666666665
g35_d15_unit_7008,35,0.15,False,random,55,3,1759.5,2146.8
g35_d15_unit_7008,35,0.15,False,random,55,4,1759.5,2094.008333333333
g35_d15_unit_7008,35,0.15,False,random,55,5,1661.25,1962.4416666666666
g35_d15_unit_7008,35,0.15,False,random,55,6,1661.25,1892.525
g35_d15_unit_7008,35,0.15,False,random,55,7,1525.5,1847.3833333333334
g35_d15_unit_7008,35,0.15,False,random,55,8,1525.5,1808.8
g35_d15_unit_7008,35,0.15,False,random,55,9,1443.25,1833.0583333333334
g35_d15_unit_7008,35,0.15,False,random,55,10,1443.25,1760.2583333333334
g35_d15_unit_7008,35,0.15,False,random,55,11,1443.25,1775.075
g35_d15_unit_7008,35,0.15,False,random,55,12,1417.75,1788.275
g35_d15_unit_7008,35,0.15,False,random,55,13,1402.75,1788.6083333333333
g35_d15_unit_7008,35,0.15,False,random,55,14,1402.75,1785.4166666666667
g35_d15_unit_7008,35,0.15,False,random,55,15,1383.5,1697.575
g35_d15_unit_7008,35,0.15,False,random,55,16,1383.5,1679.2166666666667
g35_d15_unit_7008,35,0.15,False,random,55,17,271.05,1651.2183333333335
g35_d15_unit_7008,35,0.15,False,random,55,18,271.05,1585.835
g35_d15_unit_7008,35,0.15,False,random,55,19,271.05,1552.1566666666665
g35_d15_unit_7008,35,0.15,False,random,55,20,270.3,1468.075
g35_d15_unit_7008,35,0.15,False,random,55,21,270.3,1446.8516666666667
g35_d15_unit_7008,35,0.15,False,random,55,22,270.3,1462.3016666666667
g35_d15_unit_7008,35,0.15,False,random,55,23,270.3,1423.3233333333333
g35_d15_unit_7008,35,0.15,False,random,55,24,255.6,1396.1233333333332
g35_d15_unit_7008,35,0.15,False,random,55,25,255.6,1463.68
g35_d15_unit_7008,35,0.15,False,random,55,26,255.6,1442.1466666666668
g35_d15_unit_7008,35,0.15,False,random,55,27,255.6,1407.6566666666665
g35_d15_unit_7008,35,0.15,False,random,55,28,255.6,1410.5483333333332
g35_d15_unit_7008,35,0.15,False,random,55,29,255.6,1422.895
g35_d15_unit_7008,35,0.15,False,random,55,30,255.6,1348.3116666666667
g35_d15_unit_7008,35,0.15,False,random,55,31,199.8,1294.4399999999998
g35_d15_unit_7008,35,0.15,False,random,55,32,199.8,1301.2633333333333
g35_d15_unit_7008,35,0.15,False,random,55,33,199.8,1148.175
g35_d15_unit_7008,35,0.15,False,random,55,34,199.8,1244.5183333333334
g35_d15_unit_7008,35,0.15,False,random,55,35,199.8,1370.2266666666667
g35_d15_unit_7008,35,0.15,False,random,55,36,199.8,1364.1466666666668
g35_d15_unit_7008,35,0.15,False,random,55,37,199.8,1321.8133333333333
g35_d15_unit_7008,35,0.15,False,random,55,38,199.8,1236.2
g35_d15_unit_7008,35,0.15,False,random,55,39,199.8,1059.4683333333332
g35_d15_unit_7008,35,0.15,False,random,55,40,199.8,1307.5083333333334
g35_d15_unit_7008,35,0.15,False,random,55,41,198.75,1026.7283333333332
g35_d15_unit_7008,35,0.15,False,random,55,42,198.75,1166.9133333333334
g35_d15_unit_7008,35,0.15,False,random,55,43,198.75,1258.155
g35_d15_unit_7008,35,0.15,False,random,55,44,198.75,1310.8133333333333
g35_d15_unit_7008,35,0.15,False,random,55,45,198.75,1273.3133333333333
g35_d15_unit_7008,35,0.15,False,random,55,46,198.75,1407.3016666666667
g35_d15_unit_7008,35,0.15,False,random,55,47,198.75,1197.7466666666667
g35_d15_unit_7008,35,0.15,False,random,55,48,198.75,1125.4583333333333
g35_d15_unit_7008,35,0.15,False,random,55,49,198.75,1183.46
g35_d15_unit_7008,35,0.15,False,random,55,50,198.75,1298.5116666666665
g35_d15_unit_7008,35,0.15,False,astar_seeded,11,1,71.4,2272.2383333333332
g35_d15_unit_7008,35,0.15,False,astar_seeded,11,2,71.4,2029.1100000000001
g35_d15_unit_7008,35,0.15,False,astar_seeded,11,3,71.4,1782.21
g35_d15_unit_7008,35,0.15,False,astar_seeded,11,4,71.4,1534.9433333333334
g35_d15_unit_7008,35,0.15,False,astar_seeded,11,5,71.4,1494.7683333333334
g35_d15_unit_7008,35,0.15,False,astar_seeded,11,6,71.4,1438.5649999999998
g35_d15_unit_7008,35,0.15,False,astar_seeded,11,7,71.4,1390.2716666666668
g35_d15_unit_7008,35,0.15,False,astar_seeded,11,8,71.4,1519.7533333333333
g35_d15_unit_7008,35,0.15,False,astar_seeded,11,9,71.4,1539.1850000000002
g35_d15_unit_7008,35,0.15,False,astar_seeded,11,10,71.4,1482.4333333333334
g35_d15_unit_7008,35,0.15,False,astar_seeded,11,11,71.4,1510.3183333333334
g35_d15_unit_7008,35,0.15,False,astar_seeded,11,12,71.4,1477.9333333333334
g35_d15_unit_7008,35,0.15,False,astar_seeded,11,13,71.4,1567.6183333333333
g35_d15_unit_7008,35,0.15,False,astar_seeded,11,14,71.4,1601.66
g35_d15_unit_7008,35,0.15,False,astar_seeded,11,15,71.4,1542.46
g35_d15_unit_7008,35,0.15,False,astar_seeded,11,16,71.4,1466.6716666666666
g35_d15_unit_7008,35,0.15,False,astar_seeded,11,17,71.4,1483.3833333333334
g35_d15_unit_7008,35,0.15,False,astar_seeded,11,18,71.4,1548.8766666666668
g35_d15_unit_7008,35,0.15,False,astar_seeded,11,19,71.4,1406.9283333333333
g35_d15_unit_7008,35,0.15,False,astar_seeded,11,20,71.4,1385.6116666666667
g35_d15_unit_7008,35,0.15,False,astar_seeded,11,21,71.4,1524.3633333333335
g35_d15_unit_7008,35,0.15,False,astar_seeded,11,22,71.4,1633.9933333333333
g35_d15_unit_7008,35,0.15,False,astar_seeded,11,23,71.4,1495.605
g35_d15_unit_7008,35,0.15,False,astar_seeded,11,24,71.4,1506.525
g35_d15_unit_7008,35,0.15,False,astar_seeded,11,25,71.4,1447.9583333333333
g35_d15_unit_7008,35,0.15,False,astar_seeded,11,26,71.4,1539.6183333333333
g35_d15_unit_7008,35,0.15,False,astar_seeded,11,27,71.4,1484.0449999999998
g35_d15_unit_7008,35,0.15,False,astar_seeded,11,28,71.4,1424.2816666666665
g35_d15_unit_7008,35,0.15,False,astar_seeded,11,29,71.4,1353.8266666666668
g35_d15_unit_7008,35,0.15,False,astar_seeded,11,30,71.4,1458.6433333333334
g35_d15_unit_7008,35,0.15,False,astar_seeded,11,31,71.4,1364.9233333333332
g35_d15_unit_7008,35,0.15,False,astar_seeded,11,32,71.4,1326.6066666666666
g35_d15_unit_7008,35,0.15,False,astar_seeded,11,33,71.4,1525.2866666666666
g35_d15_unit_7008,35,0.15,False,astar_seeded,11,34,71.4,1446.13
g35_d15_unit_7008,35,0.15,False,astar_seeded,11,35,71.4,1465.5033333333333
g35_d15_unit_7008,35,0.15,False,astar_seeded,11,36,71.4,1359.7050000000002
g35_d15_unit_7008,35,0.15,False,astar_seeded,11,37,71.4,1494.7466666666667
g35_d15_unit_7008,35,0.15,False,astar_seeded,11,38,71.4,1397.0983333333331
g35_d15_unit_7008,35,0.15,False,astar_seeded,11,39,71.4,1364.4266666666667
g35_d15_unit_7008,35,0.15,False,astar_seeded,11,40,71.4,1407.7
g35_d15_unit_7008,35,0.15,False,astar_seeded,11,41,71.4,1463.6166666666666
g35_d15_unit_7008,35,0.15,False,astar_seeded,11,42,71.4,1495.7633333333333
g35_d15_unit_7008,35,0.15,False,astar_seeded,11,43,71.4,1576.1766666666667
g35_d15_unit_7008,35,0.15,False,astar_seeded,11,44,71.4,1410.695
g35_d15_unit_7008,35,0.15,False,astar_seeded,11,45,71.4,1578.1183333333333
g35_d15_unit_7008,35,0.15,False,astar_seeded,11,46,71.4,1534.1716666666666
g35_d15_unit_7008,35,0.15,False,astar_seeded,11,47,71.4,1416.0149999999999
g35_d15_unit_7008,35,0.15,False,astar_seeded,11,48,71.4,1219.7183333333335
g35_d15_unit_7008,35,0.15,False,astar_seeded,11,49,71.4,1455.0666666666666
g35_d15_unit_7008,35,0.15,False,astar_seeded,11,50,71.4,1396.5483333333332
g35_d15_unit_7008,35,0.15,False,astar_seeded,22,1,71.4,2303.5216666666665
g35_d15_unit_7008,35,0.15,False,astar_seeded,22,2,71.4,2080.1683333333335
g35_d15_unit_7008,35,0.15,False,astar_seeded,22,3,71.4,1803.415
g35_d15_unit_7008,35,0.15,False,astar_seeded,22,4,71.4,1724.2766666666669
g35_d15_unit_7008,35,0.15,False,astar_seeded,22,5,71.4,1609.4983333333332
g35_d15_unit_7008,35,0.15,False,astar_seeded,22,6,71.4,1683.0149999999999
g35_d15_unit_7008,35,0.15,False,astar_seeded,22,7,71.4,1741.8983333333333
g35_d15_unit_7008,35,0.15,False,astar_seeded,22,8,71.4,1748.715
g35_d15_unit_7008,35,0.15,False,astar_seeded,22,9,71.4,1739.34
g35_d15_unit_7008,35,0.15,False,astar_seeded,22,10,71.4,1652.0183333333334
g35_d15_unit_7008,35,0.15,False,astar_seeded,22,11,71.4,1708.3516666666667
g35_d15_unit_7008,35,0.15,False,astar_seeded,22,12,71.4,1769.0516666666667
g35_d15_unit_7008,35,0.15,False,astar_seeded,22,13,71.4,1617.1333333333334
g35_d15_unit_7008,35,0.15,False,astar_seeded,22,14,71.4,1604.26
g35_d15_unit_7008,35,0.15,False,astar_seeded,22,15,71.4,1563.925
g35_d15_unit_7008,35,0.15,False,astar_seeded,22,16,71.4,1522.6816666666666
g35_d15_unit_7008,35,0.15,False,astar_seeded,22,17,71.4,1678.8733333333332
g35_d15_unit_7008,35,0.15,False,astar_seeded,22,18,71.4,1516.7316666666666
g35_d15_unit_7008,35,0.15,False,astar_seeded,22,19,71.4,1560.1266666666668
g35_d15_unit_7008,35,0.15,False,astar_seeded,22,20,71.4,1659.7266666666667
g35_d15_unit_7008,35,0.15,False,astar_seeded,22,21,71.4,1611.7516666666668
g35_d15_unit_7008,35,0.15,False,astar_seeded,22,22,71.4,1480.9533333333334
g35_d15_unit_7008,35,0.15,False,astar_seeded,22,23,71.4,1631.6850000000002
g35_d15_unit_7008,35,0.15,False,astar_seeded,22,24,71.4,1679.335
g35_d15_unit_7008,35,0.15,False,astar_seeded,22,25,71.4,1537.7716666666668
g35_d15_unit_7008,35,0.15,False,astar_seeded,22,26,71.4,1639.3266666666668
g35_d15_unit_7008,35,0.15,False,astar_seeded,22,27,71.4,1551.8683333333333
g35_d15_unit_7008,35,0.15,False,astar_seeded,22,28,71.4,1564.885
g35_d15_unit_7008,35,0.15,False,astar_seeded,22,29,71.4,1476.6166666666666
g35_d15_unit_7008,35,0.15,False,astar_seeded,22,30,71.4,1506.4683333333335
g35_d15_unit_7008,35,0.15,False,astar_seeded,22,31,71.4,1570.075
g35_d15_unit_7008,35,0.15,False,astar_seeded,22,32,71.4,1588.7433333333333
g35_d15_unit_7008,35,0.15,False,astar_seeded,22,33,71.4,1625.335
g35_d15_unit_7008,35,0.15,False,astar_seeded,22,34,71.4,1653.0683333333334
g35_d15_unit_7008,35,0.15,False,astar_seeded,22,35,71.4,1632.4850000000001
g35_d15_unit_7008,35,0.15,False,astar_seeded,22,36,71.4,1523.6083333333333
g35_d15_unit_7008,35,0.15,False,astar_seeded,22,37,71.4,1445.6116666666667
g35_d15_unit_7008,35,0.15,False,astar_seeded,22,38,71.4,1464.4916666666666
g35_d15_unit_7008,35,0.15,False,astar_seeded,22,39,71.4,1618.9483333333333
g35_d15_unit_7008,35,0.15,False,astar_seeded,22,40,71.4,1534.5483333333332
g35_d15_unit_7008,35,0.15,False,astar_seeded,22,41,71.4,1618.7766666666669
g35_d15_unit_7008,35,0.15,False,astar_seeded,22,42,71.4,1487.7216666666668
g35_d15_unit_7008,35,0.15,False,astar_seeded,22,43,71.4,1560.215
g35_d15_unit_7008,35,0.15,False,astar_seeded,22,44,71.4,1517.5566666666666
g35_d15_unit_7008,35,0.15,False,astar_seeded,22,45,71.4,1668.1016666666667
g35_d15_unit_7008,35,0.15,False,astar_seeded,22,46,71.4,1652.385
g35_d15_unit_7008,35,0.15,False,astar_seeded,22,47,71.4,1662.0516666666667
g35_d15_unit_7008,35,0.15,False,astar_seeded,22,48,71.4,1568.72
g35_d15_unit_7008,35,0.15,False,astar_seeded,22,49,71.4,1584.66
g35_d15_unit_7008,35,0.15,False,astar_seeded,22,50,71.4,1601.7933333333335
g35_d15_unit_7008,35,0.15,False,astar_seeded,33,1,71.4,2300.68
g35_d15_unit_7008,35,0.15,False,astar_seeded,33,2,71.4,2022.7233333333331
g35_d15_unit_7008,35,0.15,False,astar_seeded,33,3,71.4,1423.575
g35_d15_unit_7008,35,0.15,False,astar_seeded,33,4,71.4,1669.79
g35_d15_unit_7008,35,0.15,False,astar_seeded,33,5,71.4,1508.98
g35_d15_unit_7008,35,0.15,False,astar_seeded,33,6,71.4,1452.3600000000001
g35_d15_unit_7008,35,0.15,False,astar_seeded,33,7,71.4,1608.5583333333334
g35_d15_unit_7008,35,0.15,False,astar_seeded,33,8,71.4,1555.8083333333334
g35_d15_unit_7008,35,0.15,False,astar_seeded,33,9,71.4,1598.8316666666665
g35_d15_unit_7008,35,0.15,False,astar_seeded,33,10,71.4,1675.5683333333334
g35_d15_unit_7008,35,0.15,False,astar_seeded,33,11,71.4,1461.78
g35_d15_unit_7008,35,0.15,False,astar_seeded,33,12,71.4,1544.45
g35_d15_unit_7008,35,0.15,False,astar_seeded,33,13,71.4,1667.0366666666666
g35_d15_unit_7008,35,0.15,False,astar_seeded,33,14,71.4,1568.8816666666667
g35_d15_unit_7008,35,0.15,False,astar_seeded,33,15,71.4,1480.1966666666667
g35_d15_unit_7008,35,0.15,False,astar_seeded,33,16,71.4,1663.3600000000001
g35_d15_unit_7008,35,0.15,False,astar_seeded,33,17,71.4,1501.5149999999999
g35_d15_unit_7008,35,0.15,False,astar_seeded,33,18,71.4,1543.1100000000001
g35_d15_unit_7008,35,0.15,False,astar_seeded,33,19,71.4,1607.9533333333334
g35_d15_unit_7008,35,0.15,False,astar_seeded,33,20,71.4,1644.3183333333334
g35_d15_unit_7008,35,0.15,False,astar_seeded,33,21,71.4,1599.945
g35_d15_unit_7008,35,0.15,False,astar_seeded,33,22,71.4,1656.2016666666668
g35_d15_unit_7008,35,0.15,False,astar_seeded,33,23,71.4,1670.76
g35_d15_unit_7008,35,0.15,False,astar_seeded,33,24,71.4,1604.865
g35_d15_unit_7008,35,0.15,False,astar_seeded,33,25,71.4,1632.8933333333334
g35_d15_unit_7008,35,0.15,False,astar_seeded,33,26,71.4,1636.5983333333331
g35_d15_unit_7008,35,0.15,False,astar_seeded,33,27,71.4,1570.6399999999999
g35_d15_unit_7008,35,0.15,False,astar_seeded,33,28,71.4,1616.9566666666665
g35_d15_unit_7008,35,0.15,False,astar_seeded,33,29,71.4,1602.35
g35_d15_unit_7008,35,0.15,False,astar_seeded,33,30,71.4,1730.6850000000002
g35_d15_unit_7008,35,0.15,False,astar_seeded,33,31,71.4,1658.9016666666669
g35_d15_unit_7008,35,0.15,False,astar_seeded,33,32,71.4,1613.96
g35_d15_unit_7008,35,0.15,False,astar_seeded,33,33,71.4,1604.665
g35_d15_unit_7008,35,0.15,False,astar_seeded,33,34,71.4,1649.6433333333334
g35_d15_unit_7008,35,0.15,False,astar_seeded,33,35,71.4,1511.0783333333334
g35_d15_unit_7008,35,0.15,False,astar_seeded,33,36,71.4,1566.7366666666667
g35_d15_unit_7008,35,0.15,False,astar_seeded,33,37,71.4,1590.8433333333335
g35_d15_unit_7008,35,0.15,False,astar_seeded,33,38,71.4,1598.4683333333335
g35_d15_unit_7008,35,0.15,False,astar_seeded,33,39,71.4,1563.6016666666667
g35_d15_unit_7008,35,0.15,False,astar_seeded,33,40,71.4,1535.7983333333332
g35_d15_unit_7008,35,0.15,False,astar_seeded,33,41,71.4,1572.5616666666667
g35_d15_unit_7008,35,0.15,False,astar_seeded,33,42,71.4,1507.0066666666667
g35_d15_unit_7008,35,0.15,False,astar_seeded,33,43,71.4,1378.8
g35_d15_unit_7008,35,0.15,False,astar_seeded,33,44,71.4,1517.165
g35_d15_unit_7008,35,0.15,False,astar_seeded,33,45,71.4,1486.4350000000002
g35_d15_unit_7008,35,0.15,False,astar_seeded,33,46,71.4,1485.3466666666668
g35_d15_unit_7008,35,0.15,False,astar_seeded,33,47,71.4,1524.6333333333334
g35_d15_unit_7008,35,0.15,False,astar_seeded,33,48,71.4,1461.8733333333332
g35_d15_unit_7008,35,0.15,False,astar_seeded,33,49,71.4,1492.8466666666668
g35_d15_unit_7008,35,0.15,False,astar_seeded,33,50,71.4,1472.4333333333334
g35_d15_unit_7008,35,0.15,False,astar_seeded,44,1,71.4,2267.9883333333332
g35_d15_unit_7008,35,0.15,False,astar_seeded,44,2,71.4,2002.0466666666666
g35_d15_unit_7008,35,0.15,False,astar_seeded,44,3,71.4,1815.2133333333334
g35_d15_unit_7008,35,0.15,False,astar_seeded,44,4,71.4,1671.3683333333333
g35_d15_unit_7008,35,0.15,False,astar_seeded,44,5,71.4,1649.3416666666667
g35_d15_unit_7008,35,0.15,False,astar_seeded,44,6,71.4,1559.2966666666666
g35_d15_unit_7008,35,0.15,False,astar_seeded,44,7,71.4,1636.2983333333332
g35_d15_unit_7008,35,0.15,False,astar_seeded,44,8,71.4,1679.6983333333333
g35_d15_unit_7008,35,0.15,False,astar_seeded,44,9,71.4,1658.4316666666666
g35_d15_unit_7008,35,0.15,False,astar_seeded,44,10,71.4,1524.5583333333334
g35_d15_unit_7008,35,0.15,False,astar_seeded,44,11,71.4,1584.1566666666665
g35_d15_unit_7008,35,0.15,False,astar_seeded,44,12,71.4,1515.8033333333333
g35_d15_unit_7008,35,0.15,False,astar_seeded,44,13,71.4,1676.4350000000002
g35_d15_unit_7008,35,0.15,False,astar_seeded,44,14,71.4,1490.2116666666666
g35_d15_unit_7008,35,0.15,False,astar_seeded,44,15,71.4,1495.6616666666666
g35_d15_unit_7008,35,0.15,False,astar_seeded,44,16,71.4,1640.2566666666667
g35_d15_unit_7008,35,0.15,False,astar_seeded,44,17,71.4,1586.3983333333333
g35_d15_unit_7008,35,0.15,False,astar_seeded,44,18,71.4,1650.8683333333333
g35_d15_unit_7008,35,0.15,False,astar_seeded,44,19,71.4,1622.76
g35_d15_unit_7008,35,0.15,False,astar_seeded,44,20,71.4,1508.77
g35_d15_unit_7008,35,0.15,False,astar_seeded,44,21,71.4,1592.615
g35_d15_unit_7008,35,0.15,False,astar_seeded,44,22,71.4,1614.2233333333331
g35_d15_unit_7008,35,0.15,False,astar_seeded,44,23,71.4,1590.1766666666667
g35_d15_unit_7008,35,0.15,False,astar_seeded,44,24,71.4,1616.7633333333333
g35_d15_unit_7008,35,0.15,False,astar_seeded,44,25,71.4,1460.5866666666666
g35_d15_unit_7008,35,0.15,False,astar_seeded,44,26,71.4,1493.4116666666666
g35_d15_unit_7008,35,0.15,False,astar_seeded,44,27,71.4,1627.785
g35_d15_unit_7008,35,0.15,False,astar_seeded,44,28,71.4,1635.085
g35_d15_unit_7008,35,0.15,False,astar_seeded,44,29,71.4,1615.9083333333333
g35_d15_unit_7008,35,0.15,False,astar_seeded,44,30,71.4,1589.9983333333332
g35_d15_unit_7008,35,0.15,False,astar_seeded,44,31,71.4,1662.4350000000002
g35_d15_unit_7008,35,0.15,False,astar_seeded,44,32,71.4,1565.8600000000001
g35_d15_unit_7008,35,0.15,False,astar_seeded,44,33,71.4,1631.6683333333335
g35_d15_unit_7008,35,0.15,False,astar_seeded,44,34,71.4,1599.3100000000002
g35_d15_unit_7008,35,0.15,False,astar_seeded,44,35,71.4,1572.9716666666668
g35_d15_unit_7008,35,0.15,False,astar_seeded,44,36,71.4,1633.5016666666668
g35_d15_unit_7008,35,0.15,False,astar_seeded,44,37,71.4,1577.1533333333332
g35_d15_unit_7008,35,0.15,False,astar_seeded,44,38,71.4,1534.255
g35_d15_unit_7008,35,0.15,False,astar_seeded,44,39,71.4,1426.885
g35_d15_unit_7008,35,0.15,False,astar_seeded,44,40,71.4,1568.3366666666666
g35_d15_unit_7008,35,0.15,False,astar_seeded,44,41,71.4,1511.5166666666667
g35_d15_unit_7008,35,0.15,False,astar_seeded,44,42,71.4,1556.3183333333334
g35_d15_unit_7008,35,0.15,False,astar_seeded,44,43,71.4,1523.6833333333334
g35_d15_unit_7008,35,0.15,False,astar_seeded,44,44,71.4,1393.035
g35_d15_unit_7008,35,0.15,False,astar_seeded,44,45,71.4,1282.16
g35_d15_unit_7008,35,0.15,False,astar_seeded,44,46,71.4,1274.7416666666666
g35_d15_unit_7008,35,0.15,False,astar_seeded,44,47,71.4,1262.2966666666666
g35_d15_unit_7008,35,0.15,False,astar_seeded,44,48,71.4,1467.8300000000002
g35_d15_unit_7008,35,0.15,False,astar_seeded,44,49,71.4,1511.3966666666668
g35_d15_unit_7008,35,0.15,False,astar_seeded,44,50,71.4,1479.4633333333334
g35_d15_unit_7008,35,0.15,False,astar_seeded,55,1,71.4,2322.938333333333
g35_d15_unit_7008,35,0.15,False,astar_seeded,55,2,71.4,2041.905
g35_d15_unit_7008,35,0.15,False,astar_seeded,55,3,71.4,1861.905
g35_d15_unit_7008,35,0.15,False,astar_seeded,55,4,71.4,1670.8966666666668
g35_d15_unit_7008,35,0.15,False,astar_seeded,55,5,71.4,1624.0466666666666
g35_d15_unit_7008,35,0.15,False,astar_seeded,55,6,71.4,1635.2716666666668
g35_d15_unit_7008,35,0.15,False,astar_seeded,55,7,71.4,1601.355
g35_d15_unit_7008,35,0.15,False,astar_seeded,55,8,71.4,1620.5466666666666
g35_d15_unit_7008,35,0.15,False,astar_seeded,55,9,71.4,1504.0833333333333
g35_d15_unit_7008,35,0.15,False,astar_seeded,55,10,71.4,1635.8300000000002
g35_d15_unit_7008,35,0.15,False,astar_seeded,55,11,71.4,1557.6716666666666
g35_d15_unit_7008,35,0.15,False,astar_seeded,55,12,71.4,1526.5083333333334
g35_d15_unit_7008,35,0.15,False,astar_seeded,55,13,71.4,1526.8
g35_d15_unit_7008,35,0.15,False,astar_seeded,55,14,71.4,1396.405
g35_d15_unit_7008,35,0.15,False,astar_seeded,55,15,71.4,1512.2266666666667
g35_d15_unit_7008,35,0.15,False,astar_seeded,55,16,71.4,1510.35
g35_d15_unit_7008,35,0.15,False,astar_seeded,55,17,71.4,1527.5600000000002
g35_d15_unit_7008,35,0.15,False,astar_seeded,55,18,71.4,1505.04
g35_d15_unit_7008,35,0.15,False,astar_seeded,55,19,71.4,1485.6416666666667
g35_d15_unit_7008,35,0.15,False,astar_seeded,55,20,71.4,1488.3516666666667
g35_d15_unit_7008,35,0.15,False,astar_seeded,55,21,71.4,1572.0933333333335
g35_d15_unit_7008,35,0.15,False,astar_seeded,55,22,71.4,1504.0
g35_d15_unit_7008,35,0.15,False,astar_seeded,55,23,71.4,1458.8300000000002
g35_d15_unit_7008,35,0.15,False,astar_seeded,55,24,71.4,1528.3016666666667
g35_d15_unit_7008,35,0.15,False,astar_seeded,55,25,71.4,1483.2466666666667
g35_d15_unit_7008,35,0.15,False,astar_seeded,55,26,71.4,1439.59
g35_d15_unit_7008,35,0.15,False,astar_seeded,55,27,71.4,1269.1533333333332
g35_d15_unit_7008,35,0.15,False,astar_seeded,55,28,71.4,1410.3366666666666
g35_d15_unit_7008,35,0.15,False,astar_seeded,55,29,71.4,1521.76
g35_d15_unit_7008,35,0.15,False,astar_seeded,55,30,71.4,1474.1933333333334
g35_d15_unit_7008,35,0.15,False,astar_seeded,55,31,71.4,1302.2816666666665
g35_d15_unit_7008,35,0.15,False,astar_seeded,55,32,71.4,1329.3016666666667
g35_d15_unit_7008,35,0.15,False,astar_seeded,55,33,71.4,1414.3666666666666
g35_d15_unit_7008,35,0.15,False,astar_seeded,55,34,71.4,1500.9216666666666
g35_d15_unit_7008,35,0.15,False,astar_seeded,55,35,71.4,1532.0016666666668
g35_d15_unit_7008,35,0.15,False,astar_seeded,55,36,71.4,1455.4883333333335
g35_d15_unit_7008,35,0.15,False,astar_seeded,55,37,71.4,1538.6683333333335
g35_d15_unit_7008,35,0.15,False,astar_seeded,55,38,71.4,1476.7816666666665
g35_d15_unit_7008,35,0.15,False,astar_seeded,55,39,71.4,1568.21
g35_d15_unit_7008,35,0.15,False,astar_seeded,55,40,71.4,1564.635
g35_d15_unit_7008,35,0.15,False,astar_seeded,55,41,71.4,1576.7183333333335
g35_d15_unit_7008,35,0.15,False,astar_seeded,55,42,71.4,1434.6699999999998
g35_d15_unit_7008,35,0.15,False,astar_seeded,55,43,71.4,1566.1316666666667
g35_d15_unit_7008,35,0.15,False,astar_seeded,55,44,71.4,1391.32
g35_d15_unit_7008,35,0.15,False,astar_seeded,55,45,71.4,1533.2166666666667
g35_d15_unit_7008,35,0.15,False,astar_seeded,55,46,71.4,1427.82
g35_d15_unit_7008,35,0.15,False,astar_seeded,55,47,71.4,1494.5316666666665
g35_d15_unit_7008,35,0.15,False,astar_seeded,55,48,71.4,1500.2416666666666
g35_d15_unit_7008,35,0.15,False,astar_seeded,55,49,71.4,1441.7366666666667
g35_d15_unit_7008,35,0.15,False,astar_seeded,55,50,71.4,1419.8766666666668
g35_d15_weighted_7009,35,0.15,True,random,11,1,2576.75,2916.8
g35_d15_weighted_7009,35,0.15,True,random,11,2,2376.5,2822.9166666666665
g35_d15_weighted_7009,35,0.15,True,random,11,3,2179.0,2681.575
g35_d15_weighted_7009,35,0.15,True,random,11,4,2179.0,2560.8083333333334
g35_d15_weighted_7009,35,0.15,True,random,11,5,2179.0,2554.758333333333
g35_d15_weighted_7009,35,0.15,True,random,11,6,2179.0,2515.7
g35_d15_weighted_7009,35,0.15,True,random,11,7,2054.0,2518.6833333333334
g35_d15_weighted_7009,35,0.15,True,random,11,8,2054.0,2524.1583333333333
g35_d15_weighted_7009,35,0.15,True,random,11,9,2054.0,2430.1
g35_d15_weighted_7009,35,0.15,True,random,11,10,2023.75,2489.7083333333335
g35_d15_weighted_7009,35,0.15,True,random,11,11,1863.25,2411.7916666666665
g35_d15_weighted_7009,35,0.15,True,random,11,12,1863.25,2371.258333333333
g35_d15_weighted_7009,35,0.15,True,random,11,13,1863.25,2319.1833333333334
g35_d15_weighted_7009,35,0.15,True,random,11,14,1863.25,2297.1583333333333
g35_d15_weighted_7009,35,0.15,True,random,11,15,1863.25,2194.725
g35_d15_weighted_7009,35,0.15,True,random,11,16,1863.25,2215.508333333333
g35_d15_weighted_7009,35,0.15,True,random,11,17,678.9,2189.8216666666663
g35_d15_weighted_7009,35,0.15,True,random,11,18,678.9,2205.2966666666666
g35_d15_weighted_7009,35,0.15,True,random,11,19,678.9,2183.28
g35_d15_weighted_7009,35,0.15,True,random,11,20,678.9,2133.1383333333333
g35_d15_weighted_7009,35,0.15,True,random,11,21,678.9,2238.455
g35_d15_weighted_7009,35,0.15,True,random,11,22,678.9,2141.2716666666665
g35_d15_weighted_7009,35,0.15,True,random,11,23,678.9,2166.9133333333334
g35_d15_weighted_7009,35,0.15,True,random,11,24,678.9,2186.2183333333332
g35_d15_weighted_7009,35,0.15,True,random,11,25,678.9,2070.485
g35_d15_weighted_7009,35,0.15,True,random,11,26,678.9,2061.4683333333332
g35_d15_weighted_7009,35,0.15,True,random,11,27,647.1,2015.9550000000002
g35_d15_weighted_7009,35,0.15,True,random,11,28,647.1,2024.5916666666667
g35_d15_weighted_7009,35,0.15,True,random,11,29,647.1,1989.5333333333333
g35_d15_weighted_7009,35,0.15,True,random,11,30,647.1,2066.085
g35_d15_weighted_7009,35,0.15,True,random,11,31,647.1,1903.8133333333333
g35_d15_weighted_7009,35,0.15,True,random,11,32,647.1,1934.305
g35_d15_weighted_7009,35,0.15,True,random,11,33,647.1,1952.0149999999999
g35_d15_weighted_7009,35,0.15,True,random,11,34,647.1,1982.4199999999998
g35_d15_weighted_7009,35,0.15,True,random,11,35,647.1,2017.8366666666666
g35_d15_weighted_7009,35,0.15,True,random,11,36,642.6,1930.4566666666665
g35_d15_weighted_7009,35,0.15,True,random,11,37,602.1,1968.2266666666667
g35_d15_weighted_7009,35,0.15,True,random,11,38,602.1,1984.7616666666665
g35_d15_weighted_7009,35,0.15,True,random,11,39,602.1,1954.59
g35_d15_weighted_7009,35,0.15,True,random,11,40,602.1,1971.0083333333334
g35_d15_weighted_7009,35,0.15,True,random,11,41,602.1,1914.785
g35_d15_weighted_7009,35,0.15,True,random,11,42,602.1,2008.675
g35_d15_weighted_7009,35,0.15,True,random,11,43,602.1,2096.5916666666667
g35_d15_weighted_7009,35,0.15,True,random,11,44,602.1,1971.115
g35_d15_weighted_7009,35,0.15,True,random,11,45,602.1,2010.475
g35_d15_weighted_7009,35,0.15,True,random,11,46,598.15,1918.4966666666667
g35_d15_weighted_7009,35,0.15,True,random,11,47,598.15,1895.1983333333333
g35_d15_weighted_7009,35,0.15,True,random,11,48,598.15,1970.4416666666666
g35_d15_weighted_7009,35,0.15,True,random,11,49,598.15,1866.4066666666665
g35_d15_weighted_7009,35,0.15,True,random,11,50,598.15,1947.375
g35_d15_weighted_7009,35,0.15,True,random,22,1,2469.25,2921.1916666666666
g35_d15_weighted_7009,35,0.15,True,random,22,2,2429.25,2779.05
g35_d15_weighted_7009,35,0.15,True,random,22,3,2360.25,2606.258333333333
g35_d15_weighted_7009,35,0.15,True,random,22,4,2336.75,2603.5416666666665
g35_d15_weighted_7009,35,0.15,True,random,22,5,2268.0,2534.625
g35_d15_weighted_7009,35,0.15,True,random,22,6,2268.0,2548.233333333333
g35_d15_weighted_7009,35,0.15,True,random,22,7,2233.5,2548.891666666667
g35_d15_weighted_7009,35,0.15,True,random,22,8,2233.5,2519.675
g35_d15_weighted_7009,35,0.15,True,random,22,9,2221.75,2534.5666666666666
g35_d15_weighted_7009,35,0.15,True,random,22,10,2221.75,2436.1916666666666
g35_d15_weighted_7009,35,0.15,True,random,22,11,2078.75,2404.25
g35_d15_weighted_7009,35,0.15,True,random,22,12,2078.75,2349.8333333333335
g35_d15_weighted_7009,35,0.15,True,random,22,13,2025.5,2329.075
g35_d15_weighted_7009,35,0.15,True,random,22,14,2025.5,2299.175
g35_d15_weighted_7009,35,0.15,True,random,22,15,1890.0,2301.1583333333333
g35_d15_weighted_7009,35,0.15,True,random,22,16,1890.0,2242.5
g35_d15_weighted_7009,35,0.15,True,random,22,17,1890.0,2279.9416666666666
g35_d15_weighted_7009,35,0.15,True,random,22,18,1890.0,2219.2083333333335
g35_d15_weighted_7009,35,0.15,True,random,22,19,1868.25,2259.616666666667
g35_d15_weighted_7009,35,0.15,True,random,22,20,1864.0,2213.375
g35_d15_weighted_7009,35,0.15,True,random,22,21,1834.25,2202.125
g35_d15_weighted_7009,35,0.15,True,random,22,22,1834.25,2210.05
g35_d15_weighted_7009,35,0.15,True,random,22,23,1834.25,2186.391666666667
g35_d15_weighted_7009,35,0.15,True,random,22,24,1834.25,2243.4333333333334
g35_d15_weighted_7009,35,0.15,True,random,22,25,1834.25,2192.7916666666665
g35_d15_weighted_7009,35,0.15,True,random,22,26,1834.25,2217.2916666666665
g35_d15_weighted_7009,35,0.15,True,random,22,27,1834.25,2174.4083333333333
g35_d15_weighted_7009,35,0.15,True,random,22,28,1834.25,2147.5416666666665
g35_d15_weighted_7009,35,0.15,True,random,22,29,1790.5,2122.45
g35_d15_weighted_7009,35,0.15,True,random,22,30,1790.5,2169.758333333333
g35_d15_weighted_7009,35,0.15,True,random,22,31,1748.0,2182.9
g35_d15_weighted_7009,35,0.15,True,random,22,32,1748.0,2191.241666666667
g35_d15_weighted_7009,35,0.15,True,random,22,33,692.6,2077.3116666666665
g35_d15_weighted_7009,35,0.15,True,random,22,34,692.6,2110.8366666666666
g35_d15_weighted_7009,35,0.15,True,random,22,35,692.6,2101.1116666666667
g35_d15_weighted_7009,35,0.15,True,random,22,36,692.6,1999.3283333333334
g35_d15_weighted_7009,35,0.15,True,random,22,37,652.6,2032.4733333333331
g35_d15_weighted_7009,35,0.15,True,random,22,38,652.6,1941.0483333333332
g35_d15_weighted_7009,35,0.15,True,random,22,39,643.9,1955.9199999999998
g35_d15_weighted_7009,35,0.15,True,random,22,40,643.9,1981.65
g35_d15_weighted_7009,35,0.15,True,random,22,41,643.9,1981.775
g35_d15_weighted_7009,35,0.15,True,random,22,42,643.9,1828.1850000000002
g35_d15_weighted_7009,35,0.15,True,random,22,43,643.9,1957.5333333333333
g35_d15_weighted_7009,35,0.15,True,random,22,44,643.9,1878.6866666666667
g35_d15_weighted_7009,35,0.15,True,random,22,45,643.9,1994.7666666666667
g35_d15_weighted_7009,35,0.15,True,random,22,46,643.9,1923.6166666666666
g35_d15_weighted_7009,35,0.15,True,random,22,47,643.9,1958.45
g35_d15_weighted_7009,35,0.15,True,random,22,48,643.9,1966.775
g35_d15_weighted_7009,35,0.15,True,random,22,49,643.9,1965.4166666666667
g35_d15_weighted_7009,35,0.15,True,random,22,50,643.9,1917.9199999999998
g35_d15_weighted_7009,35,0.15,True,random,33,1,2604.5,2891.141666666667
g35_d15_weighted_7009,35,0.15,True,random,33,2,2415.75,2765.7833333333333
g35_d15_weighted_7009,35,0.15,True,random,33,3,2400.25,2637.5
g35_d15_weighted_7009,35,0.15,True,random,33,4,2369.0,2592.5
g35_d15_weighted_7009,35,0.15,True,random,33,5,2178.75,2603.525
g35_d15_weighted_7009,35,0.15,True,random,33,6,2178.75,2573.766666666667
g35_d15_weighted_7009,35,0.15,True,random,33,7,2178.75,2518.4583333333335
g35_d15_weighted_7009,35,0.15,True,random,33,8,2112.0,2478.5
g35_d15_weighted_7009,35,0.15,True,random,33,9,2027.0,2384.9083333333333
g35_d15_weighted_7009,35,0.15,True,random,33,10,2027.0,2353.4166666666665
g35_d15_weighted_7009,35,0.15,True,random,33,11,2018.25,2333.491666666667
g35_d15_weighted_7009,35,0.15,True,random,33,12,1983.75,2304.633333333333
g35_d15_weighted_7009,35,0.15,True,random,33,13,1983.75,2293.0833333333335
g35_d15_weighted_7009,35,0.15,True,random,33,14,1831.5,2264.8333333333335
g35_d15_weighted_7009,35,0.15,True,random,33,15,1831.5,2239.0333333333333
g35_d15_weighted_7009,35,0.15,True,random,33,16,1831.5,2242.6666666666665
g35_d15_weighted_7009,35,0.15,True,random,33,17,1831.5,2196.141666666667
g35_d15_weighted_7009,35,0.15,True,random,33,18,1744.75,2117.325
g35_d15_weighted_7009,35,0.15,True,random,33,19,1744.75,2200.15
g35_d15_weighted_7009,35,0.15,True,random,33,20,1744.75,2042.7166666666667
g35_d15_weighted_7009,35,0.15,True,random,33,21,1744.75,2035.6583333333333
g35_d15_weighted_7009,35,0.15,True,random,33,22,1743.5,1994.0416666666667
g35_d15_weighted_7009,35,0.15,True,random,33,23,725.8,1959.7683333333334
g35_d15_weighted_7009,35,0.15,True,random,33,24,725.8,1961.5916666666667
g35_d15_weighted_7009,35,0.15,True,random,33,25,632.0,1913.7533333333333
g35_d15_weighted_7009,35,0.15,True,random,33,26,594.8,1935.0533333333333
g35_d15_weighted_7009,35,0.15,True,random,33,27,594.8,1911.73
g35_d15_weighted_7009,35,0.15,True,random,33,28,594.8,1871.7283333333332
g35_d15_weighted_7009,35,0.15,True,random,33,29,550.55,1823.5116666666665
g35_d15_weighted_7009,35,0.15,True,random,33,30,550.55,1810.2949999999998
g35_d15_weighted_7009,35,0.15,True,random,33,31,550.55,1845.8583333333333
g35_d15_weighted_7009,35,0.15,True,random,33,32,550.55,1851.6816666666666
g35_d15_weighted_7009,35,0.15,True,random,33,33,538.3,1643.1883333333333
g35_d15_weighted_7009,35,0.15,True,random,33,34,538.3,1720.2783333333332
g35_d15_weighted_7009,35,0.15,True,random,33,35,474.45,1611.775
g35_d15_weighted_7009,35,0.15,True,random,33,36,474.45,1745.3216666666667
g35_d15_weighted_7009,35,0.15,True,random,33,37,474.45,1521.6583333333333
g35_d15_weighted_7009,35,0.15,True,random,33,38,474.45,1584.4833333333333
g35_d15_weighted_7009,35,0.15,True,random,33,39,474.45,1588.4833333333333
g35_d15_weighted_7009,35,0.15,True,random,33,40,474.45,1442.8916666666667
g35_d15_weighted_7009,35,0.15,True,random,33,41,474.45,1649.1733333333332
g35_d15_weighted_7009,35,0.15,True,random,33,42,474.45,1520.995
g35_d15_weighted_7009,35,0.15,True,random,33,43,474.45,1450.1633333333334
g35_d15_weighted_7009,35,0.15,True,random,33,44,474.45,1486.5516666666667
g35_d15_weighted_7009,35,0.15,True,random,33,45,474.45,1495.7933333333335
g35_d15_weighted_7009,35,0.15,True,random,33,46,474.45,1621.6266666666668
g35_d15_weighted_7009,35,0.15,True,random,33,47,474.45,1676.0483333333332
g35_d15_weighted_7009,35,0.15,True,random,33,48,474.45,1550.8333333333333
g35_d15_weighted_7009,35,0.15,True,random,33,49,474.45,1678.0516666666667
g35_d15_weighted_7009,35,0.15,True,random,33,50,474.45,1632.3316666666665
g35_d15_weighted_7009,35,0.15,True,random,44,1,2505.75,2916.391666666667
g35_d15_weighted_7009,35,0.15,True,random,44,2,2402.0,2838.9666666666667
g35_d15_weighted_7009,35,0.15,True,random,44,3,2402.0,2770.4083333333333
g35_d15_weighted_7009,35,0.15,True,random,44,4,2277.5,2682.8
g35_d15_weighted_7009,35,0.15,True,random,44,5,2277.5,2613.0416666666665
g35_d15_weighted_7009,35,0.15,True,random,44,6,2277.5,2601.5416666666665
g35_d15_weighted_7009,35,0.15,True,random,44,7,2277.5,2550.1916666666666
g35_d15_weighted_7009,35,0.15,True,random,44,8,2262.75,2559.55
g35_d15_weighted_7009,35,0.15,True,random,44,9,2262.75,2536.3083333333334
g35_d15_weighted_7009,35,0.15,True,random,44,10,2262.75,2516.85
g35_d15_weighted_7009,35,0.15,True,random,44,11,2158.25,2512.241666666667
g35_d15_weighted_7009,35,0.15,True,random,44,12,2134.5,2488.9583333333335
g35_d15_weighted_7009,35,0.15,True,random,44,13,1972.75,2477.2166666666667
g35_d15_weighted_7009,35,0.15,True,random,44,14,1972.75,2342.241666666667
g35_d15_weighted_7009,35,0.15,True,random,44,15,1930.25,2291.6666666666665
g35_d15_weighted_7009,35,0.15,True,random,44,16,1930.25,2266.991666666667
g35_d15_weighted_7009,35,0.15,True,random,44,17,1930.25,2291.725
g35_d15_weighted_7009,35,0.15,True,random,44,18,1880.5,2238.491666666667
g35_d15_weighted_7009,35,0.15,True,random,44,19,1880.5,2224.0583333333334
g35_d15_weighted_7009,35,0.15,True,random,44,20,1858.5,2171.4583333333335
g35_d15_weighted_7009,35,0.15,True,random,44,21,1858.5,2178.45
g35_d15_weighted_7009,35,0.15,True,random,44,22,1827.0,2288.5666666666666
g35_d15_weighted_7009,35,0.15,True,random,44,23,1827.0,2262.325
g35_d15_weighted_7009,35,0.15,True,random,44,24,1827.0,2235.825
g35_d15_weighted_7009,35,0.15,True,random,44,25,1827.0,2155.6583333333333
g35_d15_weighted_7009,35,0.15,True,random,44,26,1827.0,2233.275
g35_d15_weighted_7009,35,0.15,True,random,44,27,1827.0,2198.175
g35_d15_weighted_7009,35,0.15,True,random,44,28,1800.75,2174.891666666667
g35_d15_weighted_7009,35,0.15,True,random,44,29,1800.75,2254.6833333333334
g35_d15_weighted_7009,35,0.15,True,random,44,30,1800.75,2188.9166666666665
g35_d15_weighted_7009,35,0.15,True,random,44,31,1800.75,2179.4
g35_d15_weighted_7009,35,0.15,True,random,44,32,1800.75,2160.7083333333335
g35_d15_weighted_7009,35,0.15,True,random,44,33,1768.5,2188.65
g35_d15_weighted_7009,35,0.15,True,random,44,34,1768.5,2148.225
g35_d15_weighted_7009,35,0.15,True,random,44,35,1768.5,2214.675
g35_d15_weighted_7009,35,0.15,True,random,44,36,1768.5,2131.65
g35_d15_weighted_7009,35,0.15,True,random,44,37,1768.5,2175.425
g35_d15_weighted_7009,35,0.15,True,random,44,38,1768.5,2201.85
g35_d15_weighted_7009,35,0.15,True,random,44,39,1768.5,2220.9083333333333
g35_d15_weighted_7009,35,0.15,True,random,44,40,1768.5,2230.65
g35_d15_weighted_7009,35,0.15,True,random,44,41,1768.5,2209.5416666666665
g35_d15_weighted_7009,35,0.15,True,random,44,42,1768.5,2236.766666666667
g35_d15_weighted_7009,35,0.15,True,random,44,43,1768.5,2230.491666666667
g35_d15_weighted_7009,35,0.15,True,random,44,44,1768.5,2297.383333333333
g35_d15_weighted_7009,35,0.15,True,random,44,45,1759.0,2211.383333333333
g35_d15_weighted_7009,35,0.15,True,random,44,46,1759.0,2191.1833333333334
g35_d15_weighted_7009,35,0.15,True,random,44,47,1759.0,2223.375
g35_d15_weighted_7009,35,0.15,True,random,44,48,1759.0,2228.2166666666667
g35_d15_weighted_7009,35,0.15,True,random,44,49,1759.0,2179.175
g35_d15_weighted_7009,35,0.15,True,random,44,50,1759.0,2195.5666666666666
g35_d15_weighted_7009,35,0.15,True,random,55,1,2237.75,2896.4666666666667
g35_d15_weighted_7009,35,0.15,True,random,55,2,2237.75,2697.1666666666665
g35_d15_weighted_7009,35,0.15,True,random,55,3,2117.5,2494.9
g35_d15_weighted_7009,35,0.15,True,random,55,4,2117.5,2380.6833333333334
g35_d15_weighted_7009,35,0.15,True,random,55,5,2043.0,2323.075
g35_d15_weighted_7009,35,0.15,True,random,55,6,1987.25,2312.383333333333
g35_d15_weighted_7009,35,0.15,True,random,55,7,1945.0,2238.3166666666666
g35_d15_weighted_7009,35,0.15,True,random,55,8,1932.25,2216.008333333333
g35_d15_weighted_7009,35,0.15,True,random,55,9,1932.25,2221.758333333333
g35_d15_weighted_7009,35,0.15,True,random,55,10,1932.25,2190.108333333333
g35_d15_weighted_7009,35,0.15,True,random,55,11,1798.0,2153.35
g35_d15_weighted_7009,35,0.15,True,random,55,12,1798.0,2125.175
g35_d15_weighted_7009,35,0.15,True,random,55,13,1798.0,2164.2083333333335
g35_d15_weighted_7009,35,0.15,True,random,55,14,1798.0,2137.3
g35_d15_weighted_7009,35,0.15,True,random,55,15,1798.0,2140.366666666667
g35_d15_weighted_7009,35,0.15,True,random,55,16,1798.0,2149.775
g35_d15_weighted_7009,35,0.15,True,random,55,17,1798.0,2132.125
g35_d15_weighted_7009,35,0.15,True,random,55,18,1798.0,2123.516666666667
g35_d15_weighted_7009,35,0.15,True,random,55,19,1798.0,2102.5833333333335
g35_d15_weighted_7009,35,0.15,True,random,55,20,1798.0,2104.641666666667
g35_d15_weighted_7009,35,0.15,True,random,55,21,1798.0,2058.0833333333335
g35_d15_weighted_7009,35,0.15,True,random,55,22,1798.0,2135.366666666667
g35_d15_weighted_7009,35,0.15,True,random,55,23,1798.0,2086.375
g35_d15_weighted_7009,35,0.15,True,random,55,24,1798.0,2081.5916666666667
g35_d15_weighted_7009,35,0.15,True,random,55,25,1755.25,2065.7833333333333
g35_d15_weighted_7009,35,0.15,True,random,55,26,1755.25,2036.975
g35_d15_weighted_7009,35,0.15,True,random,55,27,1755.25,2149.025
g35_d15_weighted_7009,35,0.15,True,random,55,28,669.15,2098.8966666666665
g35_d15_weighted_7009,35,0.15,True,random,55,29,669.15,2046.005
g35_d15_weighted_7009,35,0.15,True,random,55,30,669.15,2002.7716666666668
g35_d15_weighted_7009,35,0.15,True,random,55,31,669.15,1979.7166666666667
g35_d15_weighted_7009,35,0.15,True,random,55,32,664.35,1911.9616666666666
g35_d15_weighted_7009,35,0.15,True,random,55,33,664.35,1991.3416666666667
g35_d15_weighted_7009,35,0.15,True,random,55,34,664.35,1989.85
g35_d15_weighted_7009,35,0.15,True,random,55,35,664.35,1930.5316666666665
g35_d15_weighted_7009,35,0.15,True,random,55,36,664.35,1966.4816666666666
g35_d15_weighted_7009,35,0.15,True,random,55,37,664.35,1939.1733333333332
g35_d15_weighted_7009,35,0.15,True,random,55,38,664.35,2008.8666666666666
g35_d15_weighted_7009,35,0.15,True,random,55,39,664.35,1998.0666666666666
g35_d15_weighted_7009,35,0.15,True,random,55,40,664.35,1994.625
g35_d15_weighted_7009,35,0.15,True,random,55,41,664.35,2010.4833333333333
g35_d15_weighted_7009,35,0.15,True,random,55,42,609.05,1914.2866666666666
g35_d15_weighted_7009,35,0.15,True,random,55,43,609.05,1873.72
g35_d15_weighted_7009,35,0.15,True,random,55,44,598.05,1909.55
g35_d15_weighted_7009,35,0.15,True,random,55,45,598.05,2002.2283333333332
g35_d15_weighted_7009,35,0.15,True,random,55,46,598.05,1924.4916666666666
g35_d15_weighted_7009,35,0.15,True,random,55,47,598.05,1794.0183333333334
g35_d15_weighted_7009,35,0.15,True,random,55,48,598.05,1867.7
g35_d15_weighted_7009,35,0.15,True,random,55,49,598.05,1902.195
g35_d15_weighted_7009,35,0.15,True,random,55,50,598.05,1972.885
g35_d15_weighted_7009,35,0.15,True,astar_seeded,11,1,157.5,2714.733333333333
g35_d15_weighted_7009,35,0.15,True,astar_seeded,11,2,157.5,2442.5333333333333
g35_d15_weighted_7009,35,0.15,True,astar_seeded,11,3,157.5,2188.6783333333337
g35_d15_weighted_7009,35,0.15,True,astar_seeded,11,4,157.5,2001.325
g35_d15_weighted_7009,35,0.15,True,astar_seeded,11,5,157.5,1932.9816666666666
g35_d15_weighted_7009,35,0.15,True,astar_seeded,11,6,157.5,1919.8083333333334
g35_d15_weighted_7009,35,0.15,True,astar_seeded,11,7,157.5,1935.4083333333333
g35_d15_weighted_7009,35,0.15,True,astar_seeded,11,8,157.5,2122.366666666667
g35_d15_weighted_7009,35,0.15,True,astar_seeded,11,9,157.5,2020.665
g35_d15_weighted_7009,35,0.15,True,astar_seeded,11,10,157.5,1977.2183333333335
g35_d15_weighted_7009,35,0.15,True,astar_seeded,11,11,157.5,1974.1966666666667
g35_d15_weighted_7009,35,0.15,True,astar_seeded,11,12,157.5,1899.1266666666668
g35_d15_weighted_7009,35,0.15,True,astar_seeded,11,13,157.5,2066.11
g35_d15_weighted_7009,35,0.15,True,astar_seeded,11,14,157.5,2087.2183333333332
g35_d15_weighted_7009,35,0.15,True,astar_seeded,11,15,157.5,1949.3983333333333
g35_d15_weighted_7009,35,0.15,True,astar_seeded,11,16,157.5,1842.3266666666668
g35_d15_weighted_7009,35,0.15,True,astar_seeded,11,17,157.5,2042.0333333333333
g35_d15_weighted_7009,35,0.15,True,astar_seeded,11,18,157.5,2060.85
g35_d15_weighted_7009,35,0.15,True,astar_seeded,11,19,157.5,1863.8216666666667
g35_d15_weighted_7009,35,0.15,True,astar_seeded,11,20,157.5,1925.4366666666667
g35_d15_weighted_7009,35,0.15,True,astar_seeded,11,21,157.5,1925.9399999999998
g35_d15_weighted_7009,35,0.15,True,astar_seeded,11,22,157.5,1960.9933333333333
g35_d15_weighted_7009,35,0.15,True,astar_seeded,11,23,157.5,1858.9483333333333
g35_d15_weighted_7009,35,0.15,True,astar_seeded,11,24,157.5,1942.4399999999998
g35_d15_weighted_7009,35,0.15,True,astar_seeded,11,25,157.5,2006.5649999999998
g35_d15_weighted_7009,35,0.15,True,astar_seeded,11,26,157.5,1899.4483333333333
g35_d15_weighted_7009,35,0.15,True,astar_seeded,11,27,157.5,1933.8466666666668
g35_d15_weighted_7009,35,0.15,True,astar_seeded,11,28,157.5,2017.5916666666667
g35_d15_weighted_7009,35,0.15,True,astar_seeded,11,29,157.5,1952.3516666666667
g35_d15_weighted_7009,35,0.15,True,astar_seeded,11,30,157.5,2015.0666666666666
g35_d15_weighted_7009,35,0.15,True,astar_seeded,11,31,157.5,1876.8783333333333
g35_d15_weighted_7009,35,0.15,True,astar_seeded,11,32,157.5,1923.5833333333333
g35_d15_weighted_7009,35,0.15,True,astar_seeded,11,33,157.5,1874.3183333333334
g35_d15_weighted_7009,35,0.15,True,astar_seeded,11,34,157.5,2037.3966666666668
g35_d15_weighted_7009,35,0.15,True,astar_seeded,11,35,157.5,2010.9083333333333
g35_d15_weighted_7009,35,0.15,True,astar_seeded,11,36,157.5,1949.87
g35_d15_weighted_7009,35,0.15,True,astar_seeded,11,37,157.5,2059.81
g35_d15_weighted_7009,35,0.15,True,astar_seeded,11,38,157.5,1988.2116666666666
g35_d15_weighted_7009,35,0.15,True,astar_seeded,11,39,157.5,1972.715
g35_d15_weighted_7009,35,0.15,True,astar_seeded,11,40,157.5,1973.1883333333333
g35_d15_weighted_7009,35,0.15,True,astar_seeded,11,41,157.5,1997.2416666666666
g35_d15_weighted_7009,35,0.15,True,astar_seeded,11,42,157.5,1957.6683333333335
g35_d15_weighted_7009,35,0.15,True,astar_seeded,11,43,157.5,1984.0583333333334
g35_d15_weighted_7009,35,0.15,True,astar_seeded,11,44,157.5,1884.7783333333332
g35_d15_weighted_7009,35,0.15,True,astar_seeded,11,45,157.5,1898.0366666666666
g35_d15_weighted_7009,35,0.15,True,astar_seeded,11,46,157.5,2030.105
g35_d15_weighted_7009,35,0.15,True,astar_seeded,11,47,157.5,1829.6466666666668
g35_d15_weighted_7009,35,0.15,True,astar_seeded,11,48,157.5,1721.0649999999998
g35_d15_weighted_7009,35,0.15,True,astar_seeded,11,49,157.5,1937.1133333333335
g35_d15_weighted_7009,35,0.15,True,astar_seeded,11,50,157.5,1987.1466666666668
g35_d15_weighted_7009,35,0.15,True,astar_seeded,22,1,157.5,2778.5666666666666
g35_d15_weighted_7009,35,0.15,True,astar_seeded,22,2,157.5,2586.9333333333334
g35_d15_weighted_7009,35,0.15,True,astar_seeded,22,3,157.5,2383.9333333333334
g35_d15_weighted_7009,35,0.15,True,astar_seeded,22,4,157.5,2164.9283333333333
g35_d15_weighted_7009,35,0.15,True,astar_seeded,22,5,157.5,1989.8083333333334
g35_d15_weighted_7009,35,0.15,True,astar_seeded,22,6,157.5,2040.9333333333334
g35_d15_weighted_7009,35,0.15,True,astar_seeded,22,7,157.5,2010.5283333333332
g35_d15_weighted_7009,35,0.15,True,astar_seeded,22,8,157.5,2063.645
g35_d15_weighted_7009,35,0.15,True,astar_seeded,22,9,157.5,2260.0
g35_d15_weighted_7009,35,0.15,True,astar_seeded,22,10,157.5,2106.625
g35_d15_weighted_7009,35,0.15,True,astar_seeded,22,11,157.5,2042.3083333333334
g35_d15_weighted_7009,35,0.15,True,astar_seeded,22,12,157.5,2107.4333333333334
g35_d15_weighted_7009,35,0.15,True,astar_seeded,22,13,157.5,2058.1833333333334
g35_d15_weighted_7009,35,0.15,True,astar_seeded,22,14,157.5,1930.8283333333334
g35_d15_weighted_7009,35,0.15,True,astar_seeded,22,15,157.5,2014.73
g35_d15_weighted_7009,35,0.15,True,astar_seeded,22,16,157.5,1935.82
g35_d15_weighted_7009,35,0.15,True,astar_seeded,22,17,157.5,2135.8566666666666
g35_d15_weighted_7009,35,0.15,True,astar_seeded,22,18,157.5,2143.8416666666667
g35_d15_weighted_7009,35,0.15,True,astar_seeded,22,19,157.5,2063.75
g35_d15_weighted_7009,35,0.15,True,astar_seeded,22,20,157.5,2168.866666666667
g35_d15_weighted_7009,35,0.15,True,astar_seeded,22,21,157.5,2191.3166666666666
g35_d15_weighted_7009,35,0.15,True,astar_seeded,22,22,157.5,1993.15
g35_d15_weighted_7009,35,0.15,True,astar_seeded,22,23,157.5,2236.6
g35_d15_weighted_7009,35,0.15,True,astar_seeded,22,24,157.5,2177.016666666667
g35_d15_weighted_7009,35,0.15,True,astar_seeded,22,25,157.5,2057.991666666667
g35_d15_weighted_7009,35,0.15,True,astar_seeded,22,26,157.5,2138.65
g35_d15_weighted_7009,35,0.15,True,astar_seeded,22,27,157.5,2180.0583333333334
g35_d15_weighted_7009,35,0.15,True,astar_seeded,22,28,157.5,1887.9266666666667
g35_d15_weighted_7009,35,0.15,True,astar_seeded,22,29,157.5,2086.6366666666668
g35_d15_weighted_7009,35,0.15,True,astar_seeded,22,30,157.5,2134.8333333333335
g35_d15_weighted_7009,35,0.15,True,astar_seeded,22,31,157.5,2232.1583333333333
g35_d15_weighted_7009,35,0.15,True,astar_seeded,22,32,157.5,2088.741666666667
g35_d15_weighted_7009,35,0.15,True,astar_seeded,22,33,157.5,2093.625
g35_d15_weighted_7009,35,0.15,True,astar_seeded,22,34,157.5,1913.1899999999998
g35_d15_weighted_7009,35,0.15,True,astar_seeded,22,35,157.5,2007.55
g35_d15_weighted_7009,35,0.15,True,astar_seeded,22,36,157.5,2060.875
g35_d15_weighted_7009,35,0.15,True,astar_seeded,22,37,157.5,1932.8716666666667
g35_d15_weighted_7009,35,0.15,True,astar_seeded,22,38,157.5,1928.0516666666667
g35_d15_weighted_7009,35,0.15,True,astar_seeded,22,39,157.5,1975.105
g35_d15_weighted_7009,35,0.15,True,astar_seeded,22,40,157.5,1862.9433333333334
g35_d15_weighted_7009,35,0.15,True,astar_seeded,22,41,157.5,1934.9966666666667
g35_d15_weighted_7009,35,0.15,True,astar_seeded,22,42,157.5,1959.0916666666667
g35_d15_weighted_7009,35,0.15,True,astar_seeded,22,43,157.5,1983.8666666666666
g35_d15_weighted_7009,35,0.15,True,astar_seeded,22,44,157.5,1805.1533333333332
g35_d15_weighted_7009,35,0.15,True,astar_seeded,22,45,157.5,1886.8716666666667
g35_d15_weighted_7009,35,0.15,True,astar_seeded,22,46,157.5,1969.0283333333332
g35_d15_weighted_7009,35,0.15,True,astar_seeded,22,47,157.5,2022.0683333333334
g35_d15_weighted_7009,35,0.15,True,astar_seeded,22,48,157.5,2083.9666666666667
g35_d15_weighted_7009,35,0.15,True,astar_seeded,22,49,157.5,2077.758333333333
g35_d15_weighted_7009,35,0.15,True,astar_seeded,22,50,157.5,2091.4166666666665
g35_d15_weighted_7009,35,0.15,True,astar_seeded,33,1,157.5,2770.766666666667
g35_d15_weighted_7009,35,0.15,True,astar_seeded,33,2,157.5,2539.358333333333
g35_d15_weighted_7009,35,0.15,True,astar_seeded,33,3,157.5,2231.5583333333334
g35_d15_weighted_7009,35,0.15,True,astar_seeded,33,4,157.5,2092.0
g35_d15_weighted_7009,35,0.15,True,astar_seeded,33,5,157.5,1996.8416666666667
g35_d15_weighted_7009,35,0.15,True,astar_seeded,33,6,157.5,1862.9916666666666
g35_d15_weighted_7009,35,0.15,True,astar_seeded,33,7,157.5,1960.5283333333332
g35_d15_weighted_7009,35,0.15,True,astar_seeded,33,8,157.5,1984.6583333333333
g35_d15_weighted_7009,35,0.15,True,astar_seeded,33,9,157.5,2031.775
g35_d15_weighted_7009,35,0.15,True,astar_seeded,33,10,157.5,2020.9816666666666
g35_d15_weighted_7009,35,0.15,True,astar_seeded,33,11,157.5,2025.9916666666666
g35_d15_weighted_7009,35,0.15,True,astar_seeded,33,12,157.5,2047.53
g35_d15_weighted_7009,35,0.15,True,astar_seeded,33,13,157.5,2126.175
g35_d15_weighted_7009,35,0.15,True,astar_seeded,33,14,157.5,1986.7716666666668
g35_d15_weighted_7009,35,0.15,True,astar_seeded,33,15,157.5,1992.3233333333333
g35_d15_weighted_7009,35,0.15,True,astar_seeded,33,16,157.5,2109.1366666666668
g35_d15_weighted_7009,35,0.15,True,astar_seeded,33,17,157.5,2026.9616666666666
g35_d15_weighted_7009,35,0.15,True,astar_seeded,33,18,157.5,2048.0383333333334
g35_d15_weighted_7009,35,0.15,True,astar_seeded,33,19,157.5,2064.0666666666666
g35_d15_weighted_7009,35,0.15,True,astar_seeded,33,20,157.5,2020.9083333333333
g35_d15_weighted_7009,35,0.15,True,astar_seeded,33,21,157.5,1902.025
g35_d15_weighted_7009,35,0.15,True,astar_seeded,33,22,157.5,1822.5766666666668
g35_d15_weighted_7009,35,0.15,True,astar_seeded,33,23,157.5,2083.516666666667
g35_d15_weighted_7009,35,0.15,True,astar_seeded,33,24,157.5,1965.9333333333334
g35_d15_weighted_7009,35,0.15,True,astar_seeded,33,25,157.5,2081.7766666666666
g35_d15_weighted_7009,35,0.15,True,astar_seeded,33,26,157.5,2119.846666666667
g35_d15_weighted_7009,35,0.15,True,astar_seeded,33,27,157.5,1919.4333333333334
g35_d15_weighted_7009,35,0.15,True,astar_seeded,33,28,157.5,2022.0883333333334
g35_d15_weighted_7009,35,0.15,True,astar_seeded,33,29,157.5,2007.1983333333333
g35_d15_weighted_7009,35,0.15,True,astar_seeded,33,30,157.5,2227.775
g35_d15_weighted_7009,35,0.15,True,astar_seeded,33,31,157.5,2123.69
g35_d15_weighted_7009,35,0.15,True,astar_seeded,33,32,157.5,2053.4066666666668
g35_d15_weighted_7009,35,0.15,True,astar_seeded,33,33,157.5,2003.9033333333332
g35_d15_weighted_7009,35,0.15,True,astar_seeded,33,34,157.5,2032.0366666666666
g35_d15_weighted_7009,35,0.15,True,astar_seeded,33,35,157.5,2127.983333333333
g35_d15_weighted_7009,35,0.15,True,astar_seeded,33,36,157.5,2047.0449999999998
g35_d15_weighted_7009,35,0.15,True,astar_seeded,33,37,157.5,1989.3933333333334
g35_d15_weighted_7009,35,0.15,True,astar_seeded,33,38,157.5,2096.735
g35_d15_weighted_7009,35,0.15,True,astar_seeded,33,39,157.5,2145.355
g35_d15_weighted_7009,35,0.15,True,astar_seeded,33,40,157.5,2090.6466666666665
g35_d15_weighted_7009,35,0.15,True,astar_seeded,33,41,157.5,2135.983333333333
g35_d15_weighted_7009,35,0.15,True,astar_seeded,33,42,157.5,2038.7866666666666
g35_d15_weighted_7009,35,0.15,True,astar_seeded,33,43,157.5,1774.3766666666668
g35_d15_weighted_7009,35,0.15,True,astar_seeded,33,44,157.5,1923.5683333333334
g35_d15_weighted_7009,35,0.15,True,astar_seeded,33,45,157.5,2015.5216666666668
g35_d15_weighted_7009,35,0.15,True,astar_seeded,33,46,157.5,2030.375
g35_d15_weighted_7009,35,0.15,True,astar_seeded,33,47,157.5,2094.866666666667
g35_d15_weighted_7009,35,0.15,True,astar_seeded,33,48,157.5,2001.1083333333333
g35_d15_weighted_7009,35,0.15,True,astar_seeded,33,49,157.5,2077.741666666667
g35_d15_weighted_7009,35,0.15,True,astar_seeded,33,50,157.5,1974.175
g35_d15_weighted_7009,35,0.15,True,astar_seeded,44,1,157.5,2710.65
g35_d15_weighted_7009,35,0.15,True,astar_seeded,44,2,157.5,2466.85
g35_d15_weighted_7009,35,0.15,True,astar_seeded,44,3,157.5,2340.6516666666666
g35_d15_weighted_7009,35,0.15,True,astar_seeded,44,4,157.5,2170.7183333333332
g35_d15_weighted_7009,35,0.15,True,astar_seeded,44,5,157.5,2148.4183333333335
g35_d15_weighted_7009,35,0.15,True,astar_seeded,44,6,157.5,2095.5416666666665
g35_d15_weighted_7009,35,0.15,True,astar_seeded,44,7,157.5,2177.54
g35_d15_weighted_7009,35,0.15,True,astar_seeded,44,8,157.5,2119.2
g35_d15_weighted_7009,35,0.15,True,astar_seeded,44,9,157.5,2056.325
g35_d15_weighted_7009,35,0.15,True,astar_seeded,44,10,157.5,2186.35
g35_d15_weighted_7009,35,0.15,True,astar_seeded,44,11,157.5,2016.885
g35_d15_weighted_7009,35,0.15,True,astar_seeded,44,12,157.5,1915.6083333333333
g35_d15_weighted_7009,35,0.15,True,astar_seeded,44,13,157.5,2108.1916666666666
g35_d15_weighted_7009,35,0.15,True,astar_seeded,44,14,157.5,1971.7083333333333
g35_d15_weighted_7009,35,0.15,True,astar_seeded,44,15,157.5,1919.0016666666668
g35_d15_weighted_7009,35,0.15,True,astar_seeded,44,16,157.5,1854.9083333333333
g35_d15_weighted_7009,35,0.15,True,astar_seeded,44,17,157.5,1927.875
g35_d15_weighted_7009,35,0.15,True,astar_seeded,44,18,157.5,2089.4083333333333
g35_d15_weighted_7009,35,0.15,True,astar_seeded,44,19,157.5,1934.6116666666667
g35_d15_weighted_7009,35,0.15,True,astar_seeded,44,20,157.5,2001.1666666666667
g35_d15_weighted_7009,35,0.15,True,astar_seeded,44,21,157.5,2073.7
g35_d15_weighted_7009,35,0.15,True,astar_seeded,44,22,157.5,1864.6516666666669
g35_d15_weighted_7009,35,0.15,True,astar_seeded,44,23,157.5,1909.0716666666667
g35_d15_weighted_7009,35,0.15,True,astar_seeded,44,24,157.5,2013.005
g35_d15_weighted_7009,35,0.15,True,astar_seeded,44,25,157.5,1903.3083333333334
g35_d15_weighted_7009,35,0.15,True,astar_seeded,44,26,157.5,2032.7416666666666
g35_d15_weighted_7009,35,0.15,True,astar_seeded,44,27,157.5,2032.2733333333333
g35_d15_weighted_7009,35,0.15,True,astar_seeded,44,28,157.5,2089.4416666666666
g35_d15_weighted_7009,35,0.15,True,astar_seeded,44,29,157.5,1939.9383333333333
g35_d15_weighted_7009,35,0.15,True,astar_seeded,44,30,157.5,1941.9433333333334
g35_d15_weighted_7009,35,0.15,True,astar_seeded,44,31,157.5,1977.695
g35_d15_weighted_7009,35,0.15,True,astar_seeded,44,32,157.5,1982.3866666666665
g35_d15_weighted_7009,35,0.15,True,astar_seeded,44,33,157.5,1918.78
g35_d15_weighted_7009,35,0.15,True,astar_seeded,44,34,157.5,1800.5133333333333
g35_d15_weighted_7009,35,0.15,True,astar_seeded,44,35,157.5,1915.6466666666668
g35_d15_weighted_7009,35,0.15,True,astar_seeded,44,36,157.5,2014.3916666666667
g35_d15_weighted_7009,35,0.15,True,astar_seeded,44,37,157.5,1862.5216666666668
g35_d15_weighted_7009,35,0.15,True,astar_seeded,44,38,157.5,1971.0566666666666
g35_d15_weighted_7009,35,0.15,True,astar_seeded,44,39,157.5,1884.2566666666667
g35_d15_weighted_7009,35,0.15,True,astar_seeded,44,40,157.5,2049.05
g35_d15_weighted_7009,35,0.15,True,astar_seeded,44,41,157.5,1942.035
g35_d15_weighted_7009,35,0.15,True,astar_seeded,44,42,157.5,1813.7783333333332
g35_d15_weighted_7009,35,0.15,True,astar_seeded,44,43,157.5,2024.0616666666667
g35_d15_weighted_7009,35,0.15,True,astar_seeded,44,44,157.5,1918.5066666666667
g35_d15_weighted_7009,35,0.15,True,astar_seeded,44,45,157.5,2000.7616666666665
g35_d15_weighted_7009,35,0.15,True,astar_seeded,44,46,157.5,1928.5333333333333
g35_d15_weighted_7009,35,0.15,True,astar_seeded,44,47,157.5,1738.8100000000002
g35_d15_weighted_7009,35,0.15,True,astar_seeded,44,48,157.5,1839.4116666666666
g35_d15_weighted_7009,35,0.15,True,astar_seeded,44,49,157.5,1999.3899999999999
g35_d15_weighted_7009,35,0.15,True,astar_seeded,44,50,157.5,1832.465
g35_d15_weighted_7009,35,0.15,True,astar_seeded,55,1,157.5,2744.575
g35_d15_weighted_7009,35,0.15,True,astar_seeded,55,2,157.5,2452.008333333333
g35_d15_weighted_7009,35,0.15,True,astar_seeded,55,3,157.5,2242.866666666667
g35_d15_weighted_7009,35,0.15,True,astar_seeded,55,4,157.5,2109.8
g35_d15_weighted_7009,35,0.15,True,astar_seeded,55,5,157.5,1930.34
g35_d15_weighted_7009,35,0.15,True,astar_seeded,55,6,157.5,1929.2966666666666
g35_d15_weighted_7009,35,0.15,True,astar_seeded,55,7,157.5,2001.0516666666667
g35_d15_weighted_7009,35,0.15,True,astar_seeded,55,8,157.5,2092.2916666666665
g35_d15_weighted_7009,35,0.15,True,astar_seeded,55,9,157.5,1971.0649999999998
g35_d15_weighted_7009,35,0.15,True,astar_seeded,55,10,157.5,2040.7433333333333
g35_d15_weighted_7009,35,0.15,True,astar_seeded,55,11,157.5,2095.9
g35_d15_weighted_7009,35,0.15,True,astar_seeded,55,12,157.5,2038.6066666666666
g35_d15_weighted_7009,35,0.15,True,astar_seeded,55,13,157.5,1988.8983333333333
g35_d15_weighted_7009,35,0.15,True,astar_seeded,55,14,157.5,1812.3133333333333
g35_d15_weighted_7009,35,0.15,True,astar_seeded,55,15,157.5,2017.1916666666666
g35_d15_weighted_7009,35,0.15,True,astar_seeded,55,16,157.5,1843.9633333333334
g35_d15_weighted_7009,35,0.15,True,astar_seeded,55,17,157.5,1822.6383333333333
g35_d15_weighted_7009,35,0.15,True,astar_seeded,55,18,157.5,1895.4516666666668
g35_d15_weighted_7009,35,0.15,True,astar_seeded,55,19,157.5,2008.2333333333333
g35_d15_weighted_7009,35,0.15,True,astar_seeded,55,20,157.5,1951.9316666666666
g35_d15_weighted_7009,35,0.15,True,astar_seeded,55,21,157.5,1996.9116666666666
g35_d15_weighted_7009,35,0.15,True,astar_seeded,55,22,157.5,2039.8833333333334
g35_d15_weighted_7009,35,0.15,True,astar_seeded,55,23,157.5,1940.8933333333334
g35_d15_weighted_7009,35,0.15,True,astar_seeded,55,24,157.5,2129.0
g35_d15_weighted_7009,35,0.15,True,astar_seeded,55,25,157.5,2090.9333333333334
g35_d15_weighted_7009,35,0.15,True,astar_seeded,55,26,157.5,2100.5716666666667
g35_d15_weighted_7009,35,0.15,True,astar_seeded,55,27,157.5,1744.4033333333332
g35_d15_weighted_7009,35,0.15,True,astar_seeded,55,28,157.5,1988.5566666666666
g35_d15_weighted_7009,35,0.15,True,astar_seeded,55,29,157.5,1936.9833333333333
g35_d15_weighted_7009,35,0.15,True,astar_seeded,55,30,157.5,1938.5
g35_d15_weighted_7009,35,0.15,True,astar_seeded,55,31,157.5,1912.1699999999998
g35_d15_weighted_7009,35,0.15,True,astar_seeded,55,32,157.5,1893.0516666666667
g35_d15_weighted_7009,35,0.15,True,astar_seeded,55,33,157.5,1850.2866666666666
g35_d15_weighted_7009,35,0.15,True,astar_seeded,55,34,157.5,1838.1883333333333
g35_d15_weighted_7009,35,0.15,True,astar_seeded,55,35,157.5,1843.9116666666666
g35_d15_weighted_7009,35,0.15,True,astar_seeded,55,36,157.5,1937.9616666666666
g35_d15_weighted_7009,35,0.15,True,astar_seeded,55,37,157.5,2089.608333333333
g35_d15_weighted_7009,35,0.15,True,astar_seeded,55,38,157.5,1933.1266666666668
g35_d15_weighted_7009,35,0.15,True,astar_seeded,55,39,157.5,1924.0116666666665
g35_d15_weighted_7009,35,0.15,True,astar_seeded,55,40,157.5,1786.2733333333333
g35_d15_weighted_7009,35,0.15,True,astar_seeded,55,41,157.5,2026.925
g35_d15_weighted_7009,35,0.15,True,astar_seeded,55,42,157.5,1855.3783333333333
g35_d15_weighted_7009,35,0.15,True,astar_seeded,55,43,157.5,1977.7816666666665
g35_d15_weighted_7009,35,0.15,True,astar_seeded,55,44,157.5,1816.4583333333333
g35_d15_weighted_7009,35,0.15,True,astar_seeded,55,45,157.5,1944.9133333333334
g35_d15_weighted_7009,35,0.15,True,astar_seeded,55,46,157.5,1830.5149999999999
g35_d15_weighted_7009,35,0.15,True,astar_seeded,55,47,157.5,1837.7666666666667
g35_d15_weighted_7009,35,0.15,True,astar_seeded,55,48,157.5,2014.3683333333333
g35_d15_weighted_7009,35,0.15,True,astar_seeded,55,49,157.5,1989.6566666666665
g35_d15_weighted_7009,35,0.15,True,astar_seeded,55,50,157.5,1989.7833333333333
g35_d25_unit_7010,35,0.25,False,random,11,1,2169.0,2487.175
g35_d25_unit_7010,35,0.25,False,random,11,2,2006.25,2430.225
g35_d25_unit_7010,35,0.25,False,random,11,3,1978.75,2273.6833333333334
g35_d25_unit_7010,35,0.25,False,random,11,4,1948.25,2180.3416666666667
g35_d25_unit_7010,35,0.25,False,random,11,5,1939.5,2102.0666666666666
g35_d25_unit_7010,35,0.25,False,random,11,6,1779.0,2093.3166666666666
g35_d25_unit_7010,35,0.25,False,random,11,7,1718.0,2111.758333333333
g35_d25_unit_7010,35,0.25,False,random,11,8,1633.0,2040.1083333333333
g35_d25_unit_7010,35,0.25,False,random,11,9,1633.0,2056.233333333333
g35_d25_unit_7010,35,0.25,False,random,11,10,1633.0,2003.725
g35_d25_unit_7010,35,0.25,False,random,11,11,1633.0,1943.3916666666667
g35_d25_unit_7010,35,0.25,False,random,11,12,1607.25,1947.2333333333333
g35_d25_unit_7010,35,0.25,False,random,11,13,1607.25,1957.95
g35_d25_unit_7010,35,0.25,False,random,11,14,1607.25,1988.3666666666666
g35_d25_unit_7010,35,0.25,False,random,11,15,1607.25,1969.2
g35_d25_unit_7010,35,0.25,False,random,11,16,1607.25,1947.0
g35_d25_unit_7010,35,0.25,False,random,11,17,1607.25,1931.7416666666666
g35_d25_unit_7010,35,0.25,False,random,11,18,1440.0,1859.075
g35_d25_unit_7010,35,0.25,False,random,11,19,1440.0,1858.4833333333333
g35_d25_unit_7010,35,0.25,False,random,11,20,1440.0,1875.7333333333333
g35_d25_unit_7010,35,0.25,False,random,11,21,1440.0,1871.0
g35_d25_unit_7010,35,0.25,False,random,11,22,1440.0,1935.25
g35_d25_unit_7010,35,0.25,False,random,11,23,1440.0,1963.7416666666666
g35_d25_unit_7010,35,0.25,False,random,11,24,1440.0,1907.8666666666666
g35_d25_unit_7010,35,0.25,False,random,11,25,1440.0,1865.4166666666667
g35_d25_unit_7010,35,0.25,False,random,11,26,1440.0,1872.2333333333333
g35_d25_unit_7010,35,0.25,False,random,11,27,1440.0,1911.45
g35_d25_unit_7010,35,0.25,False,random,11,28,1440.0,1862.1
g35_d25_unit_7010,35,0.25,False,random,11,29,1440.0,1818.2916666666667
g35_d25_unit_7010,35,0.25,False,random,11,30,1440.0,1815.6416666666667
g35_d25_unit_7010,35,0.25,False,random,11,31,1440.0,1863.3166666666666
g35_d25_unit_7010,35,0.25,False,random,11,32,1440.0,1853.8083333333334
g35_d25_unit_7010,35,0.25,False,random,11,33,1383.75,1857.6333333333334
g35_d25_unit_7010,35,0.25,False,random,11,34,1383.75,1840.2833333333333
g35_d25_unit_7010,35,0.25,False,random,11,35,1383.75,1873.2166666666667
g35_d25_unit_7010,35,0.25,False,random,11,36,1383.75,1938.8666666666666
g35_d25_unit_7010,35,0.25,False,random,11,37,1383.75,1845.3333333333333
g35_d25_unit_7010,35,0.25,False,random,11,38,1383.75,1891.8333333333333
g35_d25_unit_7010,35,0.25,False,random,11,39,1383.75,1859.4916666666666
g35_d25_unit_7010,35,0.25,False,random,11,40,1383.75,1783.7916666666667
g35_d25_unit_7010,35,0.25,False,random,11,41,1383.75,1829.1333333333334
g35_d25_unit_7010,35,0.25,False,random,11,42,1383.75,1795.9916666666666
g35_d25_unit_7010,35,0.25,False,random,11,43,1383.75,1860.0166666666667
g35_d25_unit_7010,35,0.25,False,random,11,44,1383.75,1884.4916666666666
g35_d25_unit_7010,35,0.25,False,random,11,45,1383.75,1744.9833333333333
g35_d25_unit_7010,35,0.25,False,random,11,46,1383.75,1787.0416666666667
g35_d25_unit_7010,35,0.25,False,random,11,47,1383.75,1778.425
g35_d25_unit_7010,35,0.25,False,random,11,48,1383.75,1744.4833333333333
g35_d25_unit_7010,35,0.25,False,random,11,49,1383.75,1804.0833333333333
g35_d25_unit_7010,35,0.25,False,random,11,50,1383.75,1784.3583333333333
g35_d25_unit_7010,35,0.25,False,random,22,1,2184.5,2504.7083333333335
g35_d25_unit_7010,35,0.25,False,random,22,2,2168.0,2431.8
g35_d25_unit_7010,35,0.25,False,random,22,3,1982.75,2345.4416666666666
g35_d25_unit_7010,35,0.25,False,random,22,4,1982.75,2287.95
g35_d25_unit_7010,35,0.25,False,random,22,5,1982.75,2215.2833333333333
g35_d25_unit_7010,35,0.25,False,random,22,6,1843.75,2200.3333333333335
g35_d25_unit_7010,35,0.25,False,random,22,7,1792.25,2150.1833333333334
g35_d25_unit_7010,35,0.25,False,random,22,8,1792.25,2140.233333333333
g35_d25_unit_7010,35,0.25,False,random,22,9,1766.25,2106.7833333333333
g35_d25_unit_7010,35,0.25,False,random,22,10,1766.25,2188.9416666666666
g35_d25_unit_7010,35,0.25,False,random,22,11,1685.0,2119.4083333333333
g35_d25_unit_7010,35,0.25,False,random,22,12,1685.0,2110.6583333333333
g35_d25_unit_7010,35,0.25,False,random,22,13,1685.0,2152.1583333333333
g35_d25_unit_7010,35,0.25,False,random,22,14,1685.0,2065.2166666666667
g35_d25_unit_7010,35,0.25,False,random,22,15,1683.75,1984.35
g35_d25_unit_7010,35,0.25,False,random,22,16,1609.25,1990.3666666666666
g35_d25_unit_7010,35,0.25,False,random,22,17,1607.25,2018.5083333333334
g35_d25_unit_7010,35,0.25,False,random,22,18,1607.25,1915.35
g35_d25_unit_7010,35,0.25,False,random,22,19,1587.0,1935.7916666666667
g35_d25_unit_7010,35,0.25,False,random,22,20,1479.25,1987.725
g35_d25_unit_7010,35,0.25,False,random,22,21,1478.5,1817.2916666666667
g35_d25_unit_7010,35,0.25,False,random,22,22,1380.5,1814.425
g35_d25_unit_7010,35,0.25,False,random,22,23,1380.5,1836.2
g35_d25_unit_7010,35,0.25,False,random,22,24,1380.5,1825.325
g35_d25_unit_7010,35,0.25,False,random,22,25,1380.5,1812.9833333333333
g35_d25_unit_7010,35,0.25,False,random,22,26,1380.5,1855.3333333333333
g35_d25_unit_7010,35,0.25,False,random,22,27,1380.5,1838.4
g35_d25_unit_7010,35,0.25,False,random,22,28,1380.5,1794.0
g35_d25_unit_7010,35,0.25,False,random,22,29,1378.5,1736.95
g35_d25_unit_7010,35,0.25,False,random,22,30,1378.5,1695.025
g35_d25_unit_7010,35,0.25,False,random,22,31,1375.0,1714.5666666666666
g35_d25_unit_7010,35,0.25,False,random,22,32,1375.0,1654.2
g35_d25_unit_7010,35,0.25,False,random,22,33,1374.75,1682.0833333333333
g35_d25_unit_7010,35,0.25,False,random,22,34,1374.75,1717.1
g35_d25_unit_7010,35,0.25,False,random,22,35,1374.75,1655.825
g35_d25_unit_7010,35,0.25,False,random,22,36,1359.25,1703.6083333333333
g35_d25_unit_7010,35,0.25,False,random,22,37,1359.25,1780.0583333333334
g35_d25_unit_7010,35,0.25,False,random,22,38,1359.25,1752.025
g35_d25_unit_7010,35,0.25,False,random,22,39,1359.25,1775.3083333333334
g35_d25_unit_7010,35,0.25,False,random,22,40,1359.25,1761.3416666666667
g35_d25_unit_7010,35,0.25,False,random,22,41,257.7,1706.4983333333332
g35_d25_unit_7010,35,0.25,False,random,22,42,257.7,1660.79
g35_d25_unit_7010,35,0.25,False,random,22,43,257.7,1800.4399999999998
g35_d25_unit_7010,35,0.25,False,random,22,44,257.7,1694.2649999999999
g35_d25_unit_7010,35,0.25,False,random,22,45,257.7,1700.3899999999999
g35_d25_unit_7010,35,0.25,False,random,22,46,257.7,1699.7316666666666
g35_d25_unit_7010,35,0.25,False,random,22,47,257.7,1770.8566666666666
g35_d25_unit_7010,35,0.25,False,random,22,48,257.7,1690.1983333333333
g35_d25_unit_7010,35,0.25,False,random,22,49,257.7,1683.54
g35_d25_unit_7010,35,0.25,False,random,22,50,252.6,1565.385
g35_d25_unit_7010,35,0.25,False,random,33,1,2194.75,2470.675
g35_d25_unit_7010,35,0.25,False,random,33,2,1984.75,2384.241666666667
g35_d25_unit_7010,35,0.25,False,random,33,3,1898.25,2318.35
g35_d25_unit_7010,35,0.25,False,random,33,4,1898.25,2169.8
g35_d25_unit_7010,35,0.25,False,random,33,5,1775.75,2136.8166666666666
g35_d25_unit_7010,35,0.25,False,random,33,6,1775.75,2119.1
g35_d25_unit_7010,35,0.25,False,random,33,7,1759.0,2124.383333333333
g35_d25_unit_7010,35,0.25,False,random,33,8,1711.0,2061.0666666666666
g35_d25_unit_7010,35,0.25,False,random,33,9,1711.0,2028.7833333333333
g35_d25_unit_7010,35,0.25,False,random,33,10,1637.25,2056.608333333333
g35_d25_unit_7010,35,0.25,False,random,33,11,1637.25,2040.1
g35_d25_unit_7010,35,0.25,False,random,33,12,1637.25,2029.3916666666667
g35_d25_unit_7010,35,0.25,False,random,33,13,1637.25,2024.2
g35_d25_unit_7010,35,0.25,False,random,33,14,1637.25,1977.9666666666667
g35_d25_unit_7010,35,0.25,False,random,33,15,1637.25,1976.775
g35_d25_unit_7010,35,0.25,False,random,33,16,1637.25,2006.5666666666666
g35_d25_unit_7010,35,0.25,False,random,33,17,1637.25,2009.275
g35_d25_unit_7010,35,0.25,False,random,33,18,1637.25,1987.475
g35_d25_unit_7010,35,0.25,False,random,33,19,1637.25,1949.775
g35_d25_unit_7010,35,0.25,False,random,33,20,1637.25,1988.95
g35_d25_unit_7010,35,0.25,False,random,33,21,1637.25,2017.925
g35_d25_unit_7010,35,0.25,False,random,33,22,1637.25,2021.95
g35_d25_unit_7010,35,0.25,False,random,33,23,1637.25,2034.9
g35_d25_unit_7010,35,0.25,False,random,33,24,1637.25,2023.7916666666667
g35_d25_unit_7010,35,0.25,False,random,33,25,1637.25,2056.141666666667
g35_d25_unit_7010,35,0.25,False,random,33,26,1637.25,2025.8833333333334
g35_d25_unit_7010,35,0.25,False,random,33,27,1630.75,1981.8166666666666
g35_d25_unit_7010,35,0.25,False,random,33,28,1630.75,1981.6666666666667
g35_d25_unit_7010,35,0.25,False,random,33,29,1630.75,1995.8666666666666
g35_d25_unit_7010,35,0.25,False,random,33,30,1630.75,1991.2833333333333
g35_d25_unit_7010,35,0.25,False,random,33,31,1480.5,1913.2166666666667
g35_d25_unit_7010,35,0.25,False,random,33,32,1480.5,1928.7
g35_d25_unit_7010,35,0.25,False,random,33,33,1480.5,1994.9
g35_d25_unit_7010,35,0.25,False,random,33,34,1480.5,1893.725
g35_d25_unit_7010,35,0.25,False,random,33,35,1480.5,1875.175
g35_d25_unit_7010,35,0.25,False,random,33,36,1480.5,1968.55
g35_d25_unit_7010,35,0.25,False,random,33,37,1480.5,1903.85
g35_d25_unit_7010,35,0.25,False,random,33,38,1480.5,1928.1166666666666
g35_d25_unit_7010,35,0.25,False,random,33,39,1480.5,1845.2083333333333
g35_d25_unit_7010,35,0.25,False,random,33,40,1480.5,1869.0416666666667
g35_d25_unit_7010,35,0.25,False,random,33,41,1480.5,1805.35
g35_d25_unit_7010,35,0.25,False,random,33,42,1337.25,1956.3416666666667
g35_d25_unit_7010,35,0.25,False,random,33,43,1337.25,1910.8166666666666
g35_d25_unit_7010,35,0.25,False,random,33,44,1337.25,1944.2666666666667
g35_d25_unit_7010,35,0.25,False,random,33,45,1337.25,1887.6916666666666
g35_d25_unit_7010,35,0.25,False,random,33,46,1337.25,1899.7083333333333
g35_d25_unit_7010,35,0.25,False,random,33,47,1335.5,1885.675
g35_d25_unit_7010,35,0.25,False,random,33,48,1335.5,1867.625
g35_d25_unit_7010,35,0.25,False,random,33,49,1335.5,1861.1
g35_d25_unit_7010,35,0.25,False,random,33,50,1335.5,1820.9833333333333
g35_d25_unit_7010,35,0.25,False,random,44,1,2184.75,2496.0916666666667
g35_d25_unit_7010,35,0.25,False,random,44,2,2146.25,2438.8
g35_d25_unit_7010,35,0.25,False,random,44,3,2109.5,2360.016666666667
g35_d25_unit_7010,35,0.25,False,random,44,4,1943.0,2330.0
g35_d25_unit_7010,35,0.25,False,random,44,5,1902.75,2274.608333333333
g35_d25_unit_7010,35,0.25,False,random,44,6,1902.75,2227.641666666667
g35_d25_unit_7010,35,0.25,False,random,44,7,1819.75,2178.766666666667
g35_d25_unit_7010,35,0.25,False,random,44,8,1819.75,2217.75
g35_d25_unit_7010,35,0.25,False,random,44,9,1819.75,2156.375
g35_d25_unit_7010,35,0.25,False,random,44,10,1819.75,2136.483333333333
g35_d25_unit_7010,35,0.25,False,random,44,11,1746.25,2219.2916666666665
g35_d25_unit_7010,35,0.25,False,random,44,12,1725.25,2085.6666666666665
g35_d25_unit_7010,35,0.25,False,random,44,13,1725.25,2082.5916666666667
g35_d25_unit_7010,35,0.25,False,random,44,14,1693.25,2063.483333333333
g35_d25_unit_7010,35,0.25,False,random,44,15,1687.25,1997.4583333333333
g35_d25_unit_7010,35,0.25,False,random,44,16,1687.25,2008.725
g35_d25_unit_7010,35,0.25,False,random,44,17,1687.25,2066.5583333333334
g35_d25_unit_7010,35,0.25,False,random,44,18,1687.25,2044.3833333333334
g35_d25_unit_7010,35,0.25,False,random,44,19,1651.25,2044.1916666666666
g35_d25_unit_7010,35,0.25,False,random,44,20,1651.25,2001.3083333333334
g35_d25_unit_7010,35,0.25,False,random,44,21,1651.25,2043.1833333333334
g35_d25_unit_7010,35,0.25,False,random,44,22,1651.25,2083.6916666666666
g35_d25_unit_7010,35,0.25,False,random,44,23,1651.25,1975.2083333333333
g35_d25_unit_7010,35,0.25,False,random,44,24,1651.25,2048.0916666666667
g35_d25_unit_7010,35,0.25,False,random,44,25,1651.25,2073.7
g35_d25_unit_7010,35,0.25,False,random,44,26,1651.25,2086.35
g35_d25_unit_7010,35,0.25,False,random,44,27,1651.25,2012.65
g35_d25_unit_7010,35,0.25,False,random,44,28,1624.0,1958.25
g35_d25_unit_7010,35,0.25,False,random,44,29,1624.0,2052.141666666667
g35_d25_unit_7010,35,0.25,False,random,44,30,1624.0,2041.075
g35_d25_unit_7010,35,0.25,False,random,44,31,1606.5,2029.1916666666666
g35_d25_unit_7010,35,0.25,False,random,44,32,1606.5,2014.2166666666667
g35_d25_unit_7010,35,0.25,False,random,44,33,1606.5,1925.5916666666667
g35_d25_unit_7010,35,0.25,False,random,44,34,1502.75,1993.5583333333334
g35_d25_unit_7010,35,0.25,False,random,44,35,1502.75,1982.8083333333334
g35_d25_unit_7010,35,0.25,False,random,44,36,1502.75,1905.0916666666667
g35_d25_unit_7010,35,0.25,False,random,44,37,1502.75,1983.8416666666667
g35_d25_unit_7010,35,0.25,False,random,44,38,1502.75,1932.5333333333333
g35_d25_unit_7010,35,0.25,False,random,44,39,1444.75,1921.05
g35_d25_unit_7010,35,0.25,False,random,44,40,1405.0,1951.8333333333333
g35_d25_unit_7010,35,0.25,False,random,44,41,1405.0,1871.1916666666666
g35_d25_unit_7010,35,0.25,False,random,44,42,1405.0,1896.5083333333334
g35_d25_unit_7010,35,0.25,False,random,44,43,1405.0,1884.875
g35_d25_unit_7010,35,0.25,False,random,44,44,1405.0,1872.85
g35_d25_unit_7010,35,0.25,False,random,44,45,1405.0,1957.475
g35_d25_unit_7010,35,0.25,False,random,44,46,1405.0,1937.0583333333334
g35_d25_unit_7010,35,0.25,False,random,44,47,1401.0,1862.8916666666667
g35_d25_unit_7010,35,0.25,False,random,44,48,1401.0,1857.9166666666667
g35_d25_unit_7010,35,0.25,False,random,44,49,1401.0,1783.2083333333333
g35_d25_unit_7010,35,0.25,False,random,44,50,1401.0,1912.6583333333333
g35_d25_unit_7010,35,0.25,False,random,55,1,1758.25,2468.475
g35_d25_unit_7010,35,0.25,False,random,55,2,1758.25,2391.1916666666666
g35_d25_unit_7010,35,0.25,False,random,55,3,1733.5,2267.75
g35_d25_unit_7010,35,0.25,False,random,55,4,1733.5,2172.1916666666666
g35_d25_unit_7010,35,0.25,False,random,55,5,1733.5,2036.6083333333333
g35_d25_unit_7010,35,0.25,False,random,55,6,1733.5,1999.5583333333334
g35_d25_unit_7010,35,0.25,False,random,55,7,1609.0,2004.3
g35_d25_unit_7010,35,0.25,False,random,55,8,1530.75,2001.125
g35_d25_unit_7010,35,0.25,False,random,55,9,1511.25,1938.6083333333333
g35_d25_unit_7010,35,0.25,False,random,55,10,1511.25,1887.6083333333333
g35_d25_unit_7010,35,0.25,False,random,55,11,1511.25,1888.45
g35_d25_unit_7010,35,0.25,False,random,55,12,1511.25,1859.8416666666667
g35_d25_unit_7010,35,0.25,False,random,55,13,1511.25,1963.3833333333334
g35_d25_unit_7010,35,0.25,False,random,55,14,1511.25,1950.4083333333333
g35_d25_unit_7010,35,0.25,False,random,55,15,1511.25,1933.8166666666666
g35_d25_unit_7010,35,0.25,False,random,55,16,1511.25,1879.8666666666666
g35_d25_unit_7010,35,0.25,False,random,55,17,1511.25,1864.9
g35_d25_unit_7010,35,0.25,False,random,55,18,1511.25,1955.9333333333334
g35_d25_unit_7010,35,0.25,False,random,55,19,1511.25,1994.0583333333334
g35_d25_unit_7010,35,0.25,False,random,55,20,1511.25,1910.0833333333333
g35_d25_unit_7010,35,0.25,False,random,55,21,1511.25,1897.025
g35_d25_unit_7010,35,0.25,False,random,55,22,1511.25,1933.3333333333333
g35_d25_unit_7010,35,0.25,False,random,55,23,1511.25,1904.55
g35_d25_unit_7010,35,0.25,False,random,55,24,1511.25,1897.8666666666666
g35_d25_unit_7010,35,0.25,False,random,55,25,1491.75,1945.0833333333333
g35_d25_unit_7010,35,0.25,False,random,55,26,1491.75,1847.75
g35_d25_unit_7010,35,0.25,False,random,55,27,1491.75,2011.7833333333333
g35_d25_unit_7010,35,0.25,False,random,55,28,1491.75,1933.2
g35_d25_unit_7010,35,0.25,False,random,55,29,1491.75,1868.9583333333333
g35_d25_unit_7010,35,0.25,False,random,55,30,1491.75,1959.4083333333333
g35_d25_unit_7010,35,0.25,False,random,55,31,1491.75,1962.6083333333333
g35_d25_unit_7010,35,0.25,False,random,55,32,1491.75,1946.2333333333333
g35_d25_unit_7010,35,0.25,False,random,55,33,1491.75,1927.25
g35_d25_unit_7010,35,0.25,False,random,55,34,1491.75,1925.0083333333334
g35_d25_unit_7010,35,0.25,False,random,55,35,1491.75,1959.4333333333334
g35_d25_unit_7010,35,0.25,False,random,55,36,1491.75,1955.025
g35_d25_unit_7010,35,0.25,False,random,55,37,1491.75,1879.125
g35_d25_unit_7010,35,0.25,False,random,55,38,1408.75,1933.5916666666667
g35_d25_unit_7010,35,0.25,False,random,55,39,1408.75,2019.0166666666667
g35_d25_unit_7010,35,0.25,False,random,55,40,1408.75,2030.1833333333334
g35_d25_unit_7010,35,0.25,False,random,55,41,1408.75,1953.125
g35_d25_unit_7010,35,0.25,False,random,55,42,1408.75,1899.0083333333334
g35_d25_unit_7010,35,0.25,False,random,55,43,1408.75,1937.45
g35_d25_unit_7010,35,0.25,False,random,55,44,1408.75,1977.3416666666667
g35_d25_unit_7010,35,0.25,False,random,55,45,1408.75,1903.7333333333333
g35_d25_unit_7010,35,0.25,False,random,55,46,1408.75,1897.4166666666667
g35_d25_unit_7010,35,0.25,False,random,55,47,1408.75,1942.5416666666667
g35_d25_unit_7010,35,0.25,False,random,55,48,1408.75,1970.7333333333333
g35_d25_unit_7010,35,0.25,False,random,55,49,1408.75,1918.2
g35_d25_unit_7010,35,0.25,False,random,55,50,1408.75,1931.7
g35_d25_unit_7010,35,0.25,False,astar_seeded,11,1,71.4,2344.6216666666664
g35_d25_unit_7010,35,0.25,False,astar_seeded,11,2,71.4,2141.78
g35_d25_unit_7010,35,0.25,False,astar_seeded,11,3,71.4,1895.8183333333334
g35_d25_unit_7010,35,0.25,False,astar_seeded,11,4,71.4,1691.5566666666666
g35_d25_unit_7010,35,0.25,False,astar_seeded,11,5,71.4,1716.6316666666667
g35_d25_unit_7010,35,0.25,False,astar_seeded,11,6,71.4,1663.9816666666666
g35_d25_unit_7010,35,0.25,False,astar_seeded,11,7,71.4,1645.365
g35_d25_unit_7010,35,0.25,False,astar_seeded,11,8,71.4,1659.9633333333334
g35_d25_unit_7010,35,0.25,False,astar_seeded,11,9,71.4,1570.6366666666665
g35_d25_unit_7010,35,0.25,False,astar_seeded,11,10,71.4,1493.9550000000002
g35_d25_unit_7010,35,0.25,False,astar_seeded,11,11,71.4,1646.23
g35_d25_unit_7010,35,0.25,False,astar_seeded,11,12,71.4,1607.6066666666666
g35_d25_unit_7010,35,0.25,False,astar_seeded,11,13,71.4,1720.9666666666667
g35_d25_unit_7010,35,0.25,False,astar_seeded,11,14,71.4,1656.48
g35_d25_unit_7010,35,0.25,False,astar_seeded,11,15,71.4,1532.4983333333332
g35_d25_unit_7010,35,0.25,False,astar_seeded,11,16,71.4,1605.4166666666667
g35_d25_unit_7010,35,0.25,False,astar_seeded,11,17,71.4,1605.0683333333334
g35_d25_unit_7010,35,0.25,False,astar_seeded,11,18,71.4,1757.2016666666668
g35_d25_unit_7010,35,0.25,False,astar_seeded,11,19,71.4,1551.6533333333332
g35_d25_unit_7010,35,0.25,False,astar_seeded,11,20,71.4,1685.4350000000002
g35_d25_unit_7010,35,0.25,False,astar_seeded,11,21,71.4,1540.4233333333332
g35_d25_unit_7010,35,0.25,False,astar_seeded,11,22,71.4,1550.0966666666668
g35_d25_unit_7010,35,0.25,False,astar_seeded,11,23,71.4,1624.9733333333331
g35_d25_unit_7010,35,0.25,False,astar_seeded,11,24,71.4,1861.4683333333335
g35_d25_unit_7010,35,0.25,False,astar_seeded,11,25,71.4,1809.4183333333335
g35_d25_unit_7010,35,0.25,False,astar_seeded,11,26,71.4,1737.9016666666669
g35_d25_unit_7010,35,0.25,False,astar_seeded,11,27,71.4,1709.8683333333333
g35_d25_unit_7010,35,0.25,False,astar_seeded,11,28,71.4,1659.5016666666668
g35_d25_unit_7010,35,0.25,False,astar_seeded,11,29,71.4,1639.0483333333332
g35_d25_unit_7010,35,0.25,False,astar_seeded,11,30,71.4,1673.7266666666667
g35_d25_unit_7010,35,0.25,False,astar_seeded,11,31,71.4,1571.1116666666667
g35_d25_unit_7010,35,0.25,False,astar_seeded,11,32,71.4,1712.6566666666665
g35_d25_unit_7010,35,0.25,False,astar_seeded,11,33,71.4,1746.5266666666669
g35_d25_unit_7010,35,0.25,False,astar_seeded,11,34,71.4,1692.9350000000002
g35_d25_unit_7010,35,0.25,False,astar_seeded,11,35,71.4,1529.1
g35_d25_unit_7010,35,0.25,False,astar_seeded,11,36,71.4,1574.2649999999999
g35_d25_unit_7010,35,0.25,False,astar_seeded,11,37,71.4,1713.4683333333335
g35_d25_unit_7010,35,0.25,False,astar_seeded,11,38,71.4,1689.785
g35_d25_unit_7010,35,0.25,False,astar_seeded,11,39,71.4,1636.6816666666666
g35_d25_unit_7010,35,0.25,False,astar_seeded,11,40,71.4,1743.6183333333333
g35_d25_unit_7010,35,0.25,False,astar_seeded,11,41,71.4,1645.9266666666667
g35_d25_unit_7010,35,0.25,False,astar_seeded,11,42,71.4,1734.3016666666667
g35_d25_unit_7010,35,0.25,False,astar_seeded,11,43,71.4,1741.035
g35_d25_unit_7010,35,0.25,False,astar_seeded,11,44,71.4,1642.4916666666666
g35_d25_unit_7010,35,0.25,False,astar_seeded,11,45,71.4,1717.8466666666668
g35_d25_unit_7010,35,0.25,False,astar_seeded,11,46,71.4,1666.1100000000001
g35_d25_unit_7010,35,0.25,False,astar_seeded,11,47,71.4,1683.2366666666667
g35_d25_unit_7010,35,0.25,False,astar_seeded,11,48,71.4,1582.1316666666667
g35_d25_unit_7010,35,0.25,False,astar_seeded,11,49,71.4,1668.8216666666667
g35_d25_unit_7010,35,0.25,False,astar_seeded,11,50,71.4,1676.41
g35_d25_unit_7010,35,0.25,False,astar_seeded,22,1,71.4,2270.2516666666666
g35_d25_unit_7010,35,0.25,False,astar_seeded,22,2,71.4,2121.1983333333333
g35_d25_unit_7010,35,0.25,False,astar_seeded,22,3,71.4,1837.9199999999998
g35_d25_unit_7010,35,0.25,False,astar_seeded,22,4,71.4,1781.7533333333333
g35_d25_unit_7010,35,0.25,False,astar_seeded,22,5,71.4,1797.9233333333332
g35_d25_unit_7010,35,0.25,False,astar_seeded,22,6,71.4,1879.5183333333334
g35_d25_unit_7010,35,0.25,False,astar_seeded,22,7,71.4,1714.3383333333334
g35_d25_unit_7010,35,0.25,False,astar_seeded,22,8,71.4,1815.72
g35_d25_unit_7010,35,0.25,False,astar_seeded,22,9,71.4,1798.9733333333331
g35_d25_unit_7010,35,0.25,False,astar_seeded,22,10,71.4,1812.135
g35_d25_unit_7010,35,0.25,False,astar_seeded,22,11,71.4,1728.6566666666665
g35_d25_unit_7010,35,0.25,False,astar_seeded,22,12,71.4,1897.7683333333334
g35_d25_unit_7010,35,0.25,False,astar_seeded,22,13,71.4,1868.6266666666668
g35_d25_unit_7010,35,0.25,False,astar_seeded,22,14,71.4,1865.1266666666668
g35_d25_unit_7010,35,0.25,False,astar_seeded,22,15,71.4,1879.4183333333335
g35_d25_unit_7010,35,0.25,False,astar_seeded,22,16,71.4,1767.365
g35_d25_unit_7010,35,0.25,False,astar_seeded,22,17,71.4,1890.0766666666668
g35_d25_unit_7010,35,0.25,False,astar_seeded,22,18,71.4,1772.2016666666668
g35_d25_unit_7010,35,0.25,False,astar_seeded,22,19,71.4,1919.26
g35_d25_unit_7010,35,0.25,False,astar_seeded,22,20,71.4,1854.46
g35_d25_unit_7010,35,0.25,False,astar_seeded,22,21,71.4,1851.8100000000002
g35_d25_unit_7010,35,0.25,False,astar_seeded,22,22,71.4,1705.0033333333333
g35_d25_unit_7010,35,0.25,False,astar_seeded,22,23,71.4,1847.8100000000002
g35_d25_unit_7010,35,0.25,False,astar_seeded,22,24,71.4,1824.3433333333335
g35_d25_unit_7010,35,0.25,False,astar_seeded,22,25,71.4,1785.3233333333333
g35_d25_unit_7010,35,0.25,False,astar_seeded,22,26,71.4,1775.96
g35_d25_unit_7010,35,0.25,False,astar_seeded,22,27,71.4,1806.0316666666665
g35_d25_unit_7010,35,0.25,False,astar_seeded,22,28,71.4,1579.4316666666666
g35_d25_unit_7010,35,0.25,False,astar_seeded,22,29,71.4,1632.8816666666667
g35_d25_unit_7010,35,0.25,False,astar_seeded,22,30,71.4,1808.7066666666665
g35_d25_unit_7010,35,0.25,False,astar_seeded,22,31,71.4,1832.535
g35_d25_unit_7010,35,0.25,False,astar_seeded,22,32,71.4,1739.98
g35_d25_unit_7010,35,0.25,False,astar_seeded,22,33,71.4,1763.365
g35_d25_unit_7010,35,0.25,False,astar_seeded,22,34,71.4,1712.4733333333331
g35_d25_unit_7010,35,0.25,False,astar_seeded,22,35,71.4,1792.4183333333335
g35_d25_unit_7010,35,0.25,False,astar_seeded,22,36,71.4,1755.7933333333335
g35_d25_unit_7010,35,0.25,False,astar_seeded,22,37,71.4,1829.8516666666667
g35_d25_unit_7010,35,0.25,False,astar_seeded,22,38,71.4,1806.5016666666668
g35_d25_unit_7010,35,0.25,False,astar_seeded,22,39,71.4,1844.59
g35_d25_unit_7010,35,0.25,False,astar_seeded,22,40,71.4,1758.3066666666666
g35_d25_unit_7010,35,0.25,False,astar_seeded,22,41,71.4,1744.7283333333332
g35_d25_unit_7010,35,0.25,False,astar_seeded,22,42,71.4,1834.2483333333332
g35_d25_unit_7010,35,0.25,False,astar_seeded,22,43,71.4,1730.8149999999998
g35_d25_unit_7010,35,0.25,False,astar_seeded,22,44,71.4,1629.0033333333333
g35_d25_unit_7010,35,0.25,False,astar_seeded,22,45,71.4,1797.6433333333334
g35_d25_unit_7010,35,0.25,False,astar_seeded,22,46,71.4,1789.5616666666667
g35_d25_unit_7010,35,0.25,False,astar_seeded,22,47,71.4,1844.4850000000001
g35_d25_unit_7010,35,0.25,False,astar_seeded,22,48,71.4,1876.0516666666667
g35_d25_unit_7010,35,0.25,False,astar_seeded,22,49,71.4,1834.5766666666668
g35_d25_unit_7010,35,0.25,False,astar_seeded,22,50,71.4,1945.4183333333335
g35_d25_unit_7010,35,0.25,False,astar_seeded,33,1,71.4,2342.33
g35_d25_unit_7010,35,0.25,False,astar_seeded,33,2,71.4,2116.9983333333334
g35_d25_unit_7010,35,0.25,False,astar_seeded,33,3,71.4,1551.0600000000002
g35_d25_unit_7010,35,0.25,False,astar_seeded,33,4,71.4,1805.9516666666668
g35_d25_unit_7010,35,0.25,False,astar_seeded,33,5,71.4,1687.1066666666666
g35_d25_unit_7010,35,0.25,False,astar_seeded,33,6,71.4,1719.72
g35_d25_unit_7010,35,0.25,False,astar_seeded,33,7,71.4,1705.5433333333335
g35_d25_unit_7010,35,0.25,False,astar_seeded,33,8,71.4,1544.6416666666667
g35_d25_unit_7010,35,0.25,False,astar_seeded,33,9,71.4,1610.6016666666667
g35_d25_unit_7010,35,0.25,False,astar_seeded,33,10,71.4,1697.4266666666667
g35_d25_unit_7010,35,0.25,False,astar_seeded,33,11,71.4,1650.8066666666666
g35_d25_unit_7010,35,0.25,False,astar_seeded,33,12,71.4,1834.885
g35_d25_unit_7010,35,0.25,False,astar_seeded,33,13,71.4,1818.3100000000002
g35_d25_unit_7010,35,0.25,False,astar_seeded,33,14,71.4,1727.0566666666666
g35_d25_unit_7010,35,0.25,False,astar_seeded,33,15,71.4,1506.7883333333334
g35_d25_unit_7010,35,0.25,False,astar_seeded,33,16,71.4,1800.9766666666667
g35_d25_unit_7010,35,0.25,False,astar_seeded,33,17,71.4,1671.9666666666667
g35_d25_unit_7010,35,0.25,False,astar_seeded,33,18,71.4,1628.5449999999998
g35_d25_unit_7010,35,0.25,False,astar_seeded,33,19,71.4,1781.7433333333333
g35_d25_unit_7010,35,0.25,False,astar_seeded,33,20,71.4,1697.9016666666669
g35_d25_unit_7010,35,0.25,False,astar_seeded,33,21,71.4,1671.4016666666669
g35_d25_unit_7010,35,0.25,False,astar_seeded,33,22,71.4,1679.4833333333333
g35_d25_unit_7010,35,0.25,False,astar_seeded,33,23,71.4,1737.4
g35_d25_unit_7010,35,0.25,False,astar_seeded,33,24,71.4,1736.6033333333332
g35_d25_unit_7010,35,0.25,False,astar_seeded,33,25,71.4,1771.13
g35_d25_unit_7010,35,0.25,False,astar_seeded,33,26,71.4,1852.8100000000002
g35_d25_unit_7010,35,0.25,False,astar_seeded,33,27,71.4,1736.7866666666666
g35_d25_unit_7010,35,0.25,False,astar_seeded,33,28,71.4,1769.8333333333333
g35_d25_unit_7010,35,0.25,False,astar_seeded,33,29,71.4,1714.9083333333333
g35_d25_unit_7010,35,0.25,False,astar_seeded,33,30,71.4,1719.335
g35_d25_unit_7010,35,0.25,False,astar_seeded,33,31,71.4,1710.97
g35_d25_unit_7010,35,0.25,False,astar_seeded,33,32,71.4,1624.0449999999998
g35_d25_unit_7010,35,0.25,False,astar_seeded,33,33,71.4,1641.52
g35_d25_unit_7010,35,0.25,False,astar_seeded,33,34,71.4,1556.07
g35_d25_unit_7010,35,0.25,False,astar_seeded,33,35,71.4,1703.4366666666667
g35_d25_unit_7010,35,0.25,False,astar_seeded,33,36,71.4,1720.9350000000002
g35_d25_unit_7010,35,0.25,False,astar_seeded,33,37,71.4,1789.8316666666665
g35_d25_unit_7010,35,0.25,False,astar_seeded,33,38,71.4,1803.4016666666669
g35_d25_unit_7010,35,0.25,False,astar_seeded,33,39,71.4,1759.3266666666668
g35_d25_unit_7010,35,0.25,False,astar_seeded,33,40,71.4,1866.135
g35_d25_unit_7010,35,0.25,False,astar_seeded,33,41,71.4,1844.5016666666668
g35_d25_unit_7010,35,0.25,False,astar_seeded,33,42,71.4,1792.2766666666669
g35_d25_unit_7010,35,0.25,False,astar_seeded,33,43,71.4,1618.6516666666669
g35_d25_unit_7010,35,0.25,False,astar_seeded,33,44,71.4,1609.6833333333334
g35_d25_unit_7010,35,0.25,False,astar_seeded,33,45,71.4,1729.5566666666666
g35_d25_unit_7010,35,0.25,False,astar_seeded,33,46,71.4,1819.2266666666667
g35_d25_unit_7010,35,0.25,False,astar_seeded,33,47,71.4,1799.2766666666669
g35_d25_unit_7010,35,0.25,False,astar_seeded,33,48,71.4,1821.66
g35_d25_unit_7010,35,0.25,False,astar_seeded,33,49,71.4,1824.4516666666668
g35_d25_unit_7010,35,0.25,False,astar_seeded,33,50,71.4,1754.9733333333331
g35_d25_unit_7010,35,0.25,False,astar_seeded,44,1,71.4,2337.0299999999997
g35_d25_unit_7010,35,0.25,False,astar_seeded,44,2,71.4,2128.3216666666667
g35_d25_unit_7010,35,0.25,False,astar_seeded,44,3,71.4,1973.8883333333333
g35_d25_unit_7010,35,0.25,False,astar_seeded,44,4,71.4,1757.2466666666667
g35_d25_unit_7010,35,0.25,False,astar_seeded,44,5,71.4,1823.2883333333334
g35_d25_unit_7010,35,0.25,False,astar_seeded,44,6,71.4,1794.6516666666669
g35_d25_unit_7010,35,0.25,False,astar_seeded,44,7,71.4,1740.4116666666666
g35_d25_unit_7010,35,0.25,False,astar_seeded,44,8,71.4,1788.7816666666665
g35_d25_unit_7010,35,0.25,False,astar_seeded,44,9,71.4,1731.0649999999998
g35_d25_unit_7010,35,0.25,False,astar_seeded,44,10,71.4,1823.1733333333332
g35_d25_unit_7010,35,0.25,False,astar_seeded,44,11,71.4,1706.1516666666669
g35_d25_unit_7010,35,0.25,False,astar_seeded,44,12,71.4,1645.5083333333334
g35_d25_unit_7010,35,0.25,False,astar_seeded,44,13,71.4,1646.3166666666666
g35_d25_unit_7010,35,0.25,False,astar_seeded,44,14,71.4,1588.6866666666667
g35_d25_unit_7010,35,0.25,False,astar_seeded,44,15,71.4,1663.0366666666666
g35_d25_unit_7010,35,0.25,False,astar_seeded,44,16,71.4,1705.0283333333332
g35_d25_unit_7010,35,0.25,False,astar_seeded,44,17,71.4,1581.5016666666668
g35_d25_unit_7010,35,0.25,False,astar_seeded,44,18,71.4,1800.3183333333334
g35_d25_unit_7010,35,0.25,False,astar_seeded,44,19,71.4,1812.2683333333334
g35_d25_unit_7010,35,0.25,False,astar_seeded,44,20,71.4,1648.475
g35_d25_unit_7010,35,0.25,False,astar_seeded,44,21,71.4,1784.0316666666665
g35_d25_unit_7010,35,0.25,False,astar_seeded,44,22,71.4,1688.3483333333331
g35_d25_unit_7010,35,0.25,False,astar_seeded,44,23,71.4,1655.025
g35_d25_unit_7010,35,0.25,False,astar_seeded,44,24,71.4,1665.4883333333335
g35_d25_unit_7010,35,0.25,False,astar_seeded,44,25,71.4,1672.0366666666666
g35_d25_unit_7010,35,0.25,False,astar_seeded,44,26,71.4,1602.6716666666666
g35_d25_unit_7010,35,0.25,False,astar_seeded,44,27,71.4,1781.2266666666667
g35_d25_unit_7010,35,0.25,False,astar_seeded,44,28,71.4,1748.24
g35_d25_unit_7010,35,0.25,False,astar_seeded,44,29,71.4,1811.01
g35_d25_unit_7010,35,0.25,False,astar_seeded,44,30,71.4,1724.535
g35_d25_unit_7010,35,0.25,False,astar_seeded,44,31,71.4,1694.4683333333335
g35_d25_unit_7010,35,0.25,False,astar_seeded,44,32,71.4,1732.7416666666666
g35_d25_unit_7010,35,0.25,False,astar_seeded,44,33,71.4,1698.7166666666667
g35_d25_unit_7010,35,0.25,False,astar_seeded,44,34,71.4,1671.1283333333333
g35_d25_unit_7010,35,0.25,False,astar_seeded,44,35,71.4,1798.8266666666668
g35_d25_unit_7010,35,0.25,False,astar_seeded,44,36,71.4,1793.5383333333334
g35_d25_unit_7010,35,0.25,False,astar_seeded,44,37,71.4,1682.9483333333333
g35_d25_unit_7010,35,0.25,False,astar_seeded,44,38,71.4,1606.8683333333333
g35_d25_unit_7010,35,0.25,False,astar_seeded,44,39,71.4,1567.1166666666666
g35_d25_unit_7010,35,0.25,False,astar_seeded,44,40,71.4,1761.8266666666668
g35_d25_unit_7010,35,0.25,False,astar_seeded,44,41,71.4,1789.4766666666667
g35_d25_unit_7010,35,0.25,False,astar_seeded,44,42,71.4,1794.41
g35_d25_unit_7010,35,0.25,False,astar_seeded,44,43,71.4,1826.7683333333334
g35_d25_unit_7010,35,0.25,False,astar_seeded,44,44,71.4,1736.7649999999999
g35_d25_unit_7010,35,0.25,False,astar_seeded,44,45,71.4,1696.715
g35_d25_unit_7010,35,0.25,False,astar_seeded,44,46,71.4,1636.2583333333334
g35_d25_unit_7010,35,0.25,False,astar_seeded,44,47,71.4,1539.395
g35_d25_unit_7010,35,0.25,False,astar_seeded,44,48,71.4,1563.8383333333334
g35_d25_unit_7010,35,0.25,False,astar_seeded,44,49,71.4,1621.0683333333334
g35_d25_unit_7010,35,0.25,False,astar_seeded,44,50,71.4,1509.0583333333334
g35_d25_unit_7010,35,0.25,False,astar_seeded,55,1,71.4,2315.6716666666666
g35_d25_unit_7010,35,0.25,False,astar_seeded,55,2,71.4,2169.8133333333335
g35_d25_unit_7010,35,0.25,False,astar_seeded,55,3,71.4,2017.9383333333333
g35_d25_unit_7010,35,0.25,False,astar_seeded,55,4,71.4,1849.835
g35_d25_unit_7010,35,0.25,False,astar_seeded,55,5,71.4,1706.7533333333333
g35_d25_unit_7010,35,0.25,False,astar_seeded,55,6,71.4,1685.6399999999999
g35_d25_unit_7010,35,0.25,False,astar_seeded,55,7,71.4,1811.0433333333335
g35_d25_unit_7010,35,0.25,False,astar_seeded,55,8,71.4,1872.3016666666667
g35_d25_unit_7010,35,0.25,False,astar_seeded,55,9,71.4,1825.91
g35_d25_unit_7010,35,0.25,False,astar_seeded,55,10,71.4,1710.3433333333335
g35_d25_unit_7010,35,0.25,False,astar_seeded,55,11,71.4,1861.5183333333334
g35_d25_unit_7010,35,0.25,False,astar_seeded,55,12,71.4,1683.65
g35_d25_unit_7010,35,0.25,False,astar_seeded,55,13,71.4,1708.3833333333334
g35_d25_unit_7010,35,0.25,False,astar_seeded,55,14,71.4,1622.09
g35_d25_unit_7010,35,0.25,False,astar_seeded,55,15,71.4,1712.8066666666666
g35_d25_unit_7010,35,0.25,False,astar_seeded,55,16,71.4,1712.8683333333333
g35_d25_unit_7010,35,0.25,False,astar_seeded,55,17,71.4,1786.2733333333333
g35_d25_unit_7010,35,0.25,False,astar_seeded,55,18,71.4,1655.4483333333333
g35_d25_unit_7010,35,0.25,False,astar_seeded,55,19,71.4,1801.085
g35_d25_unit_7010,35,0.25,False,astar_seeded,55,20,71.4,1872.835
g35_d25_unit_7010,35,0.25,False,astar_seeded,55,21,71.4,1784.2816666666665
g35_d25_unit_7010,35,0.25,False,astar_seeded,55,22,71.4,1715.2783333333332
g35_d25_unit_7010,35,0.25,False,astar_seeded,55,23,71.4,1738.93
g35_d25_unit_7010,35,0.25,False,astar_seeded,55,24,71.4,1807.9266666666667
g35_d25_unit_7010,35,0.25,False,astar_seeded,55,25,71.4,1852.835
g35_d25_unit_7010,35,0.25,False,astar_seeded,55,26,71.4,1858.0766666666668
g35_d25_unit_7010,35,0.25,False,astar_seeded,55,27,71.4,1794.5683333333334
g35_d25_unit_7010,35,0.25,False,astar_seeded,55,28,71.4,1797.9016666666669
g35_d25_unit_7010,35,0.25,False,astar_seeded,55,29,71.4,1790.8266666666668
g35_d25_unit_7010,35,0.25,False,astar_seeded,55,30,71.4,1614.0600000000002
g35_d25_unit_7010,35,0.25,False,astar_seeded,55,31,71.4,1560.6683333333335
g35_d25_unit_7010,35,0.25,False,astar_seeded,55,32,71.4,1740.96
g35_d25_unit_7010,35,0.25,False,astar_seeded,55,33,71.4,1652.6716666666666
g35_d25_unit_7010,35,0.25,False,astar_seeded,55,34,71.4,1729.9516666666668
g35_d25_unit_7010,35,0.25,False,astar_seeded,55,35,71.4,1795.01
g35_d25_unit_7010,35,0.25,False,astar_seeded,55,36,71.4,1659.6516666666669
g35_d25_unit_7010,35,0.25,False,astar_seeded,55,37,71.4,1784.9266666666667
g35_d25_unit_7010,35,0.25,False,astar_seeded,55,38,71.4,1773.6316666666667
g35_d25_unit_7010,35,0.25,False,astar_seeded,55,39,71.4,1843.9350000000002
g35_d25_unit_7010,35,0.25,False,astar_seeded,55,40,71.4,1840.085
g35_d25_unit_7010,35,0.25,False,astar_seeded,55,41,71.4,1804.285
g35_d25_unit_7010,35,0.25,False,astar_seeded,55,42,71.4,1755.6316666666667
g35_d25_unit_7010,35,0.25,False,astar_seeded,55,43,71.4,1755.1483333333333
g35_d25_unit_7010,35,0.25,False,astar_seeded,55,44,71.4,1517.1666666666667
g35_d25_unit_7010,35,0.25,False,astar_seeded,55,45,71.4,1675.2516666666668
g35_d25_unit_7010,35,0.25,False,astar_seeded,55,46,71.4,1678.8816666666667
g35_d25_unit_7010,35,0.25,False,astar_seeded,55,47,71.4,1726.1516666666669
g35_d25_unit_7010,35,0.25,False,astar_seeded,55,48,71.4,1783.135
g35_d25_unit_7010,35,0.25,False,astar_seeded,55,49,71.4,1719.29
g35_d25_unit_7010,35,0.25,False,astar_seeded,55,50,71.4,1691.2433333333333
g35_d25_weighted_7011,35,0.25,True,random,11,1,2573.75,2987.175
g35_d25_weighted_7011,35,0.25,True,random,11,2,2392.75,2915.0583333333334
g35_d25_weighted_7011,35,0.25,True,random,11,3,2392.75,2708.883333333333
g35_d25_weighted_7011,35,0.25,True,random,11,4,2299.75,2639.05
g35_d25_weighted_7011,35,0.25,True,random,11,5,2299.75,2602.1666666666665
g35_d25_weighted_7011,35,0.25,True,random,11,6,2269.25,2580.116666666667
g35_d25_weighted_7011,35,0.25,True,random,11,7,2269.25,2517.55
g35_d25_weighted_7011,35,0.25,True,random,11,8,2225.75,2464.491666666667
g35_d25_weighted_7011,35,0.25,True,random,11,9,2200.5,2465.983333333333
g35_d25_weighted_7011,35,0.25,True,random,11,10,2176.25,2396.766666666667
g35_d25_weighted_7011,35,0.25,True,random,11,11,2120.75,2391.2083333333335
g35_d25_weighted_7011,35,0.25,True,random,11,12,2063.0,2356.3416666666667
g35_d25_weighted_7011,35,0.25,True,random,11,13,2063.0,2356.9666666666667
g35_d25_weighted_7011,35,0.25,True,random,11,14,1935.25,2350.141666666667
g35_d25_weighted_7011,35,0.25,True,random,11,15,1935.25,2318.8166666666666
g35_d25_weighted_7011,35,0.25,True,random,11,16,1935.25,2286.141666666667
g35_d25_weighted_7011,35,0.25,True,random,11,17,1935.25,2285.8416666666667
g35_d25_weighted_7011,35,0.25,True,random,11,18,1935.25,2282.133333333333
g35_d25_weighted_7011,35,0.25,True,random,11,19,1915.75,2310.15
g35_d25_weighted_7011,35,0.25,True,random,11,20,1915.75,2404.175
g35_d25_weighted_7011,35,0.25,True,random,11,21,1915.75,2343.516666666667
g35_d25_weighted_7011,35,0.25,True,random,11,22,1915.75,2380.508333333333
g35_d25_weighted_7011,35,0.25,True,random,11,23,1915.75,2341.875
g35_d25_weighted_7011,35,0.25,True,random,11,24,1915.75,2268.15
g35_d25_weighted_7011,35,0.25,True,random,11,25,1800.75,2301.391666666667
g35_d25_weighted_7011,35,0.25,True,random,11,26,1800.75,2261.5833333333335
g35_d25_weighted_7011,35,0.25,True,random,11,27,1800.75,2258.5583333333334
g35_d25_weighted_7011,35,0.25,True,random,11,28,1800.75,2198.1833333333334
g35_d25_weighted_7011,35,0.25,True,random,11,29,1800.75,2225.108333333333
g35_d25_weighted_7011,35,0.25,True,random,11,30,1800.75,2265.4083333333333
g35_d25_weighted_7011,35,0.25,True,random,11,31,1800.75,2230.741666666667
g35_d25_weighted_7011,35,0.25,True,random,11,32,1800.75,2195.9583333333335
g35_d25_weighted_7011,35,0.25,True,random,11,33,1800.75,2225.116666666667
g35_d25_weighted_7011,35,0.25,True,random,11,34,1776.5,2193.5916666666667
g35_d25_weighted_7011,35,0.25,True,random,11,35,1776.5,2162.241666666667
g35_d25_weighted_7011,35,0.25,True,random,11,36,1776.5,2168.35
g35_d25_weighted_7011,35,0.25,True,random,11,37,1743.5,2204.266666666667
g35_d25_weighted_7011,35,0.25,True,random,11,38,1743.5,2176.675
g35_d25_weighted_7011,35,0.25,True,random,11,39,1743.5,2204.0333333333333
g35_d25_weighted_7011,35,0.25,True,random,11,40,1743.5,2176.0916666666667
g35_d25_weighted_7011,35,0.25,True,random,11,41,1743.5,2171.0583333333334
g35_d25_weighted_7011,35,0.25,True,random,11,42,1743.5,2220.233333333333
g35_d25_weighted_7011,35,0.25,True,random,11,43,1743.5,2183.258333333333
g35_d25_weighted_7011,35,0.25,True,random,11,44,1743.5,2204.983333333333
g35_d25_weighted_7011,35,0.25,True,random,11,45,1743.5,2144.3166666666666
g35_d25_weighted_7011,35,0.25,True,random,11,46,1743.5,2173.766666666667
g35_d25_weighted_7011,35,0.25,True,random,11,47,1743.5,2215.0833333333335
g35_d25_weighted_7011,35,0.25,True,random,11,48,1743.5,2185.991666666667
g35_d25_weighted_7011,35,0.25,True,random,11,49,1743.5,2240.7083333333335
g35_d25_weighted_7011,35,0.25,True,random,11,50,1743.5,2211.4666666666667
g35_d25_weighted_7011,35,0.25,True,random,22,1,2568.5,2967.241666666667
g35_d25_weighted_7011,35,0.25,True,random,22,2,2568.5,2850.725
g35_d25_weighted_7011,35,0.25,True,random,22,3,2517.5,2760.1
g35_d25_weighted_7011,35,0.25,True,random,22,4,2440.5,2669.9666666666667
g35_d25_weighted_7011,35,0.25,True,random,22,5,2208.25,2632.5833333333335
g35_d25_weighted_7011,35,0.25,True,random,22,6,2208.25,2600.7
g35_d25_weighted_7011,35,0.25,True,random,22,7,2208.25,2546.1583333333333
g35_d25_weighted_7011,35,0.25,True,random,22,8,2208.25,2548.5
g35_d25_weighted_7011,35,0.25,True,random,22,9,2208.25,2609.95
g35_d25_weighted_7011,35,0.25,True,random,22,10,2208.25,2592.0666666666666
g35_d25_weighted_7011,35,0.25,True,random,22,11,2208.25,2562.3083333333334
g35_d25_weighted_7011,35,0.25,True,random,22,12,2208.25,2542.141666666667
g35_d25_weighted_7011,35,0.25,True,random,22,13,2130.0,2522.891666666667
g35_d25_weighted_7011,35,0.25,True,random,22,14,2129.25,2466.491666666667
g35_d25_weighted_7011,35,0.25,True,random,22,15,2006.0,2485.45
g35_d25_weighted_7011,35,0.25,True,random,22,16,2006.0,2504.108333333333
g35_d25_weighted_7011,35,0.25,True,random,22,17,2006.0,2451.3416666666667
g35_d25_weighted_7011,35,0.25,True,random,22,18,2003.5,2381.9666666666667
g35_d25_weighted_7011,35,0.25,True,random,22,19,1827.0,2403.4083333333333
g35_d25_weighted_7011,35,0.25,True,random,22,20,1827.0,2352.608333333333
g35_d25_weighted_7011,35,0.25,True,random,22,21,1827.0,2442.3416666666667
g35_d25_weighted_7011,35,0.25,True,random,22,22,1827.0,2381.866666666667
g35_d25_weighted_7011,35,0.25,True,random,22,23,1827.0,2360.758333333333
g35_d25_weighted_7011,35,0.25,True,random,22,24,1827.0,2396.9416666666666
g35_d25_weighted_7011,35,0.25,True,random,22,25,1827.0,2285.733333333333
g35_d25_weighted_7011,35,0.25,True,random,22,26,582.75,2284.6666666666665
g35_d25_weighted_7011,35,0.25,True,random,22,27,582.75,2185.298333333333
g35_d25_weighted_7011,35,0.25,True,random,22,28,582.75,2212.39
g35_d25_weighted_7011,35,0.25,True,random,22,29,582.75,2113.665
g35_d25_weighted_7011,35,0.25,True,random,22,30,582.75,2095.48
g35_d25_weighted_7011,35,0.25,True,random,22,31,582.75,1957.5666666666666
g35_d25_weighted_7011,35,0.25,True,random,22,32,582.75,1932.6733333333332
g35_d25_weighted_7011,35,0.25,True,random,22,33,582.75,1992.6433333333334
g35_d25_weighted_7011,35,0.25,True,random,22,34,582.75,2009.3833333333334
g35_d25_weighted_7011,35,0.25,True,random,22,35,582.75,2132.44
g35_d25_weighted_7011,35,0.25,True,random,22,36,582.75,2072.065
g35_d25_weighted_7011,35,0.25,True,random,22,37,582.75,2138.165
g35_d25_weighted_7011,35,0.25,True,random,22,38,582.75,2110.298333333333
g35_d25_weighted_7011,35,0.25,True,random,22,39,582.75,2152.2149999999997
g35_d25_weighted_7011,35,0.25,True,random,22,40,582.75,2121.9066666666668
g35_d25_weighted_7011,35,0.25,True,random,22,41,582.75,2135.115
g35_d25_weighted_7011,35,0.25,True,random,22,42,582.75,2033.5483333333332
g35_d25_weighted_7011,35,0.25,True,random,22,43,582.75,2090.1066666666666
g35_d25_weighted_7011,35,0.25,True,random,22,44,582.75,2185.99
g35_d25_weighted_7011,35,0.25,True,random,22,45,582.75,2020.62
g35_d25_weighted_7011,35,0.25,True,random,22,46,582.75,2079.4316666666664
g35_d25_weighted_7011,35,0.25,True,random,22,47,582.75,2033.025
g35_d25_weighted_7011,35,0.25,True,random,22,48,582.75,2097.29
g35_d25_weighted_7011,35,0.25,True,random,22,49,582.75,2110.0733333333333
g35_d25_weighted_7011,35,0.25,True,random,22,50,582.75,2050.0383333333334
g35_d25_weighted_7011,35,0.25,True,random,33,1,2618.75,2924.875
g35_d25_weighted_7011,35,0.25,True,random,33,2,2618.75,2816.8166666666666
g35_d25_weighted_7011,35,0.25,True,random,33,3,2562.5,2756.5916666666667
g35_d25_weighted_7011,35,0.25,True,random,33,4,2502.0,2726.525
g35_d25_weighted_7011,35,0.25,True,random,33,5,2502.0,2694.9083333333333
g35_d25_weighted_7011,35,0.25,True,random,33,6,2351.0,2620.325
g35_d25_weighted_7011,35,0.25,True,random,33,7,2351.0,2622.9583333333335
g35_d25_weighted_7011,35,0.25,True,random,33,8,2319.75,2551.633333333333
g35_d25_weighted_7011,35,0.25,True,random,33,9,2153.25,2521.6916666666666
g35_d25_weighted_7011,35,0.25,True,random,33,10,2153.25,2540.641666666667
g35_d25_weighted_7011,35,0.25,True,random,33,11,2153.25,2505.3
g35_d25_weighted_7011,35,0.25,True,random,33,12,2153.25,2491.525
g35_d25_weighted_7011,35,0.25,True,random,33,13,2153.25,2471.975
g35_d25_weighted_7011,35,0.25,True,random,33,14,2153.25,2425.25
g35_d25_weighted_7011,35,0.25,True,random,33,15,2151.75,2424.6833333333334
g35_d25_weighted_7011,35,0.25,True,random,33,16,2093.75,2465.3
g35_d25_weighted_7011,35,0.25,True,random,33,17,2093.75,2553.8083333333334
g35_d25_weighted_7011,35,0.25,True,random,33,18,2093.75,2488.2916666666665
g35_d25_weighted_7011,35,0.25,True,random,33,19,2093.75,2469.575
g35_d25_weighted_7011,35,0.25,True,random,33,20,2093.75,2381.9166666666665
g35_d25_weighted_7011,35,0.25,True,random,33,21,2093.75,2424.633333333333
g35_d25_weighted_7011,35,0.25,True,random,33,22,2089.5,2391.358333333333
g35_d25_weighted_7011,35,0.25,True,random,33,23,2076.0,2348.45
g35_d25_weighted_7011,35,0.25,True,random,33,24,1975.5,2372.3333333333335
g35_d25_weighted_7011,35,0.25,True,random,33,25,1935.0,2414.858333333333
g35_d25_weighted_7011,35,0.25,True,random,33,26,1935.0,2289.983333333333
g35_d25_weighted_7011,35,0.25,True,random,33,27,1935.0,2261.491666666667
g35_d25_weighted_7011,35,0.25,True,random,33,28,1935.0,2238.258333333333
g35_d25_weighted_7011,35,0.25,True,random,33,29,1935.0,2310.491666666667
g35_d25_weighted_7011,35,0.25,True,random,33,30,1935.0,2296.675
g35_d25_weighted_7011,35,0.25,True,random,33,31,1935.0,2215.4666666666667
g35_d25_weighted_7011,35,0.25,True,random,33,32,1935.0,2280.241666666667
g35_d25_weighted_7011,35,0.25,True,random,33,33,1923.75,2287.35
g35_d25_weighted_7011,35,0.25,True,random,33,34,1923.75,2294.9583333333335
g35_d25_weighted_7011,35,0.25,True,random,33,35,1923.75,2296.741666666667
g35_d25_weighted_7011,35,0.25,True,random,33,36,1923.75,2264.616666666667
g35_d25_weighted_7011,35,0.25,True,random,33,37,1923.75,2229.9416666666666
g35_d25_weighted_7011,35,0.25,True,random,33,38,1923.75,2309.1
g35_d25_weighted_7011,35,0.25,True,random,33,39,1923.75,2242.8333333333335
g35_d25_weighted_7011,35,0.25,True,random,33,40,1923.75,2380.575
g35_d25_weighted_7011,35,0.25,True,random,33,41,1923.75,2260.983333333333
g35_d25_weighted_7011,35,0.25,True,random,33,42,1881.5,2224.366666666667
g35_d25_weighted_7011,35,0.25,True,random,33,43,1834.25,2250.7833333333333
g35_d25_weighted_7011,35,0.25,True,random,33,44,1834.25,2217.0916666666667
g35_d25_weighted_7011,35,0.25,True,random,33,45,1834.25,2277.6583333333333
g35_d25_weighted_7011,35,0.25,True,random,33,46,1834.25,2310.0
g35_d25_weighted_7011,35,0.25,True,random,33,47,1834.25,2236.8083333333334
g35_d25_weighted_7011,35,0.25,True,random,33,48,1769.75,2254.575
g35_d25_weighted_7011,35,0.25,True,random,33,49,1769.75,2239.2
g35_d25_weighted_7011,35,0.25,True,random,33,50,1769.75,2285.05
g35_d25_weighted_7011,35,0.25,True,random,44,1,2676.75,2956.758333333333
g35_d25_weighted_7011,35,0.25,True,random,44,2,2415.75,2873.9416666666666
g35_d25_weighted_7011,35,0.25,True,random,44,3,2415.75,2784.525
g35_d25_weighted_7011,35,0.25,True,random,44,4,2264.25,2640.233333333333
g35_d25_weighted_7011,35,0.25,True,random,44,5,2264.25,2574.891666666667
g35_d25_weighted_7011,35,0.25,True,random,44,6,2264.25,2565.391666666667
g35_d25_weighted_7011,35,0.25,True,random,44,7,2264.25,2537.241666666667
g35_d25_weighted_7011,35,0.25,True,random,44,8,2264.25,2604.2
g35_d25_weighted_7011,35,0.25,True,random,44,9,2261.5,2588.475
g35_d25_weighted_7011,35,0.25,True,random,44,10,2163.5,2544.108333333333
g35_d25_weighted_7011,35,0.25,True,random,44,11,2119.75,2541.733333333333
g35_d25_weighted_7011,35,0.25,True,random,44,12,2052.0,2508.108333333333
g35_d25_weighted_7011,35,0.25,True,random,44,13,2052.0,2465.483333333333
g35_d25_weighted_7011,35,0.25,True,random,44,14,2052.0,2463.7083333333335
g35_d25_weighted_7011,35,0.25,True,random,44,15,2052.0,2401.15
g35_d25_weighted_7011,35,0.25,True,random,44,16,2052.0,2404.9666666666667
g35_d25_weighted_7011,35,0.25,True,random,44,17,2052.0,2350.9083333333333
g35_d25_weighted_7011,35,0.25,True,random,44,18,1982.75,2384.866666666667
g35_d25_weighted_7011,35,0.25,True,random,44,19,1982.75,2371.233333333333
g35_d25_weighted_7011,35,0.25,True,random,44,20,1982.75,2464.125
g35_d25_weighted_7011,35,0.25,True,random,44,21,1982.75,2415.625
g35_d25_weighted_7011,35,0.25,True,random,44,22,1982.75,2352.2
g35_d25_weighted_7011,35,0.25,True,random,44,23,1982.75,2386.7083333333335
g35_d25_weighted_7011,35,0.25,True,random,44,24,1982.75,2421.3083333333334
g35_d25_weighted_7011,35,0.25,True,random,44,25,1982.75,2388.0
g35_d25_weighted_7011,35,0.25,True,random,44,26,1965.75,2312.85
g35_d25_weighted_7011,35,0.25,True,random,44,27,1965.75,2429.8
g35_d25_weighted_7011,35,0.25,True,random,44,28,1965.75,2390.225
g35_d25_weighted_7011,35,0.25,True,random,44,29,1965.75,2375.8083333333334
g35_d25_weighted_7011,35,0.25,True,random,44,30,1965.75,2312.116666666667
g35_d25_weighted_7011,35,0.25,True,random,44,31,1965.75,2325.641666666667
g35_d25_weighted_7011,35,0.25,True,random,44,32,1965.75,2276.4416666666666
g35_d25_weighted_7011,35,0.25,True,random,44,33,1965.75,2322.4666666666667
g35_d25_weighted_7011,35,0.25,True,random,44,34,1965.75,2284.7833333333333
g35_d25_weighted_7011,35,0.25,True,random,44,35,1965.75,2344.6583333333333
g35_d25_weighted_7011,35,0.25,True,random,44,36,1965.75,2331.108333333333
g35_d25_weighted_7011,35,0.25,True,random,44,37,1965.75,2369.6916666666666
g35_d25_weighted_7011,35,0.25,True,random,44,38,1965.75,2366.75
g35_d25_weighted_7011,35,0.25,True,random,44,39,1961.75,2335.491666666667
g35_d25_weighted_7011,35,0.25,True,random,44,40,1961.75,2278.525
g35_d25_weighted_7011,35,0.25,True,random,44,41,1961.75,2333.241666666667
g35_d25_weighted_7011,35,0.25,True,random,44,42,1961.75,2358.741666666667
g35_d25_weighted_7011,35,0.25,True,random,44,43,1961.75,2297.1583333333333
g35_d25_weighted_7011,35,0.25,True,random,44,44,1961.75,2359.9666666666667
g35_d25_weighted_7011,35,0.25,True,random,44,45,1961.75,2359.6833333333334
g35_d25_weighted_7011,35,0.25,True,random,44,46,1961.75,2389.375
g35_d25_weighted_7011,35,0.25,True,random,44,47,1961.75,2298.25
g35_d25_weighted_7011,35,0.25,True,random,44,48,1961.75,2381.8416666666667
g35_d25_weighted_7011,35,0.25,True,random,44,49,1961.75,2306.116666666667
g35_d25_weighted_7011,35,0.25,True,random,44,50,1961.75,2311.7
g35_d25_weighted_7011,35,0.25,True,random,55,1,2252.25,2939.2083333333335
g35_d25_weighted_7011,35,0.25,True,random,55,2,2252.25,2842.7083333333335
g35_d25_weighted_7011,35,0.25,True,random,55,3,2177.5,2712.241666666667
g35_d25_weighted_7011,35,0.25,True,random,55,4,2172.5,2569.15
g35_d25_weighted_7011,35,0.25,True,random,55,5,2063.25,2445.233333333333
g35_d25_weighted_7011,35,0.25,True,random,55,6,2063.25,2433.85
g35_d25_weighted_7011,35,0.25,True,random,55,7,2063.25,2415.5666666666666
g35_d25_weighted_7011,35,0.25,True,random,55,8,2063.25,2486.3166666666666
g35_d25_weighted_7011,35,0.25,True,random,55,9,2063.25,2516.175
g35_d25_weighted_7011,35,0.25,True,random,55,10,1996.5,2494.016666666667
g35_d25_weighted_7011,35,0.25,True,random,55,11,1996.5,2455.475
g35_d25_weighted_7011,35,0.25,True,random,55,12,1996.5,2465.45
g35_d25_weighted_7011,35,0.25,True,random,55,13,1996.5,2411.375
g35_d25_weighted_7011,35,0.25,True,random,55,14,1996.5,2394.2
g35_d25_weighted_7011,35,0.25,True,random,55,15,1996.5,2378.675
g35_d25_weighted_7011,35,0.25,True,random,55,16,1996.5,2340.3
g35_d25_weighted_7011,35,0.25,True,random,55,17,1987.25,2293.2
g35_d25_weighted_7011,35,0.25,True,random,55,18,1987.25,2378.7
g35_d25_weighted_7011,35,0.25,True,random,55,19,1920.0,2269.3416666666667
g35_d25_weighted_7011,35,0.25,True,random,55,20,1920.0,2289.275
g35_d25_weighted_7011,35,0.25,True,random,55,21,1920.0,2369.6833333333334
g35_d25_weighted_7011,35,0.25,True,random,55,22,1920.0,2386.1666666666665
g35_d25_weighted_7011,35,0.25,True,random,55,23,1920.0,2298.0833333333335
g35_d25_weighted_7011,35,0.25,True,random,55,24,1920.0,2290.2
g35_d25_weighted_7011,35,0.25,True,random,55,25,1920.0,2312.391666666667
g35_d25_weighted_7011,35,0.25,True,random,55,26,1920.0,2273.8
g35_d25_weighted_7011,35,0.25,True,random,55,27,1920.0,2337.825
g35_d25_weighted_7011,35,0.25,True,random,55,28,1920.0,2267.0833333333335
g35_d25_weighted_7011,35,0.25,True,random,55,29,1920.0,2254.9
g35_d25_weighted_7011,35,0.25,True,random,55,30,1920.0,2287.4583333333335
g35_d25_weighted_7011,35,0.25,True,random,55,31,1920.0,2208.875
g35_d25_weighted_7011,35,0.25,True,random,55,32,1920.0,2238.5583333333334
g35_d25_weighted_7011,35,0.25,True,random,55,33,1920.0,2275.875
g35_d25_weighted_7011,35,0.25,True,random,55,34,1908.0,2296.725
g35_d25_weighted_7011,35,0.25,True,random,55,35,1908.0,2358.108333333333
g35_d25_weighted_7011,35,0.25,True,random,55,36,1908.0,2330.475
g35_d25_weighted_7011,35,0.25,True,random,55,37,1908.0,2344.3083333333334
g35_d25_weighted_7011,35,0.25,True,random,55,38,1908.0,2343.175
g35_d25_weighted_7011,35,0.25,True,random,55,39,1908.0,2278.116666666667
g35_d25_weighted_7011,35,0.25,True,random,55,40,1908.0,2265.1583333333333
g35_d25_weighted_7011,35,0.25,True,random,55,41,1900.25,2253.1
g35_d25_weighted_7011,35,0.25,True,random,55,42,1900.25,2281.9333333333334
g35_d25_weighted_7011,35,0.25,True,random,55,43,1900.25,2325.108333333333
g35_d25_weighted_7011,35,0.25,True,random,55,44,1900.25,2330.6833333333334
g35_d25_weighted_7011,35,0.25,True,random,55,45,1900.25,2284.741666666667
g35_d25_weighted_7011,35,0.25,True,random,55,46,1900.25,2355.475
g35_d25_weighted_7011,35,0.25,True,random,55,47,1900.25,2344.9666666666667
g35_d25_weighted_7011,35,0.25,True,random,55,48,1900.25,2383.891666666667
g35_d25_weighted_7011,35,0.25,True,random,55,49,1900.25,2367.625
g35_d25_weighted_7011,35,0.25,True,random,55,50,1900.25,2417.641666666667
g35_d25_weighted_7011,35,0.25,True,astar_seeded,11,1,199.4,2825.2799999999997
g35_d25_weighted_7011,35,0.25,True,astar_seeded,11,2,199.4,2587.5216666666665
g35_d25_weighted_7011,35,0.25,True,astar_seeded,11,3,199.4,2437.705
g35_d25_weighted_7011,35,0.25,True,astar_seeded,11,4,199.4,2232.8766666666666
g35_d25_weighted_7011,35,0.25,True,astar_seeded,11,5,199.4,2082.765
g35_d25_weighted_7011,35,0.25,True,astar_seeded,11,6,199.4,2111.5066666666667
g35_d25_weighted_7011,35,0.25,True,astar_seeded,11,7,199.4,2066.996666666667
g35_d25_weighted_7011,35,0.25,True,astar_seeded,11,8,199.4,2278.435
g35_d25_weighted_7011,35,0.25,True,astar_seeded,11,9,199.4,2153.1033333333335
g35_d25_weighted_7011,35,0.25,True,astar_seeded,11,10,199.4,2147.4366666666665
g35_d25_weighted_7011,35,0.25,True,astar_seeded,11,11,199.4,2239.36
g35_d25_weighted_7011,35,0.25,True,astar_seeded,11,12,199.4,2159.7316666666666
g35_d25_weighted_7011,35,0.25,True,astar_seeded,11,13,199.4,2379.201666666667
g35_d25_weighted_7011,35,0.25,True,astar_seeded,11,14,199.4,2358.735
g35_d25_weighted_7011,35,0.25,True,astar_seeded,11,15,199.4,2318.21
g35_d25_weighted_7011,35,0.25,True,astar_seeded,11,16,199.4,2242.648333333333
g35_d25_weighted_7011,35,0.25,True,astar_seeded,11,17,199.4,2351.3933333333334
g35_d25_weighted_7011,35,0.25,True,astar_seeded,11,18,199.4,2375.0683333333336
g35_d25_weighted_7011,35,0.25,True,astar_seeded,11,19,199.4,2371.085
g35_d25_weighted_7011,35,0.25,True,astar_seeded,11,20,199.4,2302.135
g35_d25_weighted_7011,35,0.25,True,astar_seeded,11,21,199.4,2169.89
g35_d25_weighted_7011,35,0.25,True,astar_seeded,11,22,199.4,2323.56
g35_d25_weighted_7011,35,0.25,True,astar_seeded,11,23,199.4,2239.89
g35_d25_weighted_7011,35,0.25,True,astar_seeded,11,24,199.4,2404.9933333333333
g35_d25_weighted_7011,35,0.25,True,astar_seeded,11,25,199.4,2356.435
g35_d25_weighted_7011,35,0.25,True,astar_seeded,11,26,199.4,2267.398333333333
g35_d25_weighted_7011,35,0.25,True,astar_seeded,11,27,199.4,2330.4100000000003
g35_d25_weighted_7011,35,0.25,True,astar_seeded,11,28,199.4,2322.4183333333335
g35_d25_weighted_7011,35,0.25,True,astar_seeded,11,29,199.4,2252.56
g35_d25_weighted_7011,35,0.25,True,astar_seeded,11,30,199.4,2316.0016666666666
g35_d25_weighted_7011,35,0.25,True,astar_seeded,11,31,199.4,2129.1883333333335
g35_d25_weighted_7011,35,0.25,True,astar_seeded,11,32,199.4,2021.3866666666665
g35_d25_weighted_7011,35,0.25,True,astar_seeded,11,33,199.4,2090.63
g35_d25_weighted_7011,35,0.25,True,astar_seeded,11,34,199.4,2286.96
g35_d25_weighted_7011,35,0.25,True,astar_seeded,11,35,199.4,2112.403333333333
g35_d25_weighted_7011,35,0.25,True,astar_seeded,11,36,199.4,2054.3
g35_d25_weighted_7011,35,0.25,True,astar_seeded,11,37,199.4,2189.585
g35_d25_weighted_7011,35,0.25,True,astar_seeded,11,38,199.4,1903.0133333333333
g35_d25_weighted_7011,35,0.25,True,astar_seeded,11,39,199.4,2090.905
g35_d25_weighted_7011,35,0.25,True,astar_seeded,11,40,199.4,2166.68
g35_d25_weighted_7011,35,0.25,True,astar_seeded,11,41,199.4,2139.826666666667
g35_d25_weighted_7011,35,0.25,True,astar_seeded,11,42,199.4,2313.5683333333336
g35_d25_weighted_7011,35,0.25,True,astar_seeded,11,43,199.4,2171.0016666666666
g35_d25_weighted_7011,35,0.25,True,astar_seeded,11,44,199.4,2061.423333333333
g35_d25_weighted_7011,35,0.25,True,astar_seeded,11,45,199.4,2059.471666666667
g35_d25_weighted_7011,35,0.25,True,astar_seeded,11,46,199.4,2043.865
g35_d25_weighted_7011,35,0.25,True,astar_seeded,11,47,199.4,1979.6533333333332
g35_d25_weighted_7011,35,0.25,True,astar_seeded,11,48,199.4,2011.1316666666667
g35_d25_weighted_7011,35,0.25,True,astar_seeded,11,49,199.4,2127.2933333333335
g35_d25_weighted_7011,35,0.25,True,astar_seeded,11,50,199.4,2148.6266666666666
g35_d25_weighted_7011,35,0.25,True,astar_seeded,22,1,199.4,2732.951666666667
g35_d25_weighted_7011,35,0.25,True,astar_seeded,22,2,199.4,2481.6366666666668
g35_d25_weighted_7011,35,0.25,True,astar_seeded,22,3,199.4,2373.1299999999997
g35_d25_weighted_7011,35,0.25,True,astar_seeded,22,4,199.4,2273.8766666666666
g35_d25_weighted_7011,35,0.25,True,astar_seeded,22,5,199.4,2289.201666666667
g35_d25_weighted_7011,35,0.25,True,astar_seeded,22,6,199.4,2308.9016666666666
g35_d25_weighted_7011,35,0.25,True,astar_seeded,22,7,199.4,2245.3399999999997
g35_d25_weighted_7011,35,0.25,True,astar_seeded,22,8,199.4,2341.4983333333334
g35_d25_weighted_7011,35,0.25,True,astar_seeded,22,9,199.4,2316.14
g35_d25_weighted_7011,35,0.25,True,astar_seeded,22,10,199.4,2265.3233333333333
g35_d25_weighted_7011,35,0.25,True,astar_seeded,22,11,199.4,2345.7683333333334
g35_d25_weighted_7011,35,0.25,True,astar_seeded,22,12,199.4,2430.951666666667
g35_d25_weighted_7011,35,0.25,True,astar_seeded,22,13,199.4,2346.826666666667
g35_d25_weighted_7011,35,0.25,True,astar_seeded,22,14,199.4,2329.335
g35_d25_weighted_7011,35,0.25,True,astar_seeded,22,15,199.4,2308.9100000000003
g35_d25_weighted_7011,35,0.25,True,astar_seeded,22,16,199.4,2193.4733333333334
g35_d25_weighted_7011,35,0.25,True,astar_seeded,22,17,199.4,2341.0183333333334
g35_d25_weighted_7011,35,0.25,True,astar_seeded,22,18,199.4,2297.7183333333332
g35_d25_weighted_7011,35,0.25,True,astar_seeded,22,19,199.4,2198.0316666666668
g35_d25_weighted_7011,35,0.25,True,astar_seeded,22,20,199.4,2324.24
g35_d25_weighted_7011,35,0.25,True,astar_seeded,22,21,199.4,2347.1766666666667
g35_d25_weighted_7011,35,0.25,True,astar_seeded,22,22,199.4,2175.565
g35_d25_weighted_7011,35,0.25,True,astar_seeded,22,23,199.4,2360.9433333333336
g35_d25_weighted_7011,35,0.25,True,astar_seeded,22,24,199.4,2425.9100000000003
g35_d25_weighted_7011,35,0.25,True,astar_seeded,22,25,199.4,2293.423333333333
g35_d25_weighted_7011,35,0.25,True,astar_seeded,22,26,199.4,2296.7566666666667
g35_d25_weighted_7011,35,0.25,True,astar_seeded,22,27,199.4,2185.83
g35_d25_weighted_7011,35,0.25,True,astar_seeded,22,28,199.4,2175.02
g35_d25_weighted_7011,35,0.25,True,astar_seeded,22,29,199.4,2248.3733333333334
g35_d25_weighted_7011,35,0.25,True,astar_seeded,22,30,199.4,2309.94
g35_d25_weighted_7011,35,0.25,True,astar_seeded,22,31,199.4,2221.515
g35_d25_weighted_7011,35,0.25,True,astar_seeded,22,32,199.4,2264.3816666666667
g35_d25_weighted_7011,35,0.25,True,astar_seeded,22,33,199.4,2343.5350000000003
g35_d25_weighted_7011,35,0.25,True,astar_seeded,22,34,199.4,2238.673333333333
g35_d25_weighted_7011,35,0.25,True,astar_seeded,22,35,199.4,2290.851666666667
g35_d25_weighted_7011,35,0.25,True,astar_seeded,22,36,199.4,2276.8766666666666
g35_d25_weighted_7011,35,0.25,True,astar_seeded,22,37,199.4,2298.4266666666667
g35_d25_weighted_7011,35,0.25,True,astar_seeded,22,38,199.4,2177.7683333333334
g35_d25_weighted_7011,35,0.25,True,astar_seeded,22,39,199.4,2301.8066666666664
g35_d25_weighted_7011,35,0.25,True,astar_seeded,22,40,199.4,2177.633333333333
g35_d25_weighted_7011,35,0.25,True,astar_seeded,22,41,199.4,2322.3183333333336
g35_d25_weighted_7011,35,0.25,True,astar_seeded,22,42,199.4,2340.3683333333333
g35_d25_weighted_7011,35,0.25,True,astar_seeded,22,43,199.4,2233.1566666666668
g35_d25_weighted_7011,35,0.25,True,astar_seeded,22,44,199.4,2200.8766666666666
g35_d25_weighted_7011,35,0.25,True,astar_seeded,22,45,199.4,2224.6600000000003
g35_d25_weighted_7011,35,0.25,True,astar_seeded,22,46,199.4,2275.9816666666666
g35_d25_weighted_7011,35,0.25,True,astar_seeded,22,47,199.4,2295.8766666666666
g35_d25_weighted_7011,35,0.25,True,astar_seeded,22,48,199.4,2424.8683333333333
g35_d25_weighted_7011,35,0.25,True,astar_seeded,22,49,199.4,2393.6516666666666
g35_d25_weighted_7011,35,0.25,True,astar_seeded,22,50,199.4,2421.701666666667
g35_d25_weighted_7011,35,0.25,True,astar_seeded,33,1,199.4,2806.5133333333333
g35_d25_weighted_7011,35,0.25,True,astar_seeded,33,2,199.4,2483.686666666667
g35_d25_weighted_7011,35,0.25,True,astar_seeded,33,3,199.4,1979.8666666666666
g35_d25_weighted_7011,35,0.25,True,astar_seeded,33,4,199.4,2187.3399999999997
g35_d25_weighted_7011,35,0.25,True,astar_seeded,33,5,199.4,2073.235
g35_d25_weighted_7011,35,0.25,True,astar_seeded,33,6,199.4,1958.43
g35_d25_weighted_7011,35,0.25,True,astar_seeded,33,7,199.4,2069.128333333333
g35_d25_weighted_7011,35,0.25,True,astar_seeded,33,8,199.4,2119.9983333333334
g35_d25_weighted_7011,35,0.25,True,astar_seeded,33,9,199.4,2214.6566666666668
g35_d25_weighted_7011,35,0.25,True,astar_seeded,33,10,199.4,2174.601666666667
g35_d25_weighted_7011,35,0.25,True,astar_seeded,33,11,199.4,2108.255
g35_d25_weighted_7011,35,0.25,True,astar_seeded,33,12,199.4,2263.048333333333
g35_d25_weighted_7011,35,0.25,True,astar_seeded,33,13,199.4,2331.4016666666666
g35_d25_weighted_7011,35,0.25,True,astar_seeded,33,14,199.4,2244.61
g35_d25_weighted_7011,35,0.25,True,astar_seeded,33,15,199.4,1974.85
g35_d25_weighted_7011,35,0.25,True,astar_seeded,33,16,199.4,2214.758333333333
g35_d25_weighted_7011,35,0.25,True,astar_seeded,33,17,199.4,2209.6933333333336
g35_d25_weighted_7011,35,0.25,True,astar_seeded,33,18,199.4,2247.1933333333336
g35_d25_weighted_7011,35,0.25,True,astar_seeded,33,19,199.4,2268.6933333333336
g35_d25_weighted_7011,35,0.25,True,astar_seeded,33,20,199.4,2289.5433333333335
g35_d25_weighted_7011,35,0.25,True,astar_seeded,33,21,199.4,2200.6816666666664
g35_d25_weighted_7011,35,0.25,True,astar_seeded,33,22,199.4,2174.1
g35_d25_weighted_7011,35,0.25,True,astar_seeded,33,23,199.4,2170.92
g35_d25_weighted_7011,35,0.25,True,astar_seeded,33,24,199.4,2170.5
g35_d25_weighted_7011,35,0.25,True,astar_seeded,33,25,199.4,2175.98
g35_d25_weighted_7011,35,0.25,True,astar_seeded,33,26,199.4,2206.7816666666668
g35_d25_weighted_7011,35,0.25,True,astar_seeded,33,27,199.4,2069.8283333333334
g35_d25_weighted_7011,35,0.25,True,astar_seeded,33,28,199.4,2303.335
g35_d25_weighted_7011,35,0.25,True,astar_seeded,33,29,199.4,2221.423333333333
g35_d25_weighted_7011,35,0.25,True,astar_seeded,33,30,199.4,2284.226666666667
g35_d25_weighted_7011,35,0.25,True,astar_seeded,33,31,199.4,2215.01
g35_d25_weighted_7011,35,0.25,True,astar_seeded,33,32,199.4,2200.826666666667
g35_d25_weighted_7011,35,0.25,True,astar_seeded,33,33,199.4,2183.485
g35_d25_weighted_7011,35,0.25,True,astar_seeded,33,34,199.4,2143.2516666666666
g35_d25_weighted_7011,35,0.25,True,astar_seeded,33,35,199.4,2121.07
g35_d25_weighted_7011,35,0.25,True,astar_seeded,33,36,199.4,2185.44
g35_d25_weighted_7011,35,0.25,True,astar_seeded,33,37,199.4,2245.085
g35_d25_weighted_7011,35,0.25,True,astar_seeded,33,38,199.4,2253.01
g35_d25_weighted_7011,35,0.25,True,astar_seeded,33,39,199.4,2239.9983333333334
g35_d25_weighted_7011,35,0.25,True,astar_seeded,33,40,199.4,2300.7850000000003
g35_d25_weighted_7011,35,0.25,True,astar_seeded,33,41,199.4,2363.451666666667
g35_d25_weighted_7011,35,0.25,True,astar_seeded,33,42,199.4,2320.0683333333336
g35_d25_weighted_7011,35,0.25,True,astar_seeded,33,43,199.4,2162.253333333333
g35_d25_weighted_7011,35,0.25,True,astar_seeded,33,44,199.4,2080.108333333333
g35_d25_weighted_7011,35,0.25,True,astar_seeded,33,45,199.4,2134.3033333333333
g35_d25_weighted_7011,35,0.25,True,astar_seeded,33,46,199.4,2309.44
g35_d25_weighted_7011,35,0.25,True,astar_seeded,33,47,199.4,2248.911666666667
g35_d25_weighted_7011,35,0.25,True,astar_seeded,33,48,199.4,2226.555
g35_d25_weighted_7011,35,0.25,True,astar_seeded,33,49,199.4,2295.3933333333334
g35_d25_weighted_7011,35,0.25,True,astar_seeded,33,50,199.4,2314.5983333333334
g35_d25_weighted_7011,35,0.25,True,astar_seeded,44,1,199.4,2747.1183333333333
g35_d25_weighted_7011,35,0.25,True,astar_seeded,44,2,199.4,2466.076666666667
g35_d25_weighted_7011,35,0.25,True,astar_seeded,44,3,199.4,2136.2283333333335
g35_d25_weighted_7011,35,0.25,True,astar_seeded,44,4,199.4,2047.695
g35_d25_weighted_7011,35,0.25,True,astar_seeded,44,5,199.4,2293.5433333333335
g35_d25_weighted_7011,35,0.25,True,astar_seeded,44,6,199.4,2237.3483333333334
g35_d25_weighted_7011,35,0.25,True,astar_seeded,44,7,199.4,2160.923333333333
g35_d25_weighted_7011,35,0.25,True,astar_seeded,44,8,199.4,2232.9950000000003
g35_d25_weighted_7011,35,0.25,True,astar_seeded,44,9,199.4,2263.0183333333334
g35_d25_weighted_7011,35,0.25,True,astar_seeded,44,10,199.4,2264.635
g35_d25_weighted_7011,35,0.25,True,astar_seeded,44,11,199.4,2206.0183333333334
g35_d25_weighted_7011,35,0.25,True,astar_seeded,44,12,199.4,2051.0866666666666
g35_d25_weighted_7011,35,0.25,True,astar_seeded,44,13,199.4,2219.3016666666667
g35_d25_weighted_7011,35,0.25,True,astar_seeded,44,14,199.4,2062.9616666666666
g35_d25_weighted_7011,35,0.25,True,astar_seeded,44,15,199.4,2111.7366666666667
g35_d25_weighted_7011,35,0.25,True,astar_seeded,44,16,199.4,2135.6383333333333
g35_d25_weighted_7011,35,0.25,True,astar_seeded,44,17,199.4,2200.74
g35_d25_weighted_7011,35,0.25,True,astar_seeded,44,18,199.4,2273.6600000000003
g35_d25_weighted_7011,35,0.25,True,astar_seeded,44,19,199.4,2240.96
g35_d25_weighted_7011,35,0.25,True,astar_seeded,44,20,199.4,2076.775
g35_d25_weighted_7011,35,0.25,True,astar_seeded,44,21,199.4,2267.476666666667
g35_d25_weighted_7011,35,0.25,True,astar_seeded,44,22,199.4,2193.44
g35_d25_weighted_7011,35,0.25,True,astar_seeded,44,23,199.4,2229.9933333333333
g35_d25_weighted_7011,35,0.25,True,astar_seeded,44,24,199.4,2152.9733333333334
g35_d25_weighted_7011,35,0.25,True,astar_seeded,44,25,199.4,2027.5283333333332
g35_d25_weighted_7011,35,0.25,True,astar_seeded,44,26,199.4,2005.1666666666667
g35_d25_weighted_7011,35,0.25,True,astar_seeded,44,27,199.4,2193.8933333333334
g35_d25_weighted_7011,35,0.25,True,astar_seeded,44,28,199.4,2219.2766666666666
g35_d25_weighted_7011,35,0.25,True,astar_seeded,44,29,199.4,2102.615
g35_d25_weighted_7011,35,0.25,True,astar_seeded,44,30,199.4,2138.8416666666667
g35_d25_weighted_7011,35,0.25,True,astar_seeded,44,31,199.4,2199.9016666666666
g35_d25_weighted_7011,35,0.25,True,astar_seeded,44,32,199.4,2131.6183333333333
g35_d25_weighted_7011,35,0.25,True,astar_seeded,44,33,199.4,2155.61
g35_d25_weighted_7011,35,0.25,True,astar_seeded,44,34,199.4,2049.5066666666667
g35_d25_weighted_7011,35,0.25,True,astar_seeded,44,35,199.4,2121.1983333333333
g35_d25_weighted_7011,35,0.25,True,astar_seeded,44,36,199.4,2201.4933333333333
g35_d25_weighted_7011,35,0.25,True,astar_seeded,44,37,199.4,2087.4066666666668
g35_d25_weighted_7011,35,0.25,True,astar_seeded,44,38,199.4,2004.2616666666665
g35_d25_weighted_7011,35,0.25,True,astar_seeded,44,39,199.4,2070.9216666666666
g35_d25_weighted_7011,35,0.25,True,astar_seeded,44,40,199.4,2223.701666666667
g35_d25_weighted_7011,35,0.25,True,astar_seeded,44,41,199.4,2240.3183333333336
g35_d25_weighted_7011,35,0.25,True,astar_seeded,44,42,199.4,2346.4683333333332
g35_d25_weighted_7011,35,0.25,True,astar_seeded,44,43,199.4,2320.01
g35_d25_weighted_7011,35,0.25,True,astar_seeded,44,44,199.4,2022.425
g35_d25_weighted_7011,35,0.25,True,astar_seeded,44,45,199.4,2271.21
g35_d25_weighted_7011,35,0.25,True,astar_seeded,44,46,199.4,2150.2233333333334
g35_d25_weighted_7011,35,0.25,True,astar_seeded,44,47,199.4,1925.355
g35_d25_weighted_7011,35,0.25,True,astar_seeded,44,48,199.4,1933.635
g35_d25_weighted_7011,35,0.25,True,astar_seeded,44,49,199.4,2129.5416666666665
g35_d25_weighted_7011,35,0.25,True,astar_seeded,44,50,199.4,2076.4100000000003
g35_d25_weighted_7011,35,0.25,True,astar_seeded,55,1,199.4,2777.93
g35_d25_weighted_7011,35,0.25,True,astar_seeded,55,2,199.4,2638.9883333333332
g35_d25_weighted_7011,35,0.25,True,astar_seeded,55,3,199.4,2450.713333333333
g35_d25_weighted_7011,35,0.25,True,astar_seeded,55,4,199.4,2409.3799999999997
g35_d25_weighted_7011,35,0.25,True,astar_seeded,55,5,199.4,2282.5299999999997
g35_d25_weighted_7011,35,0.25,True,astar_seeded,55,6,199.4,2227.1916666666666
g35_d25_weighted_7011,35,0.25,True,astar_seeded,55,7,199.4,2216.008333333333
g35_d25_weighted_7011,35,0.25,True,astar_seeded,55,8,199.4,2250.383333333333
g35_d25_weighted_7011,35,0.25,True,astar_seeded,55,9,199.4,2233.436666666667
g35_d25_weighted_7011,35,0.25,True,astar_seeded,55,10,199.4,2182.895
g35_d25_weighted_7011,35,0.25,True,astar_seeded,55,11,199.4,2149.496666666667
g35_d25_weighted_7011,35,0.25,True,astar_seeded,55,12,199.4,2087.7816666666668
g35_d25_weighted_7011,35,0.25,True,astar_seeded,55,13,199.4,2080.7283333333335
g35_d25_weighted_7011,35,0.25,True,astar_seeded,55,14,199.4,2138.298333333333
g35_d25_weighted_7011,35,0.25,True,astar_seeded,55,15,199.4,2233.86
g35_d25_weighted_7011,35,0.25,True,astar_seeded,55,16,199.4,2042.1516666666669
g35_d25_weighted_7011,35,0.25,True,astar_seeded,55,17,199.4,2185.6683333333335
g35_d25_weighted_7011,35,0.25,True,astar_seeded,55,18,199.4,2157.3733333333334
g35_d25_weighted_7011,35,0.25,True,astar_seeded,55,19,199.4,2236.185
g35_d25_weighted_7011,35,0.25,True,astar_seeded,55,20,199.4,2228.1433333333334
g35_d25_weighted_7011,35,0.25,True,astar_seeded,55,21,199.4,2114.5316666666668
g35_d25_weighted_7011,35,0.25,True,astar_seeded,55,22,199.4,2150.2566666666667
g35_d25_weighted_7011,35,0.25,True,astar_seeded,55,23,199.4,2126.6816666666664
g35_d25_weighted_7011,35,0.25,True,astar_seeded,55,24,199.4,2178.4266666666667
g35_d25_weighted_7011,35,0.25,True,astar_seeded,55,25,199.4,2224.451666666667
g35_d25_weighted_7011,35,0.25,True,astar_seeded,55,26,199.4,2203.0516666666667
g35_d25_weighted_7011,35,0.25,True,astar_seeded,55,27,199.4,2082.0666666666666
g35_d25_weighted_7011,35,0.25,True,astar_seeded,55,28,199.4,2064.2883333333334
g35_d25_weighted_7011,35,0.25,True,astar_seeded,55,29,199.4,2096.8216666666667
g35_d25_weighted_7011,35,0.25,True,astar_seeded,55,30,199.4,1976.29
g35_d25_weighted_7011,35,0.25,True,astar_seeded,55,31,199.4,2073.1866666666665
g35_d25_weighted_7011,35,0.25,True,astar_seeded,55,32,199.4,2156.826666666667
g35_d25_weighted_7011,35,0.25,True,astar_seeded,55,33,199.4,2154.385
g35_d25_weighted_7011,35,0.25,True,astar_seeded,55,34,199.4,2092.1933333333336
g35_d25_weighted_7011,35,0.25,True,astar_seeded,55,35,199.4,2245.4266666666667
g35_d25_weighted_7011,35,0.25,True,astar_seeded,55,36,199.4,2139.0416666666665
g35_d25_weighted_7011,35,0.25,True,astar_seeded,55,37,199.4,2204.5933333333332
g35_d25_weighted_7011,35,0.25,True,astar_seeded,55,38,199.4,2224.673333333333
g35_d25_weighted_7011,35,0.25,True,astar_seeded,55,39,199.4,2237.61
g35_d25_weighted_7011,35,0.25,True,astar_seeded,55,40,199.4,2253.601666666667
g35_d25_weighted_7011,35,0.25,True,astar_seeded,55,41,199.4,2244.826666666667
g35_d25_weighted_7011,35,0.25,True,astar_seeded,55,42,199.4,2134.3566666666666
g35_d25_weighted_7011,35,0.25,True,astar_seeded,55,43,199.4,2157.7566666666667
g35_d25_weighted_7011,35,0.25,True,astar_seeded,55,44,199.4,1995.8116666666667
g35_d25_weighted_7011,35,0.25,True,astar_seeded,55,45,199.4,2151.7183333333332
g35_d25_weighted_7011,35,0.25,True,astar_seeded,55,46,199.4,2064.4866666666667
g35_d25_weighted_7011,35,0.25,True,astar_seeded,55,47,199.4,2224.26
g35_d25_weighted_7011,35,0.25,True,astar_seeded,55,48,199.4,2251.6933333333336
g35_d25_weighted_7011,35,0.25,True,astar_seeded,55,49,199.4,2240.2316666666666
g35_d25_weighted_7011,35,0.25,True,astar_seeded,55,50,199.4,2265.015
